ts,page_id,bottle,site,url,in_stock,price,currency,price_krw
2026-09-22 00:18,3e26ba9a-b62d-816e-a6a9-cf5251c11c77,Laphroaig ラフロイグ 1991 34年 Whiskyland Chapter 23,rudder,https://theultimatespirits.jp/products/laphroaig-ラフロイグ-1991-34年-whiskyland-chapter-23,True,186120.0,JPY,1640294
2026-09-22 00:27,3e26ba9a-b62d-816e-a6a9-cf5251c11c77,Laphroaig ラフロイグ 1991 34年 Whiskyland Chapter 23,rudder,https://theultimatespirits.jp/products/laphroaig-ラフロイグ-1991-34年-whiskyland-chapter-23,True,186120.0,JPY,1640294
2026-09-22 00:30,3936ba9a-b62d-81ef-af94-f3c066281370,Laphroaig 1991 DeDr Whiskyland Chapter 23 700ml (48.3°),rudder,https://theultimatespirits.jp/products/laphroaig-ラフロイグ-1991-34年-whiskyland-chapter-23,True,186120.0,JPY,1640294
2026-09-22 01:04,3936ba9a-b62d-81ef-af94-f3c066281370,Laphroaig 1991 DeDr Whiskyland Chapter 23 700ml (48.3°),rudder,https://theultimatespirits.jp/products/laphroaig-ラフロイグ-1991-34年-whiskyland-chapter-23,True,186120.0,JPY,1640294
2026-09-22 05:24,3936ba9a-b62d-81ef-af94-f3c066281370,Laphroaig 1991 DeDr Whiskyland Chapter 23 700ml (48.3°),rudder,https://theultimatespirits.jp/products/laphroaig-ラフロイグ-1991-34年-whiskyland-chapter-23,True,186120.0,JPY,1640294
2026-09-22 09:03,3936ba9a-b62d-81ef-af94-f3c066281370,Laphroaig 1991 DeDr Whiskyland Chapter 23 700ml (48.3°),rudder,https://theultimatespirits.jp/products/laphroaig-ラフロイグ-1991-34年-whiskyland-chapter-23,True,186120.0,JPY,1640294
2026-09-22 13:26,3936ba9a-b62d-81ef-af94-f3c066281370,Laphroaig 1991 DeDr Whiskyland Chapter 23 700ml (48.3°),rudder,https://theultimatespirits.jp/products/laphroaig-ラフロイグ-1991-34年-whiskyland-chapter-23,True,186120.0,JPY,1640294
2026-09-22 13:46,3936ba9a-b62d-81ef-af94-f3c066281370,Laphroaig 1991 DeDr Whiskyland Chapter 23 700ml (48.3°),rudder,https://theultimatespirits.jp/products/laphroaig-ラフロイグ-1991-34年-whiskyland-chapter-23,True,186120.0,JPY,1640294
2026-09-22 15:53,3936ba9a-b62d-81ef-af94-f3c066281370,Laphroaig 1991 DeDr Whiskyland Chapter 23 700ml (48.3°),rudder,https://theultimatespirits.jp/products/laphroaig-ラフロイグ-1991-34年-whiskyland-chapter-23,True,186120.0,JPY,1640294
2026-09-22 16:11,3936ba9a-b62d-81ef-af94-f3c066281370,Laphroaig 1991 DeDr Whiskyland Chapter 23 700ml (48.3°),rudder,https://theultimatespirits.jp/products/laphroaig-ラフロイグ-1991-34年-whiskyland-chapter-23,True,186120.0,JPY,1640294
2026-09-22 16:41,3936ba9a-b62d-81ef-af94-f3c066281370,Laphroaig 1991 DeDr Whiskyland Chapter 23 700ml (48.3°),rudder,https://theultimatespirits.jp/products/laphroaig-ラフロイグ-1991-34年-whiskyland-chapter-23,True,186120.0,JPY,1640294
2026-09-22 16:51,3936ba9a-b62d-81ef-af94-f3c066281370,Laphroaig 1991 DeDr Whiskyland Chapter 23 700ml (48.3°),rudder,https://theultimatespirits.jp/products/laphroaig-ラフロイグ-1991-34年-whiskyland-chapter-23,True,186120.0,JPY,1640294
2026-09-22 17:01,3936ba9a-b62d-81ef-af94-f3c066281370,Laphroaig 1991 DeDr Whiskyland Chapter 23 700ml (48.3°),rudder,https://theultimatespirits.jp/products/laphroaig-ラフロイグ-1991-34年-whiskyland-chapter-23,True,186120.0,JPY,1640294
2026-09-22 17:11,3936ba9a-b62d-81ef-af94-f3c066281370,Laphroaig 1991 DeDr Whiskyland Chapter 23 700ml (48.3°),rudder,https://theultimatespirits.jp/products/laphroaig-ラフロイグ-1991-34年-whiskyland-chapter-23,True,186120.0,JPY,1640294
2026-09-22 17:21,3936ba9a-b62d-81ef-af94-f3c066281370,Laphroaig 1991 DeDr Whiskyland Chapter 23 700ml (48.3°),rudder,https://theultimatespirits.jp/products/laphroaig-ラフロイグ-1991-34年-whiskyland-chapter-23,True,186120.0,JPY,1640294
2026-09-22 17:31,3936ba9a-b62d-81ef-af94-f3c066281370,Laphroaig 1991 DeDr Whiskyland Chapter 23 700ml (48.3°),rudder,https://theultimatespirits.jp/products/laphroaig-ラフロイグ-1991-34年-whiskyland-chapter-23,True,186120.0,JPY,1640294
2026-09-22 17:41,3936ba9a-b62d-81ef-af94-f3c066281370,Laphroaig 1991 DeDr Whiskyland Chapter 23 700ml (48.3°),rudder,https://theultimatespirits.jp/products/laphroaig-ラフロイグ-1991-34年-whiskyland-chapter-23,True,186120.0,JPY,1640294
2026-09-22 17:51,3936ba9a-b62d-81ef-af94-f3c066281370,Laphroaig 1991 DeDr Whiskyland Chapter 23 700ml (48.3°),rudder,https://theultimatespirits.jp/products/laphroaig-ラフロイグ-1991-34年-whiskyland-chapter-23,True,186120.0,JPY,1640294
2026-09-22 18:01,3936ba9a-b62d-81ef-af94-f3c066281370,Laphroaig 1991 DeDr Whiskyland Chapter 23 700ml (48.3°),rudder,https://theultimatespirits.jp/products/laphroaig-ラフロイグ-1991-34年-whiskyland-chapter-23,True,186120.0,JPY,1640294
2026-09-22 18:11,3936ba9a-b62d-81ef-af94-f3c066281370,Laphroaig 1991 DeDr Whiskyland Chapter 23 700ml (48.3°),rudder,https://theultimatespirits.jp/products/laphroaig-ラフロイグ-1991-34年-whiskyland-chapter-23,True,186120.0,JPY,1640294
2026-09-22 18:21,3936ba9a-b62d-81ef-af94-f3c066281370,Laphroaig 1991 DeDr Whiskyland Chapter 23 700ml (48.3°),rudder,https://theultimatespirits.jp/products/laphroaig-ラフロイグ-1991-34年-whiskyland-chapter-23,True,186120.0,JPY,1640294
2026-09-22 18:31,3936ba9a-b62d-81ef-af94-f3c066281370,Laphroaig 1991 DeDr Whiskyland Chapter 23 700ml (48.3°),rudder,https://theultimatespirits.jp/products/laphroaig-ラフロイグ-1991-34年-whiskyland-chapter-23,True,186120.0,JPY,1640294
2026-09-22 18:50,3936ba9a-b62d-81ef-af94-f3c066281370,Laphroaig 1991 DeDr Whiskyland Chapter 23 700ml (48.3°),rudder,https://theultimatespirits.jp/products/laphroaig-ラフロイグ-1991-34年-whiskyland-chapter-23,True,186120.0,JPY,1640294
2026-09-22 18:54,3936ba9a-b62d-81ef-af94-f3c066281370,Laphroaig 1991 DeDr Whiskyland Chapter 23 700ml (48.3°),rudder,https://theultimatespirits.jp/products/laphroaig-ラフロイグ-1991-34年-whiskyland-chapter-23,True,186120.0,JPY,1640294
2026-09-22 19:05,3936ba9a-b62d-81ef-af94-f3c066281370,Laphroaig 1991 DeDr Whiskyland Chapter 23 700ml (48.3°),rudder,https://theultimatespirits.jp/products/laphroaig-ラフロイグ-1991-34年-whiskyland-chapter-23,True,186120.0,JPY,1640294
2026-09-22 20:11,3936ba9a-b62d-81ef-af94-f3c066281370,Laphroaig 1991 DeDr Whiskyland Chapter 23 700ml (48.3°),rudder,https://theultimatespirits.jp/products/laphroaig-ラフロイグ-1991-34年-whiskyland-chapter-23,True,186120.0,JPY,1640294
2026-09-22 21:00,3936ba9a-b62d-81ef-af94-f3c066281370,Laphroaig 1991 DeDr Whiskyland Chapter 23 700ml (48.3°),rudder,https://theultimatespirits.jp/products/laphroaig-ラフロイグ-1991-34年-whiskyland-chapter-23,True,186120.0,JPY,1640294
2026-09-22 22:11,3936ba9a-b62d-81ef-af94-f3c066281370,Laphroaig 1991 DeDr Whiskyland Chapter 23 700ml (48.3°),rudder,https://theultimatespirits.jp/products/laphroaig-ラフロイグ-1991-34年-whiskyland-chapter-23,True,186120.0,JPY,1640294
2026-09-23 00:11,3936ba9a-b62d-81ef-af94-f3c066281370,Laphroaig 1991 DeDr Whiskyland Chapter 23 700ml (48.3°),rudder,https://theultimatespirits.jp/products/laphroaig-ラフロイグ-1991-34年-whiskyland-chapter-23,True,186120.0,JPY,1627471
2026-09-23 02:11,3936ba9a-b62d-81ef-af94-f3c066281370,Laphroaig 1991 DeDr Whiskyland Chapter 23 700ml (48.3°),rudder,https://theultimatespirits.jp/products/laphroaig-ラフロイグ-1991-34年-whiskyland-chapter-23,True,186120.0,JPY,1627471
2026-09-23 02:13,3936ba9a-b62d-81ef-af94-f3c066281370,Laphroaig 1991 DeDr Whiskyland Chapter 23 700ml (48.3°),rudder,https://theultimatespirits.jp/products/laphroaig-ラフロイグ-1991-34年-whiskyland-chapter-23,True,186120.0,JPY,1627471
2026-09-23 04:11,3936ba9a-b62d-81ef-af94-f3c066281370,Laphroaig 1991 DeDr Whiskyland Chapter 23 700ml (48.3°),rudder,https://theultimatespirits.jp/products/laphroaig-ラフロイグ-1991-34年-whiskyland-chapter-23,True,186120.0,JPY,1627471
2026-09-23 06:11,3936ba9a-b62d-81ef-af94-f3c066281370,Laphroaig 1991 DeDr Whiskyland Chapter 23 700ml (48.3°),rudder,https://theultimatespirits.jp/products/laphroaig-ラフロイグ-1991-34年-whiskyland-chapter-23,True,186120.0,JPY,1627471
2026-09-23 06:38,3936ba9a-b62d-81ef-af94-f3c066281370,Laphroaig 1991 DeDr Whiskyland Chapter 23 700ml (48.3°),rudder,https://theultimatespirits.jp/products/laphroaig-ラフロイグ-1991-34年-whiskyland-chapter-23,True,186120.0,JPY,1627471
2026-09-23 08:11,3936ba9a-b62d-81ef-af94-f3c066281370,Laphroaig 1991 DeDr Whiskyland Chapter 23 700ml (48.3°),rudder,https://theultimatespirits.jp/products/laphroaig-ラフロイグ-1991-34年-whiskyland-chapter-23,True,186120.0,JPY,1627471
2026-09-23 10:11,3936ba9a-b62d-81ef-af94-f3c066281370,Laphroaig 1991 DeDr Whiskyland Chapter 23 700ml (48.3°),rudder,https://theultimatespirits.jp/products/laphroaig-ラフロイグ-1991-34年-whiskyland-chapter-23,True,186120.0,JPY,1627471
2026-09-23 12:11,3936ba9a-b62d-81ef-af94-f3c066281370,Laphroaig 1991 DeDr Whiskyland Chapter 23 700ml (48.3°),rudder,https://theultimatespirits.jp/products/laphroaig-ラフロイグ-1991-34年-whiskyland-chapter-23,True,186120.0,JPY,1627471
2026-09-23 14:06,3936ba9a-b62d-81ef-af94-f3c066281370,Laphroaig 1991 DeDr Whiskyland Chapter 23 700ml (48.3°),rudder,https://theultimatespirits.jp/products/laphroaig-ラフロイグ-1991-34年-whiskyland-chapter-23,True,186120.0,JPY,1627471
2026-09-23 14:11,3936ba9a-b62d-81ef-af94-f3c066281370,Laphroaig 1991 DeDr Whiskyland Chapter 23 700ml (48.3°),rudder,https://theultimatespirits.jp/products/laphroaig-ラフロイグ-1991-34年-whiskyland-chapter-23,True,186120.0,JPY,1627471
2026-09-23 16:11,3936ba9a-b62d-81ef-af94-f3c066281370,Laphroaig 1991 DeDr Whiskyland Chapter 23 700ml (48.3°),rudder,https://theultimatespirits.jp/products/laphroaig-ラフロイグ-1991-34年-whiskyland-chapter-23,True,186120.0,JPY,1627471
2026-09-23 16:41,3936ba9a-b62d-81ef-af94-f3c066281370,Laphroaig 1991 DeDr Whiskyland Chapter 23 700ml (48.3°),rudder,https://theultimatespirits.jp/products/laphroaig-ラフロイグ-1991-34年-whiskyland-chapter-23,True,186120.0,JPY,1627471
2026-09-23 16:51,3936ba9a-b62d-81ef-af94-f3c066281370,Laphroaig 1991 DeDr Whiskyland Chapter 23 700ml (48.3°),rudder,https://theultimatespirits.jp/products/laphroaig-ラフロイグ-1991-34年-whiskyland-chapter-23,True,186120.0,JPY,1627471
2026-09-23 17:01,3936ba9a-b62d-81ef-af94-f3c066281370,Laphroaig 1991 DeDr Whiskyland Chapter 23 700ml (48.3°),rudder,https://theultimatespirits.jp/products/laphroaig-ラフロイグ-1991-34年-whiskyland-chapter-23,True,186120.0,JPY,1627471
2026-09-23 17:11,3936ba9a-b62d-81ef-af94-f3c066281370,Laphroaig 1991 DeDr Whiskyland Chapter 23 700ml (48.3°),rudder,https://theultimatespirits.jp/products/laphroaig-ラフロイグ-1991-34年-whiskyland-chapter-23,True,186120.0,JPY,1627471
2026-09-23 17:21,3936ba9a-b62d-81ef-af94-f3c066281370,Laphroaig 1991 DeDr Whiskyland Chapter 23 700ml (48.3°),rudder,https://theultimatespirits.jp/products/laphroaig-ラフロイグ-1991-34年-whiskyland-chapter-23,True,186120.0,JPY,1627471
2026-09-23 17:31,3936ba9a-b62d-81ef-af94-f3c066281370,Laphroaig 1991 DeDr Whiskyland Chapter 23 700ml (48.3°),rudder,https://theultimatespirits.jp/products/laphroaig-ラフロイグ-1991-34年-whiskyland-chapter-23,True,186120.0,JPY,1627471
2026-09-23 17:41,3936ba9a-b62d-81ef-af94-f3c066281370,Laphroaig 1991 DeDr Whiskyland Chapter 23 700ml (48.3°),rudder,https://theultimatespirits.jp/products/laphroaig-ラフロイグ-1991-34年-whiskyland-chapter-23,True,186120.0,JPY,1627471
2026-09-23 17:51,3936ba9a-b62d-81ef-af94-f3c066281370,Laphroaig 1991 DeDr Whiskyland Chapter 23 700ml (48.3°),rudder,https://theultimatespirits.jp/products/laphroaig-ラフロイグ-1991-34年-whiskyland-chapter-23,True,186120.0,JPY,1627471
2026-09-23 18:01,3936ba9a-b62d-81ef-af94-f3c066281370,Laphroaig 1991 DeDr Whiskyland Chapter 23 700ml (48.3°),rudder,https://theultimatespirits.jp/products/laphroaig-ラフロイグ-1991-34年-whiskyland-chapter-23,True,186120.0,JPY,1627471
2026-09-23 18:11,3936ba9a-b62d-81ef-af94-f3c066281370,Laphroaig 1991 DeDr Whiskyland Chapter 23 700ml (48.3°),rudder,https://theultimatespirits.jp/products/laphroaig-ラフロイグ-1991-34年-whiskyland-chapter-23,True,186120.0,JPY,1627471
2026-09-23 18:21,3936ba9a-b62d-81ef-af94-f3c066281370,Laphroaig 1991 DeDr Whiskyland Chapter 23 700ml (48.3°),rudder,https://theultimatespirits.jp/products/laphroaig-ラフロイグ-1991-34年-whiskyland-chapter-23,True,186120.0,JPY,1627471
2026-09-23 18:31,3936ba9a-b62d-81ef-af94-f3c066281370,Laphroaig 1991 DeDr Whiskyland Chapter 23 700ml (48.3°),rudder,https://theultimatespirits.jp/products/laphroaig-ラフロイグ-1991-34年-whiskyland-chapter-23,True,186120.0,JPY,1627471
2026-09-23 20:11,3936ba9a-b62d-81ef-af94-f3c066281370,Laphroaig 1991 DeDr Whiskyland Chapter 23 700ml (48.3°),rudder,https://theultimatespirits.jp/products/laphroaig-ラフロイグ-1991-34年-whiskyland-chapter-23,True,186120.0,JPY,1627471
2026-09-23 21:03,3936ba9a-b62d-81ef-af94-f3c066281370,Laphroaig 1991 DeDr Whiskyland Chapter 23 700ml (48.3°),rudder,https://theultimatespirits.jp/products/laphroaig-ラフロイグ-1991-34年-whiskyland-chapter-23,True,186120.0,JPY,1627471
2026-09-23 22:11,3936ba9a-b62d-81ef-af94-f3c066281370,Laphroaig 1991 DeDr Whiskyland Chapter 23 700ml (48.3°),rudder,https://theultimatespirits.jp/products/laphroaig-ラフロイグ-1991-34年-whiskyland-chapter-23,True,186120.0,JPY,1627471
2026-09-23 22:25,3936ba9a-b62d-81ef-af94-f3c066281370,Laphroaig 1991 DeDr Whiskyland Chapter 23 700ml (48.3°),rudder,https://theultimatespirits.jp/products/laphroaig-ラフロイグ-1991-34年-whiskyland-chapter-23,True,186120.0,JPY,1627471
2026-09-23 22:28,3936ba9a-b62d-81ef-af94-f3c066281370,Laphroaig 1991 DeDr Whiskyland Chapter 23 700ml (48.3°),rudder,https://theultimatespirits.jp/products/laphroaig-ラフロイグ-1991-34年-whiskyland-chapter-23,True,186120.0,JPY,1627471
2026-09-23 22:55,3936ba9a-b62d-81ef-af94-f3c066281370,Laphroaig 1991 DeDr Whiskyland Chapter 23 700ml (48.3°),rudder,https://theultimatespirits.jp/products/laphroaig-ラフロイグ-1991-34年-whiskyland-chapter-23,True,186120.0,JPY,1606997
2026-09-24 00:11,3936ba9a-b62d-81ef-af94-f3c066281370,Laphroaig 1991 DeDr Whiskyland Chapter 23 700ml (48.3°),rudder,https://theultimatespirits.jp/products/laphroaig-ラフロイグ-1991-34年-whiskyland-chapter-23,True,186120.0,JPY,1606997
2026-09-24 02:11,3936ba9a-b62d-81ef-af94-f3c066281370,Laphroaig 1991 DeDr Whiskyland Chapter 23 700ml (48.3°),rudder,https://theultimatespirits.jp/products/laphroaig-ラフロイグ-1991-34年-whiskyland-chapter-23,True,186120.0,JPY,1606997
2026-09-24 02:25,3936ba9a-b62d-81ef-af94-f3c066281370,Laphroaig 1991 DeDr Whiskyland Chapter 23 700ml (48.3°),rudder,https://theultimatespirits.jp/products/laphroaig-ラフロイグ-1991-34年-whiskyland-chapter-23,True,186120.0,JPY,1606997
2026-09-24 04:11,3936ba9a-b62d-81ef-af94-f3c066281370,Laphroaig 1991 DeDr Whiskyland Chapter 23 700ml (48.3°),rudder,https://theultimatespirits.jp/products/laphroaig-ラフロイグ-1991-34年-whiskyland-chapter-23,True,186120.0,JPY,1606997
2026-09-24 05:59,3936ba9a-b62d-81ef-af94-f3c066281370,Laphroaig 1991 DeDr Whiskyland Chapter 23 700ml (48.3°),rudder,https://theultimatespirits.jp/products/laphroaig-ラフロイグ-1991-34年-whiskyland-chapter-23,True,186120.0,JPY,1606997
2026-09-24 06:11,3936ba9a-b62d-81ef-af94-f3c066281370,Laphroaig 1991 DeDr Whiskyland Chapter 23 700ml (48.3°),rudder,https://theultimatespirits.jp/products/laphroaig-ラフロイグ-1991-34年-whiskyland-chapter-23,True,186120.0,JPY,1606997
2026-09-24 06:43,3936ba9a-b62d-81ef-af94-f3c066281370,Laphroaig 1991 DeDr Whiskyland Chapter 23 700ml (48.3°),rudder,https://theultimatespirits.jp/products/laphroaig-ラフロイグ-1991-34年-whiskyland-chapter-23,True,186120.0,JPY,1606997
2026-09-24 08:11,3936ba9a-b62d-81ef-af94-f3c066281370,Laphroaig 1991 DeDr Whiskyland Chapter 23 700ml (48.3°),rudder,https://theultimatespirits.jp/products/laphroaig-ラフロイグ-1991-34年-whiskyland-chapter-23,True,186120.0,JPY,1606997
2026-09-24 10:11,3936ba9a-b62d-81ef-af94-f3c066281370,Laphroaig 1991 DeDr Whiskyland Chapter 23 700ml (48.3°),rudder,https://theultimatespirits.jp/products/laphroaig-ラフロイグ-1991-34年-whiskyland-chapter-23,True,186120.0,JPY,1606997
2026-09-24 12:11,3936ba9a-b62d-81ef-af94-f3c066281370,Laphroaig 1991 DeDr Whiskyland Chapter 23 700ml (48.3°),rudder,https://theultimatespirits.jp/products/laphroaig-ラフロイグ-1991-34年-whiskyland-chapter-23,True,186120.0,JPY,1606997
2026-09-24 14:11,3936ba9a-b62d-81ef-af94-f3c066281370,Laphroaig 1991 DeDr Whiskyland Chapter 23 700ml (48.3°),rudder,https://theultimatespirits.jp/products/laphroaig-ラフロイグ-1991-34年-whiskyland-chapter-23,True,186120.0,JPY,1606997
2026-09-24 14:17,3936ba9a-b62d-81ef-af94-f3c066281370,Laphroaig 1991 DeDr Whiskyland Chapter 23 700ml (48.3°),rudder,https://theultimatespirits.jp/products/laphroaig-ラフロイグ-1991-34年-whiskyland-chapter-23,True,186120.0,JPY,1606997
2026-09-24 16:11,3936ba9a-b62d-81ef-af94-f3c066281370,Laphroaig 1991 DeDr Whiskyland Chapter 23 700ml (48.3°),rudder,https://theultimatespirits.jp/products/laphroaig-ラフロイグ-1991-34年-whiskyland-chapter-23,True,186120.0,JPY,1606997
2026-09-24 16:41,3936ba9a-b62d-81ef-af94-f3c066281370,Laphroaig 1991 DeDr Whiskyland Chapter 23 700ml (48.3°),rudder,https://theultimatespirits.jp/products/laphroaig-ラフロイグ-1991-34年-whiskyland-chapter-23,True,186120.0,JPY,1606997
2026-09-24 16:51,3936ba9a-b62d-81ef-af94-f3c066281370,Laphroaig 1991 DeDr Whiskyland Chapter 23 700ml (48.3°),rudder,https://theultimatespirits.jp/products/laphroaig-ラフロイグ-1991-34年-whiskyland-chapter-23,True,186120.0,JPY,1606997
2026-09-24 17:01,3936ba9a-b62d-81ef-af94-f3c066281370,Laphroaig 1991 DeDr Whiskyland Chapter 23 700ml (48.3°),rudder,https://theultimatespirits.jp/products/laphroaig-ラフロイグ-1991-34年-whiskyland-chapter-23,True,186120.0,JPY,1606997
2026-09-24 17:11,3936ba9a-b62d-81ef-af94-f3c066281370,Laphroaig 1991 DeDr Whiskyland Chapter 23 700ml (48.3°),rudder,https://theultimatespirits.jp/products/laphroaig-ラフロイグ-1991-34年-whiskyland-chapter-23,True,186120.0,JPY,1606997
2026-09-24 17:21,3936ba9a-b62d-81ef-af94-f3c066281370,Laphroaig 1991 DeDr Whiskyland Chapter 23 700ml (48.3°),rudder,https://theultimatespirits.jp/products/laphroaig-ラフロイグ-1991-34年-whiskyland-chapter-23,True,186120.0,JPY,1606997
2026-09-24 17:31,3936ba9a-b62d-81ef-af94-f3c066281370,Laphroaig 1991 DeDr Whiskyland Chapter 23 700ml (48.3°),rudder,https://theultimatespirits.jp/products/laphroaig-ラフロイグ-1991-34年-whiskyland-chapter-23,True,186120.0,JPY,1606997
2026-09-24 17:41,3936ba9a-b62d-81ef-af94-f3c066281370,Laphroaig 1991 DeDr Whiskyland Chapter 23 700ml (48.3°),rudder,https://theultimatespirits.jp/products/laphroaig-ラフロイグ-1991-34年-whiskyland-chapter-23,True,186120.0,JPY,1606997
2026-09-24 17:51,3936ba9a-b62d-81ef-af94-f3c066281370,Laphroaig 1991 DeDr Whiskyland Chapter 23 700ml (48.3°),rudder,https://theultimatespirits.jp/products/laphroaig-ラフロイグ-1991-34年-whiskyland-chapter-23,True,186120.0,JPY,1606997
2026-09-24 18:01,3936ba9a-b62d-81ef-af94-f3c066281370,Laphroaig 1991 DeDr Whiskyland Chapter 23 700ml (48.3°),rudder,https://theultimatespirits.jp/products/laphroaig-ラフロイグ-1991-34年-whiskyland-chapter-23,True,186120.0,JPY,1606997
2026-09-24 18:11,3936ba9a-b62d-81ef-af94-f3c066281370,Laphroaig 1991 DeDr Whiskyland Chapter 23 700ml (48.3°),rudder,https://theultimatespirits.jp/products/laphroaig-ラフロイグ-1991-34年-whiskyland-chapter-23,True,186120.0,JPY,1606997
2026-09-24 18:21,3936ba9a-b62d-81ef-af94-f3c066281370,Laphroaig 1991 DeDr Whiskyland Chapter 23 700ml (48.3°),rudder,https://theultimatespirits.jp/products/laphroaig-ラフロイグ-1991-34年-whiskyland-chapter-23,True,186120.0,JPY,1606997
2026-09-24 18:31,3936ba9a-b62d-81ef-af94-f3c066281370,Laphroaig 1991 DeDr Whiskyland Chapter 23 700ml (48.3°),rudder,https://theultimatespirits.jp/products/laphroaig-ラフロイグ-1991-34年-whiskyland-chapter-23,True,186120.0,JPY,1606997
2026-09-24 20:11,3936ba9a-b62d-81ef-af94-f3c066281370,Laphroaig 1991 DeDr Whiskyland Chapter 23 700ml (48.3°),rudder,https://theultimatespirits.jp/products/laphroaig-ラフロイグ-1991-34年-whiskyland-chapter-23,True,186120.0,JPY,1606997
2026-09-24 21:08,3936ba9a-b62d-81ef-af94-f3c066281370,Laphroaig 1991 DeDr Whiskyland Chapter 23 700ml (48.3°),rudder,https://theultimatespirits.jp/products/laphroaig-ラフロイグ-1991-34年-whiskyland-chapter-23,True,186120.0,JPY,1606997
2026-09-24 22:11,3936ba9a-b62d-81ef-af94-f3c066281370,Laphroaig 1991 DeDr Whiskyland Chapter 23 700ml (48.3°),rudder,https://theultimatespirits.jp/products/laphroaig-ラフロイグ-1991-34年-whiskyland-chapter-23,True,186120.0,JPY,1606997
2026-09-25 00:06,3936ba9a-b62d-81ef-af94-f3c066281370,Laphroaig 1991 DeDr Whiskyland Chapter 23 700ml (48.3°),rudder,https://theultimatespirits.jp/products/laphroaig-ラフロイグ-1991-34年-whiskyland-chapter-23,True,186120.0,JPY,1607444
2026-09-25 00:11,3936ba9a-b62d-81ef-af94-f3c066281370,Laphroaig 1991 DeDr Whiskyland Chapter 23 700ml (48.3°),rudder,https://theultimatespirits.jp/products/laphroaig-ラフロイグ-1991-34年-whiskyland-chapter-23,True,186120.0,JPY,1607444
2026-09-25 02:11,3936ba9a-b62d-81ef-af94-f3c066281370,Laphroaig 1991 DeDr Whiskyland Chapter 23 700ml (48.3°),rudder,https://theultimatespirits.jp/products/laphroaig-ラフロイグ-1991-34年-whiskyland-chapter-23,True,186120.0,JPY,1607444
2026-09-25 02:30,3936ba9a-b62d-81ef-af94-f3c066281370,Laphroaig 1991 DeDr Whiskyland Chapter 23 700ml (48.3°),rudder,https://theultimatespirits.jp/products/laphroaig-ラフロイグ-1991-34年-whiskyland-chapter-23,True,186120.0,JPY,1607444
2026-09-25 04:11,3936ba9a-b62d-81ef-af94-f3c066281370,Laphroaig 1991 DeDr Whiskyland Chapter 23 700ml (48.3°),rudder,https://theultimatespirits.jp/products/laphroaig-ラフロイグ-1991-34年-whiskyland-chapter-23,True,186120.0,JPY,1607444
2026-09-25 06:11,3936ba9a-b62d-81ef-af94-f3c066281370,Laphroaig 1991 DeDr Whiskyland Chapter 23 700ml (48.3°),rudder,https://theultimatespirits.jp/products/laphroaig-ラフロイグ-1991-34年-whiskyland-chapter-23,True,186120.0,JPY,1607444
2026-09-25 06:44,3936ba9a-b62d-81ef-af94-f3c066281370,Laphroaig 1991 DeDr Whiskyland Chapter 23 700ml (48.3°),rudder,https://theultimatespirits.jp/products/laphroaig-ラフロイグ-1991-34年-whiskyland-chapter-23,True,186120.0,JPY,1607444
2026-09-25 08:11,3936ba9a-b62d-81ef-af94-f3c066281370,Laphroaig 1991 DeDr Whiskyland Chapter 23 700ml (48.3°),rudder,https://theultimatespirits.jp/products/laphroaig-ラフロイグ-1991-34年-whiskyland-chapter-23,True,186120.0,JPY,1607444
2026-09-25 10:11,3936ba9a-b62d-81ef-af94-f3c066281370,Laphroaig 1991 DeDr Whiskyland Chapter 23 700ml (48.3°),rudder,https://theultimatespirits.jp/products/laphroaig-ラフロイグ-1991-34年-whiskyland-chapter-23,True,186120.0,JPY,1607444
2026-09-25 12:11,3936ba9a-b62d-81ef-af94-f3c066281370,Laphroaig 1991 DeDr Whiskyland Chapter 23 700ml (48.3°),rudder,https://theultimatespirits.jp/products/laphroaig-ラフロイグ-1991-34年-whiskyland-chapter-23,True,186120.0,JPY,1607444
2026-09-25 14:11,3936ba9a-b62d-81ef-af94-f3c066281370,Laphroaig 1991 DeDr Whiskyland Chapter 23 700ml (48.3°),rudder,https://theultimatespirits.jp/products/laphroaig-ラフロイグ-1991-34年-whiskyland-chapter-23,True,186120.0,JPY,1607444
2026-09-25 14:18,3936ba9a-b62d-81ef-af94-f3c066281370,Laphroaig 1991 DeDr Whiskyland Chapter 23 700ml (48.3°),rudder,https://theultimatespirits.jp/products/laphroaig-ラフロイグ-1991-34年-whiskyland-chapter-23,True,186120.0,JPY,1607444
2026-09-25 15:20,3936ba9a-b62d-81ef-af94-f3c066281370,Laphroaig 1991 DeDr Whiskyland Chapter 23 700ml (48.3°),rudder,https://theultimatespirits.jp/products/laphroaig-ラフロイグ-1991-34年-whiskyland-chapter-23,True,186120.0,JPY,1607444
2026-09-25 15:35,3936ba9a-b62d-81ef-af94-f3c066281370,Laphroaig 1991 DeDr Whiskyland Chapter 23 700ml (48.3°),rudder,https://theultimatespirits.jp/products/laphroaig-ラフロイグ-1991-34年-whiskyland-chapter-23,True,186120.0,JPY,1607444
2026-09-25 15:47,3936ba9a-b62d-81ef-af94-f3c066281370,Laphroaig 1991 DeDr Whiskyland Chapter 23 700ml (48.3°),rudder,https://theultimatespirits.jp/products/laphroaig-ラフロイグ-1991-34年-whiskyland-chapter-23,True,186120.0,JPY,1607444
2026-09-25 15:52,3936ba9a-b62d-81ef-af94-f3c066281370,Laphroaig 1991 DeDr Whiskyland Chapter 23 700ml (48.3°),rudder,https://theultimatespirits.jp/products/laphroaig-ラフロイグ-1991-34年-whiskyland-chapter-23,True,186120.0,JPY,1607444
2026-09-25 15:53,3936ba9a-b62d-81ef-af94-f3c066281370,Laphroaig 1991 DeDr Whiskyland Chapter 23 700ml (48.3°),rudder,https://theultimatespirits.jp/products/laphroaig-ラフロイグ-1991-34年-whiskyland-chapter-23,True,186120.0,JPY,1607444
2026-09-25 15:54,3936ba9a-b62d-81ef-af94-f3c066281370,Laphroaig 1991 DeDr Whiskyland Chapter 23 700ml (48.3°),rudder,https://theultimatespirits.jp/products/laphroaig-ラフロイグ-1991-34年-whiskyland-chapter-23,True,186120.0,JPY,1607444
2026-09-25 16:10,3936ba9a-b62d-81ef-af94-f3c066281370,Laphroaig 1991 DeDr Whiskyland Chapter 23 700ml (48.3°),rudder,https://theultimatespirits.jp/products/laphroaig-ラフロイグ-1991-34年-whiskyland-chapter-23,True,186120.0,JPY,1607444
2026-09-25 16:26,3936ba9a-b62d-81ef-af94-f3c066281370,Laphroaig 1991 DeDr Whiskyland Chapter 23 700ml (48.3°),rudder,https://theultimatespirits.jp/products/laphroaig-ラフロイグ-1991-34年-whiskyland-chapter-23,True,186120.0,JPY,1607444
2026-09-25 16:30,3936ba9a-b62d-81ef-af94-f3c066281370,Laphroaig 1991 DeDr Whiskyland Chapter 23 700ml (48.3°),rudder,https://theultimatespirits.jp/products/laphroaig-ラフロイグ-1991-34年-whiskyland-chapter-23,True,186120.0,JPY,1607444
2026-09-25 16:40,3936ba9a-b62d-81ef-af94-f3c066281370,Laphroaig 1991 DeDr Whiskyland Chapter 23 700ml (48.3°),rudder,https://theultimatespirits.jp/products/laphroaig-ラフロイグ-1991-34年-whiskyland-chapter-23,True,186120.0,JPY,1607444
2026-09-25 16:50,3936ba9a-b62d-81ef-af94-f3c066281370,Laphroaig 1991 DeDr Whiskyland Chapter 23 700ml (48.3°),rudder,https://theultimatespirits.jp/products/laphroaig-ラフロイグ-1991-34年-whiskyland-chapter-23,True,186120.0,JPY,1607444
2026-09-25 17:00,3936ba9a-b62d-81ef-af94-f3c066281370,Laphroaig 1991 DeDr Whiskyland Chapter 23 700ml (48.3°),rudder,https://theultimatespirits.jp/products/laphroaig-ラフロイグ-1991-34年-whiskyland-chapter-23,True,186120.0,JPY,1607444
2026-09-25 17:10,3936ba9a-b62d-81ef-af94-f3c066281370,Laphroaig 1991 DeDr Whiskyland Chapter 23 700ml (48.3°),rudder,https://theultimatespirits.jp/products/laphroaig-ラフロイグ-1991-34年-whiskyland-chapter-23,True,186120.0,JPY,1607444
2026-09-25 17:20,3936ba9a-b62d-81ef-af94-f3c066281370,Laphroaig 1991 DeDr Whiskyland Chapter 23 700ml (48.3°),rudder,https://theultimatespirits.jp/products/laphroaig-ラフロイグ-1991-34年-whiskyland-chapter-23,True,186120.0,JPY,1607444
2026-09-25 17:30,3936ba9a-b62d-81ef-af94-f3c066281370,Laphroaig 1991 DeDr Whiskyland Chapter 23 700ml (48.3°),rudder,https://theultimatespirits.jp/products/laphroaig-ラフロイグ-1991-34年-whiskyland-chapter-23,True,186120.0,JPY,1607444
2026-09-25 17:40,3936ba9a-b62d-81ef-af94-f3c066281370,Laphroaig 1991 DeDr Whiskyland Chapter 23 700ml (48.3°),rudder,https://theultimatespirits.jp/products/laphroaig-ラフロイグ-1991-34年-whiskyland-chapter-23,True,186120.0,JPY,1607444
2026-09-25 17:50,3936ba9a-b62d-81ef-af94-f3c066281370,Laphroaig 1991 DeDr Whiskyland Chapter 23 700ml (48.3°),rudder,https://theultimatespirits.jp/products/laphroaig-ラフロイグ-1991-34年-whiskyland-chapter-23,True,186120.0,JPY,1607444
2026-09-25 18:01,3936ba9a-b62d-81ef-af94-f3c066281370,Laphroaig 1991 DeDr Whiskyland Chapter 23 700ml (48.3°),rudder,https://theultimatespirits.jp/products/laphroaig-ラフロイグ-1991-34年-whiskyland-chapter-23,True,186120.0,JPY,1607444
2026-09-25 18:10,3936ba9a-b62d-81ef-af94-f3c066281370,Laphroaig 1991 DeDr Whiskyland Chapter 23 700ml (48.3°),rudder,https://theultimatespirits.jp/products/laphroaig-ラフロイグ-1991-34年-whiskyland-chapter-23,True,186120.0,JPY,1607444
2026-09-25 18:20,3936ba9a-b62d-81ef-af94-f3c066281370,Laphroaig 1991 DeDr Whiskyland Chapter 23 700ml (48.3°),rudder,https://theultimatespirits.jp/products/laphroaig-ラフロイグ-1991-34年-whiskyland-chapter-23,True,186120.0,JPY,1607444
2026-09-25 18:30,3936ba9a-b62d-81ef-af94-f3c066281370,Laphroaig 1991 DeDr Whiskyland Chapter 23 700ml (48.3°),rudder,https://theultimatespirits.jp/products/laphroaig-ラフロイグ-1991-34年-whiskyland-chapter-23,True,186120.0,JPY,1607444
2026-09-25 18:57,3936ba9a-b62d-81ef-af94-f3c066281370,Laphroaig 1991 DeDr Whiskyland Chapter 23 700ml (48.3°),rudder,https://theultimatespirits.jp/products/laphroaig-ラフロイグ-1991-34年-whiskyland-chapter-23,True,186120.0,JPY,1607444
2026-09-25 20:10,3936ba9a-b62d-81ef-af94-f3c066281370,Laphroaig 1991 DeDr Whiskyland Chapter 23 700ml (48.3°),rudder,https://theultimatespirits.jp/products/laphroaig-ラフロイグ-1991-34年-whiskyland-chapter-23,True,186120.0,JPY,1607444
2026-09-25 21:07,3936ba9a-b62d-81ef-af94-f3c066281370,Laphroaig 1991 DeDr Whiskyland Chapter 23 700ml (48.3°),rudder,https://theultimatespirits.jp/products/laphroaig-ラフロイグ-1991-34年-whiskyland-chapter-23,True,186120.0,JPY,1607444
2026-09-25 22:11,3936ba9a-b62d-81ef-af94-f3c066281370,Laphroaig 1991 DeDr Whiskyland Chapter 23 700ml (48.3°),rudder,https://theultimatespirits.jp/products/laphroaig-ラフロイグ-1991-34年-whiskyland-chapter-23,True,186120.0,JPY,1607444
2026-09-26 00:10,3936ba9a-b62d-81ef-af94-f3c066281370,Laphroaig 1991 DeDr Whiskyland Chapter 23 700ml (48.3°),rudder,https://theultimatespirits.jp/products/laphroaig-ラフロイグ-1991-34年-whiskyland-chapter-23,True,186120.0,JPY,1606011
2026-09-26 02:10,3936ba9a-b62d-81ef-af94-f3c066281370,Laphroaig 1991 DeDr Whiskyland Chapter 23 700ml (48.3°),rudder,https://theultimatespirits.jp/products/laphroaig-ラフロイグ-1991-34年-whiskyland-chapter-23,True,186120.0,JPY,1606011
2026-09-26 02:30,3936ba9a-b62d-81ef-af94-f3c066281370,Laphroaig 1991 DeDr Whiskyland Chapter 23 700ml (48.3°),rudder,https://theultimatespirits.jp/products/laphroaig-ラフロイグ-1991-34年-whiskyland-chapter-23,True,186120.0,JPY,1606011
2026-09-26 04:10,3936ba9a-b62d-81ef-af94-f3c066281370,Laphroaig 1991 DeDr Whiskyland Chapter 23 700ml (48.3°),rudder,https://theultimatespirits.jp/products/laphroaig-ラフロイグ-1991-34年-whiskyland-chapter-23,True,186120.0,JPY,1606011
2026-09-26 06:10,3936ba9a-b62d-81ef-af94-f3c066281370,Laphroaig 1991 DeDr Whiskyland Chapter 23 700ml (48.3°),rudder,https://theultimatespirits.jp/products/laphroaig-ラフロイグ-1991-34年-whiskyland-chapter-23,True,186120.0,JPY,1606011
2026-09-26 06:47,3936ba9a-b62d-81ef-af94-f3c066281370,Laphroaig 1991 DeDr Whiskyland Chapter 23 700ml (48.3°),rudder,https://theultimatespirits.jp/products/laphroaig-ラフロイグ-1991-34年-whiskyland-chapter-23,True,186120.0,JPY,1606011
2026-09-26 07:57,3936ba9a-b62d-81ef-af94-f3c066281370,Laphroaig 1991 DeDr Whiskyland Chapter 23 700ml (48.3°),rudder,https://theultimatespirits.jp/products/laphroaig-ラフロイグ-1991-34年-whiskyland-chapter-23,True,186120.0,JPY,1606011
2026-09-26 08:10,3936ba9a-b62d-81ef-af94-f3c066281370,Laphroaig 1991 DeDr Whiskyland Chapter 23 700ml (48.3°),rudder,https://theultimatespirits.jp/products/laphroaig-ラフロイグ-1991-34年-whiskyland-chapter-23,True,186120.0,JPY,1606011
2026-09-26 10:10,3936ba9a-b62d-81ef-af94-f3c066281370,Laphroaig 1991 DeDr Whiskyland Chapter 23 700ml (48.3°),rudder,https://theultimatespirits.jp/products/laphroaig-ラフロイグ-1991-34年-whiskyland-chapter-23,True,186120.0,JPY,1606011
2026-09-26 11:35,3936ba9a-b62d-81ef-af94-f3c066281370,Laphroaig 1991 DeDr Whiskyland Chapter 23 700ml (48.3°),rudder,https://theultimatespirits.jp/products/laphroaig-ラフロイグ-1991-34年-whiskyland-chapter-23,True,186120.0,JPY,1606011
2026-09-26 12:00,3936ba9a-b62d-81ef-af94-f3c066281370,Laphroaig 1991 DeDr Whiskyland Chapter 23 700ml (48.3°),rudder,https://theultimatespirits.jp/products/laphroaig-ラフロイグ-1991-34年-whiskyland-chapter-23,True,186120.0,JPY,1606011
2026-09-26 12:30,3936ba9a-b62d-81ef-af94-f3c066281370,Laphroaig 1991 DeDr Whiskyland Chapter 23 700ml (48.3°),rudder,https://theultimatespirits.jp/products/laphroaig-ラフロイグ-1991-34年-whiskyland-chapter-23,True,186120.0,JPY,1606011
2026-09-26 13:00,3936ba9a-b62d-81ef-af94-f3c066281370,Laphroaig 1991 DeDr Whiskyland Chapter 23 700ml (48.3°),rudder,https://theultimatespirits.jp/products/laphroaig-ラフロイグ-1991-34年-whiskyland-chapter-23,True,186120.0,JPY,1606011
2026-09-26 13:30,3936ba9a-b62d-81ef-af94-f3c066281370,Laphroaig 1991 DeDr Whiskyland Chapter 23 700ml (48.3°),rudder,https://theultimatespirits.jp/products/laphroaig-ラフロイグ-1991-34年-whiskyland-chapter-23,True,186120.0,JPY,1606011
2026-09-26 14:00,3936ba9a-b62d-81ef-af94-f3c066281370,Laphroaig 1991 DeDr Whiskyland Chapter 23 700ml (48.3°),rudder,https://theultimatespirits.jp/products/laphroaig-ラフロイグ-1991-34年-whiskyland-chapter-23,True,186120.0,JPY,1606011
2026-09-26 14:23,3936ba9a-b62d-81ef-af94-f3c066281370,Laphroaig 1991 DeDr Whiskyland Chapter 23 700ml (48.3°),rudder,https://theultimatespirits.jp/products/laphroaig-ラフロイグ-1991-34年-whiskyland-chapter-23,True,186120.0,JPY,1606011
2026-09-26 14:30,3936ba9a-b62d-81ef-af94-f3c066281370,Laphroaig 1991 DeDr Whiskyland Chapter 23 700ml (48.3°),rudder,https://theultimatespirits.jp/products/laphroaig-ラフロイグ-1991-34年-whiskyland-chapter-23,True,186120.0,JPY,1606011
2026-09-26 15:00,3936ba9a-b62d-81ef-af94-f3c066281370,Laphroaig 1991 DeDr Whiskyland Chapter 23 700ml (48.3°),rudder,https://theultimatespirits.jp/products/laphroaig-ラフロイグ-1991-34年-whiskyland-chapter-23,True,186120.0,JPY,1606011
2026-09-26 15:30,3936ba9a-b62d-81ef-af94-f3c066281370,Laphroaig 1991 DeDr Whiskyland Chapter 23 700ml (48.3°),rudder,https://theultimatespirits.jp/products/laphroaig-ラフロイグ-1991-34年-whiskyland-chapter-23,True,186120.0,JPY,1606011
2026-09-26 16:01,3936ba9a-b62d-81ef-af94-f3c066281370,Laphroaig 1991 DeDr Whiskyland Chapter 23 700ml (48.3°),rudder,https://theultimatespirits.jp/products/laphroaig-ラフロイグ-1991-34年-whiskyland-chapter-23,True,186120.0,JPY,1606011
2026-09-26 16:30,3936ba9a-b62d-81ef-af94-f3c066281370,Laphroaig 1991 DeDr Whiskyland Chapter 23 700ml (48.3°),rudder,https://theultimatespirits.jp/products/laphroaig-ラフロイグ-1991-34年-whiskyland-chapter-23,True,186120.0,JPY,1606011
2026-09-26 16:40,3936ba9a-b62d-81ef-af94-f3c066281370,Laphroaig 1991 DeDr Whiskyland Chapter 23 700ml (48.3°),rudder,https://theultimatespirits.jp/products/laphroaig-ラフロイグ-1991-34年-whiskyland-chapter-23,True,186120.0,JPY,1606011
2026-09-26 16:50,3936ba9a-b62d-81ef-af94-f3c066281370,Laphroaig 1991 DeDr Whiskyland Chapter 23 700ml (48.3°),rudder,https://theultimatespirits.jp/products/laphroaig-ラフロイグ-1991-34年-whiskyland-chapter-23,True,186120.0,JPY,1606011
2026-09-26 17:00,3936ba9a-b62d-81ef-af94-f3c066281370,Laphroaig 1991 DeDr Whiskyland Chapter 23 700ml (48.3°),rudder,https://theultimatespirits.jp/products/laphroaig-ラフロイグ-1991-34年-whiskyland-chapter-23,True,186120.0,JPY,1606011
2026-09-26 17:10,3936ba9a-b62d-81ef-af94-f3c066281370,Laphroaig 1991 DeDr Whiskyland Chapter 23 700ml (48.3°),rudder,https://theultimatespirits.jp/products/laphroaig-ラフロイグ-1991-34年-whiskyland-chapter-23,True,186120.0,JPY,1606011
2026-09-26 17:20,3936ba9a-b62d-81ef-af94-f3c066281370,Laphroaig 1991 DeDr Whiskyland Chapter 23 700ml (48.3°),rudder,https://theultimatespirits.jp/products/laphroaig-ラフロイグ-1991-34年-whiskyland-chapter-23,True,186120.0,JPY,1606011
2026-09-26 17:30,3936ba9a-b62d-81ef-af94-f3c066281370,Laphroaig 1991 DeDr Whiskyland Chapter 23 700ml (48.3°),rudder,https://theultimatespirits.jp/products/laphroaig-ラフロイグ-1991-34年-whiskyland-chapter-23,True,186120.0,JPY,1606011
2026-09-26 17:40,3936ba9a-b62d-81ef-af94-f3c066281370,Laphroaig 1991 DeDr Whiskyland Chapter 23 700ml (48.3°),rudder,https://theultimatespirits.jp/products/laphroaig-ラフロイグ-1991-34年-whiskyland-chapter-23,True,186120.0,JPY,1606011
2026-09-26 17:50,3936ba9a-b62d-81ef-af94-f3c066281370,Laphroaig 1991 DeDr Whiskyland Chapter 23 700ml (48.3°),rudder,https://theultimatespirits.jp/products/laphroaig-ラフロイグ-1991-34年-whiskyland-chapter-23,True,186120.0,JPY,1606011
2026-09-26 18:00,3936ba9a-b62d-81ef-af94-f3c066281370,Laphroaig 1991 DeDr Whiskyland Chapter 23 700ml (48.3°),rudder,https://theultimatespirits.jp/products/laphroaig-ラフロイグ-1991-34年-whiskyland-chapter-23,True,186120.0,JPY,1606011
2026-09-26 18:10,3936ba9a-b62d-81ef-af94-f3c066281370,Laphroaig 1991 DeDr Whiskyland Chapter 23 700ml (48.3°),rudder,https://theultimatespirits.jp/products/laphroaig-ラフロイグ-1991-34年-whiskyland-chapter-23,True,186120.0,JPY,1606011
2026-09-26 18:20,3936ba9a-b62d-81ef-af94-f3c066281370,Laphroaig 1991 DeDr Whiskyland Chapter 23 700ml (48.3°),rudder,https://theultimatespirits.jp/products/laphroaig-ラフロイグ-1991-34年-whiskyland-chapter-23,True,186120.0,JPY,1606011
2026-09-26 18:30,3936ba9a-b62d-81ef-af94-f3c066281370,Laphroaig 1991 DeDr Whiskyland Chapter 23 700ml (48.3°),rudder,https://theultimatespirits.jp/products/laphroaig-ラフロイグ-1991-34年-whiskyland-chapter-23,True,186120.0,JPY,1606011
2026-09-26 18:57,3936ba9a-b62d-81ef-af94-f3c066281370,Laphroaig 1991 DeDr Whiskyland Chapter 23 700ml (48.3°),rudder,https://theultimatespirits.jp/products/laphroaig-ラフロイグ-1991-34年-whiskyland-chapter-23,True,186120.0,JPY,1606011
2026-09-26 19:00,3936ba9a-b62d-81ef-af94-f3c066281370,Laphroaig 1991 DeDr Whiskyland Chapter 23 700ml (48.3°),rudder,https://theultimatespirits.jp/products/laphroaig-ラフロイグ-1991-34年-whiskyland-chapter-23,True,186120.0,JPY,1606011
2026-09-26 19:30,3936ba9a-b62d-81ef-af94-f3c066281370,Laphroaig 1991 DeDr Whiskyland Chapter 23 700ml (48.3°),rudder,https://theultimatespirits.jp/products/laphroaig-ラフロイグ-1991-34年-whiskyland-chapter-23,True,186120.0,JPY,1606011
2026-09-26 20:00,3936ba9a-b62d-81ef-af94-f3c066281370,Laphroaig 1991 DeDr Whiskyland Chapter 23 700ml (48.3°),rudder,https://theultimatespirits.jp/products/laphroaig-ラフロイグ-1991-34年-whiskyland-chapter-23,True,186120.0,JPY,1606011
2026-09-26 20:30,3936ba9a-b62d-81ef-af94-f3c066281370,Laphroaig 1991 DeDr Whiskyland Chapter 23 700ml (48.3°),rudder,https://theultimatespirits.jp/products/laphroaig-ラフロイグ-1991-34年-whiskyland-chapter-23,True,186120.0,JPY,1606011
2026-09-26 20:43,3936ba9a-b62d-81ef-af94-f3c066281370,Laphroaig 1991 DeDr Whiskyland Chapter 23 700ml (48.3°),rudder,https://theultimatespirits.jp/products/laphroaig-ラフロイグ-1991-34年-whiskyland-chapter-23,True,186120.0,JPY,1606011
2026-09-26 21:00,3936ba9a-b62d-81ef-af94-f3c066281370,Laphroaig 1991 DeDr Whiskyland Chapter 23 700ml (48.3°),rudder,https://theultimatespirits.jp/products/laphroaig-ラフロイグ-1991-34年-whiskyland-chapter-23,True,186120.0,JPY,1606011
2026-09-26 21:30,3936ba9a-b62d-81ef-af94-f3c066281370,Laphroaig 1991 DeDr Whiskyland Chapter 23 700ml (48.3°),rudder,https://theultimatespirits.jp/products/laphroaig-ラフロイグ-1991-34年-whiskyland-chapter-23,True,186120.0,JPY,1606011
2026-09-26 22:00,3936ba9a-b62d-81ef-af94-f3c066281370,Laphroaig 1991 DeDr Whiskyland Chapter 23 700ml (48.3°),rudder,https://theultimatespirits.jp/products/laphroaig-ラフロイグ-1991-34年-whiskyland-chapter-23,True,186120.0,JPY,1606011
2026-09-26 22:30,3936ba9a-b62d-81ef-af94-f3c066281370,Laphroaig 1991 DeDr Whiskyland Chapter 23 700ml (48.3°),rudder,https://theultimatespirits.jp/products/laphroaig-ラフロイグ-1991-34年-whiskyland-chapter-23,True,186120.0,JPY,1606011
2026-09-26 23:00,3936ba9a-b62d-81ef-af94-f3c066281370,Laphroaig 1991 DeDr Whiskyland Chapter 23 700ml (48.3°),rudder,https://theultimatespirits.jp/products/laphroaig-ラフロイグ-1991-34年-whiskyland-chapter-23,True,186120.0,JPY,1606011
2026-09-26 23:06,3936ba9a-b62d-81ef-af94-f3c066281370,Laphroaig 1991 DeDr Whiskyland Chapter 23 700ml (48.3°),rudder,https://theultimatespirits.jp/products/laphroaig-ラフロイグ-1991-34年-whiskyland-chapter-23,True,186120.0,JPY,1606011
2026-09-26 23:06,3e76ba9a-b62d-81ef-baf9-d0fc65114acc,Dashwood Sauvignon Blanc 2025,dailyshot,https://dailyshot.co/m/item/20593,,,KRW,
2026-09-26 23:08,3936ba9a-b62d-81ef-af94-f3c066281370,Laphroaig 1991 DeDr Whiskyland Chapter 23 700ml (48.3°),rudder,https://theultimatespirits.jp/products/laphroaig-ラフロイグ-1991-34年-whiskyland-chapter-23,True,186120.0,JPY,1606011
2026-09-26 23:08,3e76ba9a-b62d-81ef-baf9-d0fc65114acc,Dashwood Sauvignon Blanc 2025,dailyshot,https://dailyshot.co/m/item/20593?item=231613,True,26000,KRW,26000
2026-09-26 23:30,3936ba9a-b62d-81ef-af94-f3c066281370,Laphroaig 1991 DeDr Whiskyland Chapter 23 700ml (48.3°),rudder,https://theultimatespirits.jp/products/laphroaig-ラフロイグ-1991-34年-whiskyland-chapter-23,True,186120.0,JPY,1606011
2026-09-26 23:30,3e76ba9a-b62d-81ef-baf9-d0fc65114acc,Dashwood Sauvignon Blanc 2025,dailyshot,https://dailyshot.co/m/item/20593?item=231613,True,26000,KRW,26000
2026-09-27 00:10,3936ba9a-b62d-81ef-af94-f3c066281370,Laphroaig 1991 DeDr Whiskyland Chapter 23 700ml (48.3°),rudder,https://theultimatespirits.jp/products/laphroaig-ラフロイグ-1991-34年-whiskyland-chapter-23,True,186120.0,JPY,1604131
2026-09-27 00:10,3e76ba9a-b62d-81ef-baf9-d0fc65114acc,Dashwood Sauvignon Blanc 2025,dailyshot,https://dailyshot.co/m/item/20593?item=231613,True,26000,KRW,26000
2026-09-27 01:43,3936ba9a-b62d-81ef-af94-f3c066281370,Laphroaig 1991 DeDr Whiskyland Chapter 23 700ml (48.3°),rudder,https://theultimatespirits.jp/products/laphroaig-ラフロイグ-1991-34年-whiskyland-chapter-23,True,186120.0,JPY,1604131
2026-09-27 01:43,3e76ba9a-b62d-81ef-baf9-d0fc65114acc,Dashwood Sauvignon Blanc 2025,dailyshot,https://dailyshot.co/m/item/20593?item=231613,True,26000,KRW,26000
2026-09-27 02:10,3936ba9a-b62d-81ef-af94-f3c066281370,Laphroaig 1991 DeDr Whiskyland Chapter 23 700ml (48.3°),rudder,https://theultimatespirits.jp/products/laphroaig-ラフロイグ-1991-34年-whiskyland-chapter-23,True,186120.0,JPY,1604131
2026-09-27 02:10,3e76ba9a-b62d-81ef-baf9-d0fc65114acc,Dashwood Sauvignon Blanc 2025,dailyshot,https://dailyshot.co/m/item/20593?item=231613,True,26000,KRW,26000
2026-09-27 04:10,3936ba9a-b62d-81ef-af94-f3c066281370,Laphroaig 1991 DeDr Whiskyland Chapter 23 700ml (48.3°),rudder,https://theultimatespirits.jp/products/laphroaig-ラフロイグ-1991-34年-whiskyland-chapter-23,True,186120.0,JPY,1604131
2026-09-27 04:10,3e76ba9a-b62d-81ef-baf9-d0fc65114acc,Dashwood Sauvignon Blanc 2025,dailyshot,https://dailyshot.co/m/item/20593?item=231613,True,26000,KRW,26000
2026-09-27 06:10,3936ba9a-b62d-81ef-af94-f3c066281370,Laphroaig 1991 DeDr Whiskyland Chapter 23 700ml (48.3°),rudder,https://theultimatespirits.jp/products/laphroaig-ラフロイグ-1991-34年-whiskyland-chapter-23,True,186120.0,JPY,1604131
2026-09-27 06:10,3e76ba9a-b62d-81ef-baf9-d0fc65114acc,Dashwood Sauvignon Blanc 2025,dailyshot,https://dailyshot.co/m/item/20593?item=231613,True,26000,KRW,26000
2026-09-27 06:28,3936ba9a-b62d-81ef-af94-f3c066281370,Laphroaig 1991 DeDr Whiskyland Chapter 23 700ml (48.3°),rudder,https://theultimatespirits.jp/products/laphroaig-ラフロイグ-1991-34年-whiskyland-chapter-23,True,186120.0,JPY,1604131
2026-09-27 06:28,3e76ba9a-b62d-81ef-baf9-d0fc65114acc,Dashwood Sauvignon Blanc 2025,dailyshot,https://dailyshot.co/m/item/20593?item=231613,True,26000,KRW,26000
2026-09-27 07:57,3936ba9a-b62d-81ef-af94-f3c066281370,Laphroaig 1991 DeDr Whiskyland Chapter 23 700ml (48.3°),rudder,https://theultimatespirits.jp/products/laphroaig-ラフロイグ-1991-34年-whiskyland-chapter-23,True,186120.0,JPY,1604131
2026-09-27 07:57,3e76ba9a-b62d-81ef-baf9-d0fc65114acc,Dashwood Sauvignon Blanc 2025,dailyshot,https://dailyshot.co/m/item/20593?item=231613,True,26000,KRW,26000
2026-09-27 08:00,3936ba9a-b62d-81ef-af94-f3c066281370,Laphroaig 1991 DeDr Whiskyland Chapter 23 700ml (48.3°),rudder,https://theultimatespirits.jp/products/laphroaig-ラフロイグ-1991-34年-whiskyland-chapter-23,True,186120.0,JPY,1604131
2026-09-27 08:00,3e76ba9a-b62d-81ef-baf9-d0fc65114acc,Dashwood Sauvignon Blanc 2025,dailyshot,https://dailyshot.co/m/item/20593?item=231613,True,26000,KRW,26000
2026-09-27 08:30,3936ba9a-b62d-81ef-af94-f3c066281370,Laphroaig 1991 DeDr Whiskyland Chapter 23 700ml (48.3°),rudder,https://theultimatespirits.jp/products/laphroaig-ラフロイグ-1991-34年-whiskyland-chapter-23,True,186120.0,JPY,1604131
2026-09-27 08:30,3e76ba9a-b62d-81ef-baf9-d0fc65114acc,Dashwood Sauvignon Blanc 2025,dailyshot,https://dailyshot.co/m/item/20593?item=231613,True,26000,KRW,26000
2026-09-27 09:00,3936ba9a-b62d-81ef-af94-f3c066281370,Laphroaig 1991 DeDr Whiskyland Chapter 23 700ml (48.3°),rudder,https://theultimatespirits.jp/products/laphroaig-ラフロイグ-1991-34年-whiskyland-chapter-23,True,186120.0,JPY,1604131
2026-09-27 09:00,3e76ba9a-b62d-81ef-baf9-d0fc65114acc,Dashwood Sauvignon Blanc 2025,dailyshot,https://dailyshot.co/m/item/20593?item=231613,True,26000,KRW,26000
2026-09-27 09:30,3936ba9a-b62d-81ef-af94-f3c066281370,Laphroaig 1991 DeDr Whiskyland Chapter 23 700ml (48.3°),rudder,https://theultimatespirits.jp/products/laphroaig-ラフロイグ-1991-34年-whiskyland-chapter-23,True,186120.0,JPY,1604131
2026-09-27 09:30,3e76ba9a-b62d-81ef-baf9-d0fc65114acc,Dashwood Sauvignon Blanc 2025,dailyshot,https://dailyshot.co/m/item/20593?item=231613,True,26000,KRW,26000
2026-09-27 10:00,3936ba9a-b62d-81ef-af94-f3c066281370,Laphroaig 1991 DeDr Whiskyland Chapter 23 700ml (48.3°),rudder,https://theultimatespirits.jp/products/laphroaig-ラフロイグ-1991-34年-whiskyland-chapter-23,True,186120.0,JPY,1604131
2026-09-27 10:00,3e76ba9a-b62d-81ef-baf9-d0fc65114acc,Dashwood Sauvignon Blanc 2025,dailyshot,https://dailyshot.co/m/item/20593?item=231613,True,26000,KRW,26000
2026-09-27 10:30,3936ba9a-b62d-81ef-af94-f3c066281370,Laphroaig 1991 DeDr Whiskyland Chapter 23 700ml (48.3°),rudder,https://theultimatespirits.jp/products/laphroaig-ラフロイグ-1991-34年-whiskyland-chapter-23,True,186120.0,JPY,1604131
2026-09-27 10:30,3e76ba9a-b62d-81ef-baf9-d0fc65114acc,Dashwood Sauvignon Blanc 2025,dailyshot,https://dailyshot.co/m/item/20593?item=231613,True,26000,KRW,26000
2026-09-27 11:00,3936ba9a-b62d-81ef-af94-f3c066281370,Laphroaig 1991 DeDr Whiskyland Chapter 23 700ml (48.3°),rudder,https://theultimatespirits.jp/products/laphroaig-ラフロイグ-1991-34年-whiskyland-chapter-23,True,186120.0,JPY,1604131
2026-09-27 11:00,3e76ba9a-b62d-81ef-baf9-d0fc65114acc,Dashwood Sauvignon Blanc 2025,dailyshot,https://dailyshot.co/m/item/20593?item=231613,True,26000,KRW,26000
2026-09-27 11:30,3936ba9a-b62d-81ef-af94-f3c066281370,Laphroaig 1991 DeDr Whiskyland Chapter 23 700ml (48.3°),rudder,https://theultimatespirits.jp/products/laphroaig-ラフロイグ-1991-34年-whiskyland-chapter-23,True,186120.0,JPY,1604131
2026-09-27 11:30,3e76ba9a-b62d-81ef-baf9-d0fc65114acc,Dashwood Sauvignon Blanc 2025,dailyshot,https://dailyshot.co/m/item/20593?item=231613,True,26000,KRW,26000
2026-09-27 12:00,3936ba9a-b62d-81ef-af94-f3c066281370,Laphroaig 1991 DeDr Whiskyland Chapter 23 700ml (48.3°),rudder,https://theultimatespirits.jp/products/laphroaig-ラフロイグ-1991-34年-whiskyland-chapter-23,True,186120.0,JPY,1604131
2026-09-27 12:00,3e76ba9a-b62d-81ef-baf9-d0fc65114acc,Dashwood Sauvignon Blanc 2025,dailyshot,https://dailyshot.co/m/item/20593?item=231613,True,26000,KRW,26000
2026-09-27 12:30,3936ba9a-b62d-81ef-af94-f3c066281370,Laphroaig 1991 DeDr Whiskyland Chapter 23 700ml (48.3°),rudder,https://theultimatespirits.jp/products/laphroaig-ラフロイグ-1991-34年-whiskyland-chapter-23,True,186120.0,JPY,1604131
2026-09-27 12:30,3e76ba9a-b62d-81ef-baf9-d0fc65114acc,Dashwood Sauvignon Blanc 2025,dailyshot,https://dailyshot.co/m/item/20593?item=231613,True,26000,KRW,26000
2026-09-27 13:00,3936ba9a-b62d-81ef-af94-f3c066281370,Laphroaig 1991 DeDr Whiskyland Chapter 23 700ml (48.3°),rudder,https://theultimatespirits.jp/products/laphroaig-ラフロイグ-1991-34年-whiskyland-chapter-23,True,186120.0,JPY,1604131
2026-09-27 13:00,3e76ba9a-b62d-81ef-baf9-d0fc65114acc,Dashwood Sauvignon Blanc 2025,dailyshot,https://dailyshot.co/m/item/20593?item=231613,True,26000,KRW,26000
2026-09-27 13:30,3936ba9a-b62d-81ef-af94-f3c066281370,Laphroaig 1991 DeDr Whiskyland Chapter 23 700ml (48.3°),rudder,https://theultimatespirits.jp/products/laphroaig-ラフロイグ-1991-34年-whiskyland-chapter-23,True,186120.0,JPY,1604131
2026-09-27 13:30,3e76ba9a-b62d-81ef-baf9-d0fc65114acc,Dashwood Sauvignon Blanc 2025,dailyshot,https://dailyshot.co/m/item/20593?item=231613,True,26000,KRW,26000
2026-09-27 14:00,3936ba9a-b62d-81ef-af94-f3c066281370,Laphroaig 1991 DeDr Whiskyland Chapter 23 700ml (48.3°),rudder,https://theultimatespirits.jp/products/laphroaig-ラフロイグ-1991-34年-whiskyland-chapter-23,True,186120.0,JPY,1604131
2026-09-27 14:00,3e76ba9a-b62d-81ef-baf9-d0fc65114acc,Dashwood Sauvignon Blanc 2025,dailyshot,https://dailyshot.co/m/item/20593?item=231613,True,26000,KRW,26000
2026-09-27 14:30,3936ba9a-b62d-81ef-af94-f3c066281370,Laphroaig 1991 DeDr Whiskyland Chapter 23 700ml (48.3°),rudder,https://theultimatespirits.jp/products/laphroaig-ラフロイグ-1991-34年-whiskyland-chapter-23,True,186120.0,JPY,1604131
2026-09-27 14:30,3e76ba9a-b62d-81ef-baf9-d0fc65114acc,Dashwood Sauvignon Blanc 2025,dailyshot,https://dailyshot.co/m/item/20593?item=231613,True,26000,KRW,26000
2026-09-27 14:39,3936ba9a-b62d-81ef-af94-f3c066281370,Laphroaig 1991 DeDr Whiskyland Chapter 23 700ml (48.3°),rudder,https://theultimatespirits.jp/products/laphroaig-ラフロイグ-1991-34年-whiskyland-chapter-23,True,186120.0,JPY,1604131
2026-09-27 14:39,3e76ba9a-b62d-81ef-baf9-d0fc65114acc,Dashwood Sauvignon Blanc 2025,dailyshot,https://dailyshot.co/m/item/20593?item=231613,True,26000,KRW,26000
2026-09-27 15:00,3936ba9a-b62d-81ef-af94-f3c066281370,Laphroaig 1991 DeDr Whiskyland Chapter 23 700ml (48.3°),rudder,https://theultimatespirits.jp/products/laphroaig-ラフロイグ-1991-34年-whiskyland-chapter-23,True,186120.0,JPY,1604131
2026-09-27 15:00,3e76ba9a-b62d-81ef-baf9-d0fc65114acc,Dashwood Sauvignon Blanc 2025,dailyshot,https://dailyshot.co/m/item/20593?item=231613,True,26000,KRW,26000
2026-09-27 15:30,3936ba9a-b62d-81ef-af94-f3c066281370,Laphroaig 1991 DeDr Whiskyland Chapter 23 700ml (48.3°),rudder,https://theultimatespirits.jp/products/laphroaig-ラフロイグ-1991-34年-whiskyland-chapter-23,True,186120.0,JPY,1604131
2026-09-27 15:30,3e76ba9a-b62d-81ef-baf9-d0fc65114acc,Dashwood Sauvignon Blanc 2025,dailyshot,https://dailyshot.co/m/item/20593?item=231613,True,26000,KRW,26000
2026-09-27 16:00,3936ba9a-b62d-81ef-af94-f3c066281370,Laphroaig 1991 DeDr Whiskyland Chapter 23 700ml (48.3°),rudder,https://theultimatespirits.jp/products/laphroaig-ラフロイグ-1991-34年-whiskyland-chapter-23,True,186120.0,JPY,1604131
2026-09-27 16:00,3e76ba9a-b62d-81ef-baf9-d0fc65114acc,Dashwood Sauvignon Blanc 2025,dailyshot,https://dailyshot.co/m/item/20593?item=231613,True,26000,KRW,26000
2026-09-27 16:31,3936ba9a-b62d-81ef-af94-f3c066281370,Laphroaig 1991 DeDr Whiskyland Chapter 23 700ml (48.3°),rudder,https://theultimatespirits.jp/products/laphroaig-ラフロイグ-1991-34年-whiskyland-chapter-23,True,186120.0,JPY,1604131
2026-09-27 16:31,3e76ba9a-b62d-81ef-baf9-d0fc65114acc,Dashwood Sauvignon Blanc 2025,dailyshot,https://dailyshot.co/m/item/20593?item=231613,True,26000,KRW,26000
2026-09-27 16:40,3936ba9a-b62d-81ef-af94-f3c066281370,Laphroaig 1991 DeDr Whiskyland Chapter 23 700ml (48.3°),rudder,https://theultimatespirits.jp/products/laphroaig-ラフロイグ-1991-34年-whiskyland-chapter-23,True,186120.0,JPY,1604131
2026-09-27 16:40,3e76ba9a-b62d-81ef-baf9-d0fc65114acc,Dashwood Sauvignon Blanc 2025,dailyshot,https://dailyshot.co/m/item/20593?item=231613,True,26000,KRW,26000
2026-09-27 16:50,3936ba9a-b62d-81ef-af94-f3c066281370,Laphroaig 1991 DeDr Whiskyland Chapter 23 700ml (48.3°),rudder,https://theultimatespirits.jp/products/laphroaig-ラフロイグ-1991-34年-whiskyland-chapter-23,True,186120.0,JPY,1604131
2026-09-27 16:50,3e76ba9a-b62d-81ef-baf9-d0fc65114acc,Dashwood Sauvignon Blanc 2025,dailyshot,https://dailyshot.co/m/item/20593?item=231613,True,26000,KRW,26000
2026-09-27 17:00,3936ba9a-b62d-81ef-af94-f3c066281370,Laphroaig 1991 DeDr Whiskyland Chapter 23 700ml (48.3°),rudder,https://theultimatespirits.jp/products/laphroaig-ラフロイグ-1991-34年-whiskyland-chapter-23,True,186120.0,JPY,1604131
2026-09-27 17:00,3e76ba9a-b62d-81ef-baf9-d0fc65114acc,Dashwood Sauvignon Blanc 2025,dailyshot,https://dailyshot.co/m/item/20593?item=231613,True,26000,KRW,26000
2026-09-27 17:10,3936ba9a-b62d-81ef-af94-f3c066281370,Laphroaig 1991 DeDr Whiskyland Chapter 23 700ml (48.3°),rudder,https://theultimatespirits.jp/products/laphroaig-ラフロイグ-1991-34年-whiskyland-chapter-23,True,186120.0,JPY,1604131
2026-09-27 17:10,3e76ba9a-b62d-81ef-baf9-d0fc65114acc,Dashwood Sauvignon Blanc 2025,dailyshot,https://dailyshot.co/m/item/20593?item=231613,True,26000,KRW,26000
2026-09-27 17:20,3936ba9a-b62d-81ef-af94-f3c066281370,Laphroaig 1991 DeDr Whiskyland Chapter 23 700ml (48.3°),rudder,https://theultimatespirits.jp/products/laphroaig-ラフロイグ-1991-34年-whiskyland-chapter-23,True,186120.0,JPY,1604131
2026-09-27 17:20,3e76ba9a-b62d-81ef-baf9-d0fc65114acc,Dashwood Sauvignon Blanc 2025,dailyshot,https://dailyshot.co/m/item/20593?item=231613,True,26000,KRW,26000
2026-09-27 17:30,3936ba9a-b62d-81ef-af94-f3c066281370,Laphroaig 1991 DeDr Whiskyland Chapter 23 700ml (48.3°),rudder,https://theultimatespirits.jp/products/laphroaig-ラフロイグ-1991-34年-whiskyland-chapter-23,True,186120.0,JPY,1604131
2026-09-27 17:30,3e76ba9a-b62d-81ef-baf9-d0fc65114acc,Dashwood Sauvignon Blanc 2025,dailyshot,https://dailyshot.co/m/item/20593?item=231613,True,26000,KRW,26000
2026-09-27 17:40,3936ba9a-b62d-81ef-af94-f3c066281370,Laphroaig 1991 DeDr Whiskyland Chapter 23 700ml (48.3°),rudder,https://theultimatespirits.jp/products/laphroaig-ラフロイグ-1991-34年-whiskyland-chapter-23,True,186120.0,JPY,1604131
2026-09-27 17:40,3e76ba9a-b62d-81ef-baf9-d0fc65114acc,Dashwood Sauvignon Blanc 2025,dailyshot,https://dailyshot.co/m/item/20593?item=231613,True,26000,KRW,26000
2026-09-27 17:50,3936ba9a-b62d-81ef-af94-f3c066281370,Laphroaig 1991 DeDr Whiskyland Chapter 23 700ml (48.3°),rudder,https://theultimatespirits.jp/products/laphroaig-ラフロイグ-1991-34年-whiskyland-chapter-23,True,186120.0,JPY,1604131
2026-09-27 17:50,3e76ba9a-b62d-81ef-baf9-d0fc65114acc,Dashwood Sauvignon Blanc 2025,dailyshot,https://dailyshot.co/m/item/20593?item=231613,True,26000,KRW,26000
2026-09-27 18:00,3936ba9a-b62d-81ef-af94-f3c066281370,Laphroaig 1991 DeDr Whiskyland Chapter 23 700ml (48.3°),rudder,https://theultimatespirits.jp/products/laphroaig-ラフロイグ-1991-34年-whiskyland-chapter-23,True,186120.0,JPY,1604131
2026-09-27 18:00,3e76ba9a-b62d-81ef-baf9-d0fc65114acc,Dashwood Sauvignon Blanc 2025,dailyshot,https://dailyshot.co/m/item/20593?item=231613,True,26000,KRW,26000
2026-09-27 18:10,3936ba9a-b62d-81ef-af94-f3c066281370,Laphroaig 1991 DeDr Whiskyland Chapter 23 700ml (48.3°),rudder,https://theultimatespirits.jp/products/laphroaig-ラフロイグ-1991-34年-whiskyland-chapter-23,True,186120.0,JPY,1604131
2026-09-27 18:10,3e76ba9a-b62d-81ef-baf9-d0fc65114acc,Dashwood Sauvignon Blanc 2025,dailyshot,https://dailyshot.co/m/item/20593?item=231613,True,26000,KRW,26000
2026-09-27 18:20,3936ba9a-b62d-81ef-af94-f3c066281370,Laphroaig 1991 DeDr Whiskyland Chapter 23 700ml (48.3°),rudder,https://theultimatespirits.jp/products/laphroaig-ラフロイグ-1991-34年-whiskyland-chapter-23,True,186120.0,JPY,1604131
2026-09-27 18:20,3e76ba9a-b62d-81ef-baf9-d0fc65114acc,Dashwood Sauvignon Blanc 2025,dailyshot,https://dailyshot.co/m/item/20593?item=231613,True,26000,KRW,26000
2026-09-27 18:30,3936ba9a-b62d-81ef-af94-f3c066281370,Laphroaig 1991 DeDr Whiskyland Chapter 23 700ml (48.3°),rudder,https://theultimatespirits.jp/products/laphroaig-ラフロイグ-1991-34年-whiskyland-chapter-23,True,186120.0,JPY,1604131
2026-09-27 18:30,3e76ba9a-b62d-81ef-baf9-d0fc65114acc,Dashwood Sauvignon Blanc 2025,dailyshot,https://dailyshot.co/m/item/20593?item=231613,True,26000,KRW,26000
2026-09-27 18:57,3936ba9a-b62d-81ef-af94-f3c066281370,Laphroaig 1991 DeDr Whiskyland Chapter 23 700ml (48.3°),rudder,https://theultimatespirits.jp/products/laphroaig-ラフロイグ-1991-34年-whiskyland-chapter-23,True,186120.0,JPY,1604131
2026-09-27 18:57,3e76ba9a-b62d-81ef-baf9-d0fc65114acc,Dashwood Sauvignon Blanc 2025,dailyshot,https://dailyshot.co/m/item/20593?item=231613,True,26000,KRW,26000
2026-09-27 19:00,3936ba9a-b62d-81ef-af94-f3c066281370,Laphroaig 1991 DeDr Whiskyland Chapter 23 700ml (48.3°),rudder,https://theultimatespirits.jp/products/laphroaig-ラフロイグ-1991-34年-whiskyland-chapter-23,True,186120.0,JPY,1604131
2026-09-27 19:00,3e76ba9a-b62d-81ef-baf9-d0fc65114acc,Dashwood Sauvignon Blanc 2025,dailyshot,https://dailyshot.co/m/item/20593?item=231613,True,26000,KRW,26000
2026-09-27 19:30,3936ba9a-b62d-81ef-af94-f3c066281370,Laphroaig 1991 DeDr Whiskyland Chapter 23 700ml (48.3°),rudder,https://theultimatespirits.jp/products/laphroaig-ラフロイグ-1991-34年-whiskyland-chapter-23,True,186120.0,JPY,1604131
2026-09-27 19:30,3e76ba9a-b62d-81ef-baf9-d0fc65114acc,Dashwood Sauvignon Blanc 2025,dailyshot,https://dailyshot.co/m/item/20593?item=231613,True,26000,KRW,26000
2026-09-27 20:00,3936ba9a-b62d-81ef-af94-f3c066281370,Laphroaig 1991 DeDr Whiskyland Chapter 23 700ml (48.3°),rudder,https://theultimatespirits.jp/products/laphroaig-ラフロイグ-1991-34年-whiskyland-chapter-23,True,186120.0,JPY,1604131
2026-09-27 20:00,3e76ba9a-b62d-81ef-baf9-d0fc65114acc,Dashwood Sauvignon Blanc 2025,dailyshot,https://dailyshot.co/m/item/20593?item=231613,True,26000,KRW,26000
2026-09-27 20:30,3936ba9a-b62d-81ef-af94-f3c066281370,Laphroaig 1991 DeDr Whiskyland Chapter 23 700ml (48.3°),rudder,https://theultimatespirits.jp/products/laphroaig-ラフロイグ-1991-34年-whiskyland-chapter-23,True,186120.0,JPY,1604131
2026-09-27 20:30,3e76ba9a-b62d-81ef-baf9-d0fc65114acc,Dashwood Sauvignon Blanc 2025,dailyshot,https://dailyshot.co/m/item/20593?item=231613,True,26000,KRW,26000
2026-09-27 21:00,3936ba9a-b62d-81ef-af94-f3c066281370,Laphroaig 1991 DeDr Whiskyland Chapter 23 700ml (48.3°),rudder,https://theultimatespirits.jp/products/laphroaig-ラフロイグ-1991-34年-whiskyland-chapter-23,True,186120.0,JPY,1604131
2026-09-27 21:00,3e76ba9a-b62d-81ef-baf9-d0fc65114acc,Dashwood Sauvignon Blanc 2025,dailyshot,https://dailyshot.co/m/item/20593?item=231613,True,26000,KRW,26000
2026-09-27 21:23,3936ba9a-b62d-81ef-af94-f3c066281370,Laphroaig 1991 DeDr Whiskyland Chapter 23 700ml (48.3°),rudder,https://theultimatespirits.jp/products/laphroaig-ラフロイグ-1991-34年-whiskyland-chapter-23,True,186120.0,JPY,1604131
2026-09-27 21:23,3e76ba9a-b62d-81ef-baf9-d0fc65114acc,Dashwood Sauvignon Blanc 2025,dailyshot,https://dailyshot.co/m/item/20593?item=231613,True,26000,KRW,26000
2026-09-27 21:30,3936ba9a-b62d-81ef-af94-f3c066281370,Laphroaig 1991 DeDr Whiskyland Chapter 23 700ml (48.3°),rudder,https://theultimatespirits.jp/products/laphroaig-ラフロイグ-1991-34年-whiskyland-chapter-23,True,186120.0,JPY,1604131
2026-09-27 21:30,3e76ba9a-b62d-81ef-baf9-d0fc65114acc,Dashwood Sauvignon Blanc 2025,dailyshot,https://dailyshot.co/m/item/20593?item=231613,True,26000,KRW,26000
2026-09-27 21:54,3936ba9a-b62d-81ef-af94-f3c066281370,Laphroaig 1991 DeDr Whiskyland Chapter 23 700ml (48.3°),rudder,https://theultimatespirits.jp/products/laphroaig-ラフロイグ-1991-34年-whiskyland-chapter-23,True,186120.0,JPY,1604131
2026-09-27 21:54,3e76ba9a-b62d-81ef-baf9-d0fc65114acc,Dashwood Sauvignon Blanc 2025,dailyshot,https://dailyshot.co/m/item/20593?item=231613,True,26000,KRW,26000
2026-09-27 22:00,3936ba9a-b62d-81ef-af94-f3c066281370,Laphroaig 1991 DeDr Whiskyland Chapter 23 700ml (48.3°),rudder,https://theultimatespirits.jp/products/laphroaig-ラフロイグ-1991-34年-whiskyland-chapter-23,True,186120.0,JPY,1604131
2026-09-27 22:00,3e76ba9a-b62d-81ef-baf9-d0fc65114acc,Dashwood Sauvignon Blanc 2025,dailyshot,https://dailyshot.co/m/item/20593?item=231613,True,26000,KRW,26000
2026-09-27 22:04,3936ba9a-b62d-81ef-af94-f3c066281370,Laphroaig 1991 DeDr Whiskyland Chapter 23 700ml (48.3°),rudder,https://theultimatespirits.jp/products/laphroaig-ラフロイグ-1991-34年-whiskyland-chapter-23,True,186120.0,JPY,1604131
2026-09-27 22:04,3e76ba9a-b62d-81ef-baf9-d0fc65114acc,Dashwood Sauvignon Blanc 2025,dailyshot,https://dailyshot.co/m/item/20593?item=231613,True,26000,KRW,26000
2026-09-27 22:30,3936ba9a-b62d-81ef-af94-f3c066281370,Laphroaig 1991 DeDr Whiskyland Chapter 23 700ml (48.3°),rudder,https://theultimatespirits.jp/products/laphroaig-ラフロイグ-1991-34年-whiskyland-chapter-23,True,186120.0,JPY,1604131
2026-09-27 22:30,3e76ba9a-b62d-81ef-baf9-d0fc65114acc,Dashwood Sauvignon Blanc 2025,dailyshot,https://dailyshot.co/m/item/20593?item=231613,True,26000,KRW,26000
2026-09-27 23:00,3936ba9a-b62d-81ef-af94-f3c066281370,Laphroaig 1991 DeDr Whiskyland Chapter 23 700ml (48.3°),rudder,https://theultimatespirits.jp/products/laphroaig-ラフロイグ-1991-34年-whiskyland-chapter-23,True,186120.0,JPY,1604131
2026-09-27 23:00,3e76ba9a-b62d-81ef-baf9-d0fc65114acc,Dashwood Sauvignon Blanc 2025,dailyshot,https://dailyshot.co/m/item/20593?item=231613,True,26000,KRW,26000
2026-09-27 23:30,3936ba9a-b62d-81ef-af94-f3c066281370,Laphroaig 1991 DeDr Whiskyland Chapter 23 700ml (48.3°),rudder,https://theultimatespirits.jp/products/laphroaig-ラフロイグ-1991-34年-whiskyland-chapter-23,True,186120.0,JPY,1604131
2026-09-27 23:30,3e76ba9a-b62d-81ef-baf9-d0fc65114acc,Dashwood Sauvignon Blanc 2025,dailyshot,https://dailyshot.co/m/item/20593?item=231613,True,26000,KRW,26000
2026-09-28 00:10,3936ba9a-b62d-81ef-af94-f3c066281370,Laphroaig 1991 DeDr Whiskyland Chapter 23 700ml (48.3°),rudder,https://theultimatespirits.jp/products/laphroaig-ラフロイグ-1991-34年-whiskyland-chapter-23,True,186120.0,JPY,1604280
2026-09-28 00:10,3e76ba9a-b62d-81ef-baf9-d0fc65114acc,Dashwood Sauvignon Blanc 2025,dailyshot,https://dailyshot.co/m/item/20593?item=231613,True,26000,KRW,26000
2026-09-28 02:10,3936ba9a-b62d-81ef-af94-f3c066281370,Laphroaig 1991 DeDr Whiskyland Chapter 23 700ml (48.3°),rudder,https://theultimatespirits.jp/products/laphroaig-ラフロイグ-1991-34年-whiskyland-chapter-23,True,186120.0,JPY,1604280
2026-09-28 02:10,3e76ba9a-b62d-81ef-baf9-d0fc65114acc,Dashwood Sauvignon Blanc 2025,dailyshot,https://dailyshot.co/m/item/20593?item=231613,True,26000,KRW,26000
2026-09-28 02:14,3936ba9a-b62d-81ef-af94-f3c066281370,Laphroaig 1991 DeDr Whiskyland Chapter 23 700ml (48.3°),rudder,https://theultimatespirits.jp/products/laphroaig-ラフロイグ-1991-34年-whiskyland-chapter-23,True,186120.0,JPY,1604280
2026-09-28 02:14,3e76ba9a-b62d-81ef-baf9-d0fc65114acc,Dashwood Sauvignon Blanc 2025,dailyshot,https://dailyshot.co/m/item/20593?item=231613,True,26000,KRW,26000
2026-09-28 04:10,3936ba9a-b62d-81ef-af94-f3c066281370,Laphroaig 1991 DeDr Whiskyland Chapter 23 700ml (48.3°),rudder,https://theultimatespirits.jp/products/laphroaig-ラフロイグ-1991-34年-whiskyland-chapter-23,True,186120.0,JPY,1604280
2026-09-28 04:10,3e76ba9a-b62d-81ef-baf9-d0fc65114acc,Dashwood Sauvignon Blanc 2025,dailyshot,https://dailyshot.co/m/item/20593?item=231613,True,26000,KRW,26000
2026-09-28 06:10,3936ba9a-b62d-81ef-af94-f3c066281370,Laphroaig 1991 DeDr Whiskyland Chapter 23 700ml (48.3°),rudder,https://theultimatespirits.jp/products/laphroaig-ラフロイグ-1991-34年-whiskyland-chapter-23,True,186120.0,JPY,1604280
2026-09-28 06:10,3e76ba9a-b62d-81ef-baf9-d0fc65114acc,Dashwood Sauvignon Blanc 2025,dailyshot,https://dailyshot.co/m/item/20593?item=231613,True,26000,KRW,26000
2026-09-28 06:33,3936ba9a-b62d-81ef-af94-f3c066281370,Laphroaig 1991 DeDr Whiskyland Chapter 23 700ml (48.3°),rudder,https://theultimatespirits.jp/products/laphroaig-ラフロイグ-1991-34年-whiskyland-chapter-23,True,186120.0,JPY,1604280
2026-09-28 06:33,3e76ba9a-b62d-81ef-baf9-d0fc65114acc,Dashwood Sauvignon Blanc 2025,dailyshot,https://dailyshot.co/m/item/20593?item=231613,True,26000,KRW,26000
2026-09-28 07:56,3936ba9a-b62d-81ef-af94-f3c066281370,Laphroaig 1991 DeDr Whiskyland Chapter 23 700ml (48.3°),rudder,https://theultimatespirits.jp/products/laphroaig-ラフロイグ-1991-34年-whiskyland-chapter-23,True,186120.0,JPY,1604280
2026-09-28 07:56,3e76ba9a-b62d-81ef-baf9-d0fc65114acc,Dashwood Sauvignon Blanc 2025,dailyshot,https://dailyshot.co/m/item/20593?item=231613,True,26000,KRW,26000
2026-09-28 08:00,3936ba9a-b62d-81ef-af94-f3c066281370,Laphroaig 1991 DeDr Whiskyland Chapter 23 700ml (48.3°),rudder,https://theultimatespirits.jp/products/laphroaig-ラフロイグ-1991-34年-whiskyland-chapter-23,True,186120.0,JPY,1604280
2026-09-28 08:00,3e76ba9a-b62d-81ef-baf9-d0fc65114acc,Dashwood Sauvignon Blanc 2025,dailyshot,https://dailyshot.co/m/item/20593?item=231613,True,26000,KRW,26000
2026-09-28 08:30,3936ba9a-b62d-81ef-af94-f3c066281370,Laphroaig 1991 DeDr Whiskyland Chapter 23 700ml (48.3°),rudder,https://theultimatespirits.jp/products/laphroaig-ラフロイグ-1991-34年-whiskyland-chapter-23,True,186120.0,JPY,1604280
2026-09-28 08:30,3e76ba9a-b62d-81ef-baf9-d0fc65114acc,Dashwood Sauvignon Blanc 2025,dailyshot,https://dailyshot.co/m/item/20593?item=231613,True,26000,KRW,26000
2026-09-28 09:00,3936ba9a-b62d-81ef-af94-f3c066281370,Laphroaig 1991 DeDr Whiskyland Chapter 23 700ml (48.3°),rudder,https://theultimatespirits.jp/products/laphroaig-ラフロイグ-1991-34年-whiskyland-chapter-23,True,186120.0,JPY,1604280
2026-09-28 09:00,3e76ba9a-b62d-81ef-baf9-d0fc65114acc,Dashwood Sauvignon Blanc 2025,dailyshot,https://dailyshot.co/m/item/20593?item=231613,True,26000,KRW,26000
2026-09-28 09:30,3936ba9a-b62d-81ef-af94-f3c066281370,Laphroaig 1991 DeDr Whiskyland Chapter 23 700ml (48.3°),rudder,https://theultimatespirits.jp/products/laphroaig-ラフロイグ-1991-34年-whiskyland-chapter-23,True,186120.0,JPY,1604280
2026-09-28 09:30,3e76ba9a-b62d-81ef-baf9-d0fc65114acc,Dashwood Sauvignon Blanc 2025,dailyshot,https://dailyshot.co/m/item/20593?item=231613,True,26000,KRW,26000
2026-09-28 10:00,3936ba9a-b62d-81ef-af94-f3c066281370,Laphroaig 1991 DeDr Whiskyland Chapter 23 700ml (48.3°),rudder,https://theultimatespirits.jp/products/laphroaig-ラフロイグ-1991-34年-whiskyland-chapter-23,True,186120.0,JPY,1604280
2026-09-28 10:00,3e76ba9a-b62d-81ef-baf9-d0fc65114acc,Dashwood Sauvignon Blanc 2025,dailyshot,https://dailyshot.co/m/item/20593?item=231613,True,26000,KRW,26000
2026-09-28 10:30,3936ba9a-b62d-81ef-af94-f3c066281370,Laphroaig 1991 DeDr Whiskyland Chapter 23 700ml (48.3°),rudder,https://theultimatespirits.jp/products/laphroaig-ラフロイグ-1991-34年-whiskyland-chapter-23,True,186120.0,JPY,1604280
2026-09-28 10:30,3e76ba9a-b62d-81ef-baf9-d0fc65114acc,Dashwood Sauvignon Blanc 2025,dailyshot,https://dailyshot.co/m/item/20593?item=231613,True,26000,KRW,26000
2026-09-28 11:00,3936ba9a-b62d-81ef-af94-f3c066281370,Laphroaig 1991 DeDr Whiskyland Chapter 23 700ml (48.3°),rudder,https://theultimatespirits.jp/products/laphroaig-ラフロイグ-1991-34年-whiskyland-chapter-23,True,186120.0,JPY,1604280
2026-09-28 11:00,3e76ba9a-b62d-81ef-baf9-d0fc65114acc,Dashwood Sauvignon Blanc 2025,dailyshot,https://dailyshot.co/m/item/20593?item=231613,True,26000,KRW,26000
2026-09-28 11:30,3936ba9a-b62d-81ef-af94-f3c066281370,Laphroaig 1991 DeDr Whiskyland Chapter 23 700ml (48.3°),rudder,https://theultimatespirits.jp/products/laphroaig-ラフロイグ-1991-34年-whiskyland-chapter-23,True,186120.0,JPY,1604280
2026-09-28 11:30,3e76ba9a-b62d-81ef-baf9-d0fc65114acc,Dashwood Sauvignon Blanc 2025,dailyshot,https://dailyshot.co/m/item/20593?item=231613,True,26000,KRW,26000
2026-09-28 12:00,3936ba9a-b62d-81ef-af94-f3c066281370,Laphroaig 1991 DeDr Whiskyland Chapter 23 700ml (48.3°),rudder,https://theultimatespirits.jp/products/laphroaig-ラフロイグ-1991-34年-whiskyland-chapter-23,True,186120.0,JPY,1604280
2026-09-28 12:00,3e76ba9a-b62d-81ef-baf9-d0fc65114acc,Dashwood Sauvignon Blanc 2025,dailyshot,https://dailyshot.co/m/item/20593?item=231613,True,26000,KRW,26000
2026-09-28 12:30,3936ba9a-b62d-81ef-af94-f3c066281370,Laphroaig 1991 DeDr Whiskyland Chapter 23 700ml (48.3°),rudder,https://theultimatespirits.jp/products/laphroaig-ラフロイグ-1991-34年-whiskyland-chapter-23,True,186120.0,JPY,1604280
2026-09-28 12:30,3e76ba9a-b62d-81ef-baf9-d0fc65114acc,Dashwood Sauvignon Blanc 2025,dailyshot,https://dailyshot.co/m/item/20593?item=231613,True,26000,KRW,26000
2026-09-28 13:00,3936ba9a-b62d-81ef-af94-f3c066281370,Laphroaig 1991 DeDr Whiskyland Chapter 23 700ml (48.3°),rudder,https://theultimatespirits.jp/products/laphroaig-ラフロイグ-1991-34年-whiskyland-chapter-23,True,186120.0,JPY,1604280
2026-09-28 13:00,3e76ba9a-b62d-81ef-baf9-d0fc65114acc,Dashwood Sauvignon Blanc 2025,dailyshot,https://dailyshot.co/m/item/20593?item=231613,True,26000,KRW,26000
2026-09-28 13:30,3936ba9a-b62d-81ef-af94-f3c066281370,Laphroaig 1991 DeDr Whiskyland Chapter 23 700ml (48.3°),rudder,https://theultimatespirits.jp/products/laphroaig-ラフロイグ-1991-34年-whiskyland-chapter-23,True,186120.0,JPY,1604280
2026-09-28 13:30,3e76ba9a-b62d-81ef-baf9-d0fc65114acc,Dashwood Sauvignon Blanc 2025,dailyshot,https://dailyshot.co/m/item/20593?item=231613,True,26000,KRW,26000
2026-09-28 14:00,3936ba9a-b62d-81ef-af94-f3c066281370,Laphroaig 1991 DeDr Whiskyland Chapter 23 700ml (48.3°),rudder,https://theultimatespirits.jp/products/laphroaig-ラフロイグ-1991-34年-whiskyland-chapter-23,True,186120.0,JPY,1604280
2026-09-28 14:00,3e76ba9a-b62d-81ef-baf9-d0fc65114acc,Dashwood Sauvignon Blanc 2025,dailyshot,https://dailyshot.co/m/item/20593?item=231613,True,26000,KRW,26000
2026-09-28 14:30,3936ba9a-b62d-81ef-af94-f3c066281370,Laphroaig 1991 DeDr Whiskyland Chapter 23 700ml (48.3°),rudder,https://theultimatespirits.jp/products/laphroaig-ラフロイグ-1991-34年-whiskyland-chapter-23,True,186120.0,JPY,1604280
2026-09-28 14:30,3e76ba9a-b62d-81ef-baf9-d0fc65114acc,Dashwood Sauvignon Blanc 2025,dailyshot,https://dailyshot.co/m/item/20593?item=231613,True,26000,KRW,26000
2026-09-28 14:47,3936ba9a-b62d-81ef-af94-f3c066281370,Laphroaig 1991 DeDr Whiskyland Chapter 23 700ml (48.3°),rudder,https://theultimatespirits.jp/products/laphroaig-ラフロイグ-1991-34年-whiskyland-chapter-23,True,186120.0,JPY,1604280
2026-09-28 14:47,3e76ba9a-b62d-81ef-baf9-d0fc65114acc,Dashwood Sauvignon Blanc 2025,dailyshot,https://dailyshot.co/m/item/20593?item=231613,True,26000,KRW,26000
2026-09-28 15:00,3936ba9a-b62d-81ef-af94-f3c066281370,Laphroaig 1991 DeDr Whiskyland Chapter 23 700ml (48.3°),rudder,https://theultimatespirits.jp/products/laphroaig-ラフロイグ-1991-34年-whiskyland-chapter-23,True,186120.0,JPY,1604280
2026-09-28 15:00,3e76ba9a-b62d-81ef-baf9-d0fc65114acc,Dashwood Sauvignon Blanc 2025,dailyshot,https://dailyshot.co/m/item/20593?item=231613,True,26000,KRW,26000
2026-09-28 15:30,3936ba9a-b62d-81ef-af94-f3c066281370,Laphroaig 1991 DeDr Whiskyland Chapter 23 700ml (48.3°),rudder,https://theultimatespirits.jp/products/laphroaig-ラフロイグ-1991-34年-whiskyland-chapter-23,True,186120.0,JPY,1604280
2026-09-28 15:30,3e76ba9a-b62d-81ef-baf9-d0fc65114acc,Dashwood Sauvignon Blanc 2025,dailyshot,https://dailyshot.co/m/item/20593?item=231613,True,26000,KRW,26000
2026-09-28 16:00,3936ba9a-b62d-81ef-af94-f3c066281370,Laphroaig 1991 DeDr Whiskyland Chapter 23 700ml (48.3°),rudder,https://theultimatespirits.jp/products/laphroaig-ラフロイグ-1991-34年-whiskyland-chapter-23,True,186120.0,JPY,1604280
2026-09-28 16:00,3e76ba9a-b62d-81ef-baf9-d0fc65114acc,Dashwood Sauvignon Blanc 2025,dailyshot,https://dailyshot.co/m/item/20593?item=231613,True,26000,KRW,26000
2026-09-28 16:30,3936ba9a-b62d-81ef-af94-f3c066281370,Laphroaig 1991 DeDr Whiskyland Chapter 23 700ml (48.3°),rudder,https://theultimatespirits.jp/products/laphroaig-ラフロイグ-1991-34年-whiskyland-chapter-23,True,186120.0,JPY,1604280
2026-09-28 16:30,3e76ba9a-b62d-81ef-baf9-d0fc65114acc,Dashwood Sauvignon Blanc 2025,dailyshot,https://dailyshot.co/m/item/20593?item=231613,True,26000,KRW,26000
2026-09-28 16:40,3936ba9a-b62d-81ef-af94-f3c066281370,Laphroaig 1991 DeDr Whiskyland Chapter 23 700ml (48.3°),rudder,https://theultimatespirits.jp/products/laphroaig-ラフロイグ-1991-34年-whiskyland-chapter-23,True,186120.0,JPY,1604280
2026-09-28 16:40,3e76ba9a-b62d-81ef-baf9-d0fc65114acc,Dashwood Sauvignon Blanc 2025,dailyshot,https://dailyshot.co/m/item/20593?item=231613,True,26000,KRW,26000
2026-09-28 16:50,3936ba9a-b62d-81ef-af94-f3c066281370,Laphroaig 1991 DeDr Whiskyland Chapter 23 700ml (48.3°),rudder,https://theultimatespirits.jp/products/laphroaig-ラフロイグ-1991-34年-whiskyland-chapter-23,True,186120.0,JPY,1604280
2026-09-28 16:50,3e76ba9a-b62d-81ef-baf9-d0fc65114acc,Dashwood Sauvignon Blanc 2025,dailyshot,https://dailyshot.co/m/item/20593?item=231613,True,26000,KRW,26000
2026-09-28 17:00,3936ba9a-b62d-81ef-af94-f3c066281370,Laphroaig 1991 DeDr Whiskyland Chapter 23 700ml (48.3°),rudder,https://theultimatespirits.jp/products/laphroaig-ラフロイグ-1991-34年-whiskyland-chapter-23,True,186120.0,JPY,1604280
2026-09-28 17:00,3e76ba9a-b62d-81ef-baf9-d0fc65114acc,Dashwood Sauvignon Blanc 2025,dailyshot,https://dailyshot.co/m/item/20593?item=231613,True,26000,KRW,26000
2026-09-28 17:10,3936ba9a-b62d-81ef-af94-f3c066281370,Laphroaig 1991 DeDr Whiskyland Chapter 23 700ml (48.3°),rudder,https://theultimatespirits.jp/products/laphroaig-ラフロイグ-1991-34年-whiskyland-chapter-23,True,186120.0,JPY,1604280
2026-09-28 17:10,3e76ba9a-b62d-81ef-baf9-d0fc65114acc,Dashwood Sauvignon Blanc 2025,dailyshot,https://dailyshot.co/m/item/20593?item=231613,True,26000,KRW,26000
2026-09-28 17:20,3936ba9a-b62d-81ef-af94-f3c066281370,Laphroaig 1991 DeDr Whiskyland Chapter 23 700ml (48.3°),rudder,https://theultimatespirits.jp/products/laphroaig-ラフロイグ-1991-34年-whiskyland-chapter-23,True,186120.0,JPY,1604280
2026-09-28 17:20,3e76ba9a-b62d-81ef-baf9-d0fc65114acc,Dashwood Sauvignon Blanc 2025,dailyshot,https://dailyshot.co/m/item/20593?item=231613,True,26000,KRW,26000
2026-09-28 17:30,3936ba9a-b62d-81ef-af94-f3c066281370,Laphroaig 1991 DeDr Whiskyland Chapter 23 700ml (48.3°),rudder,https://theultimatespirits.jp/products/laphroaig-ラフロイグ-1991-34年-whiskyland-chapter-23,True,186120.0,JPY,1604280
2026-09-28 17:30,3e76ba9a-b62d-81ef-baf9-d0fc65114acc,Dashwood Sauvignon Blanc 2025,dailyshot,https://dailyshot.co/m/item/20593?item=231613,True,26000,KRW,26000
2026-09-28 17:40,3936ba9a-b62d-81ef-af94-f3c066281370,Laphroaig 1991 DeDr Whiskyland Chapter 23 700ml (48.3°),rudder,https://theultimatespirits.jp/products/laphroaig-ラフロイグ-1991-34年-whiskyland-chapter-23,True,186120.0,JPY,1604280
2026-09-28 17:40,3e76ba9a-b62d-81ef-baf9-d0fc65114acc,Dashwood Sauvignon Blanc 2025,dailyshot,https://dailyshot.co/m/item/20593?item=231613,True,26000,KRW,26000
2026-09-28 17:50,3936ba9a-b62d-81ef-af94-f3c066281370,Laphroaig 1991 DeDr Whiskyland Chapter 23 700ml (48.3°),rudder,https://theultimatespirits.jp/products/laphroaig-ラフロイグ-1991-34年-whiskyland-chapter-23,True,186120.0,JPY,1604280
2026-09-28 17:50,3e76ba9a-b62d-81ef-baf9-d0fc65114acc,Dashwood Sauvignon Blanc 2025,dailyshot,https://dailyshot.co/m/item/20593?item=231613,True,26000,KRW,26000
2026-09-28 18:00,3936ba9a-b62d-81ef-af94-f3c066281370,Laphroaig 1991 DeDr Whiskyland Chapter 23 700ml (48.3°),rudder,https://theultimatespirits.jp/products/laphroaig-ラフロイグ-1991-34年-whiskyland-chapter-23,True,186120.0,JPY,1604280
2026-09-28 18:00,3e76ba9a-b62d-81ef-baf9-d0fc65114acc,Dashwood Sauvignon Blanc 2025,dailyshot,https://dailyshot.co/m/item/20593?item=231613,True,26000,KRW,26000
2026-09-28 18:11,3936ba9a-b62d-81ef-af94-f3c066281370,Laphroaig 1991 DeDr Whiskyland Chapter 23 700ml (48.3°),rudder,https://theultimatespirits.jp/products/laphroaig-ラフロイグ-1991-34年-whiskyland-chapter-23,True,186120.0,JPY,1604280
2026-09-28 18:11,3e76ba9a-b62d-81ef-baf9-d0fc65114acc,Dashwood Sauvignon Blanc 2025,dailyshot,https://dailyshot.co/m/item/20593?item=231613,True,26000,KRW,26000
2026-09-28 18:20,3936ba9a-b62d-81ef-af94-f3c066281370,Laphroaig 1991 DeDr Whiskyland Chapter 23 700ml (48.3°),rudder,https://theultimatespirits.jp/products/laphroaig-ラフロイグ-1991-34年-whiskyland-chapter-23,True,186120.0,JPY,1604280
2026-09-28 18:20,3e76ba9a-b62d-81ef-baf9-d0fc65114acc,Dashwood Sauvignon Blanc 2025,dailyshot,https://dailyshot.co/m/item/20593?item=231613,True,26000,KRW,26000
2026-09-28 18:30,3936ba9a-b62d-81ef-af94-f3c066281370,Laphroaig 1991 DeDr Whiskyland Chapter 23 700ml (48.3°),rudder,https://theultimatespirits.jp/products/laphroaig-ラフロイグ-1991-34年-whiskyland-chapter-23,True,186120.0,JPY,1604280
2026-09-28 18:30,3e76ba9a-b62d-81ef-baf9-d0fc65114acc,Dashwood Sauvignon Blanc 2025,dailyshot,https://dailyshot.co/m/item/20593?item=231613,True,26000,KRW,26000
2026-09-28 18:57,3936ba9a-b62d-81ef-af94-f3c066281370,Laphroaig 1991 DeDr Whiskyland Chapter 23 700ml (48.3°),rudder,https://theultimatespirits.jp/products/laphroaig-ラフロイグ-1991-34年-whiskyland-chapter-23,True,186120.0,JPY,1604280
2026-09-28 18:57,3e76ba9a-b62d-81ef-baf9-d0fc65114acc,Dashwood Sauvignon Blanc 2025,dailyshot,https://dailyshot.co/m/item/20593?item=231613,True,26000,KRW,26000
2026-09-28 19:00,3936ba9a-b62d-81ef-af94-f3c066281370,Laphroaig 1991 DeDr Whiskyland Chapter 23 700ml (48.3°),rudder,https://theultimatespirits.jp/products/laphroaig-ラフロイグ-1991-34年-whiskyland-chapter-23,True,186120.0,JPY,1604280
2026-09-28 19:00,3e76ba9a-b62d-81ef-baf9-d0fc65114acc,Dashwood Sauvignon Blanc 2025,dailyshot,https://dailyshot.co/m/item/20593?item=231613,True,26000,KRW,26000
2026-09-28 19:30,3936ba9a-b62d-81ef-af94-f3c066281370,Laphroaig 1991 DeDr Whiskyland Chapter 23 700ml (48.3°),rudder,https://theultimatespirits.jp/products/laphroaig-ラフロイグ-1991-34年-whiskyland-chapter-23,True,186120.0,JPY,1604280
2026-09-28 19:30,3e76ba9a-b62d-81ef-baf9-d0fc65114acc,Dashwood Sauvignon Blanc 2025,dailyshot,https://dailyshot.co/m/item/20593?item=231613,True,26000,KRW,26000
2026-09-28 20:00,3936ba9a-b62d-81ef-af94-f3c066281370,Laphroaig 1991 DeDr Whiskyland Chapter 23 700ml (48.3°),rudder,https://theultimatespirits.jp/products/laphroaig-ラフロイグ-1991-34年-whiskyland-chapter-23,True,186120.0,JPY,1604280
2026-09-28 20:00,3e76ba9a-b62d-81ef-baf9-d0fc65114acc,Dashwood Sauvignon Blanc 2025,dailyshot,https://dailyshot.co/m/item/20593?item=231613,True,26000,KRW,26000
2026-09-28 20:30,3936ba9a-b62d-81ef-af94-f3c066281370,Laphroaig 1991 DeDr Whiskyland Chapter 23 700ml (48.3°),rudder,https://theultimatespirits.jp/products/laphroaig-ラフロイグ-1991-34年-whiskyland-chapter-23,True,186120.0,JPY,1604280
2026-09-28 20:30,3e76ba9a-b62d-81ef-baf9-d0fc65114acc,Dashwood Sauvignon Blanc 2025,dailyshot,https://dailyshot.co/m/item/20593?item=231613,True,26000,KRW,26000
2026-09-28 21:00,3936ba9a-b62d-81ef-af94-f3c066281370,Laphroaig 1991 DeDr Whiskyland Chapter 23 700ml (48.3°),rudder,https://theultimatespirits.jp/products/laphroaig-ラフロイグ-1991-34年-whiskyland-chapter-23,True,186120.0,JPY,1604280
2026-09-28 21:00,3e76ba9a-b62d-81ef-baf9-d0fc65114acc,Dashwood Sauvignon Blanc 2025,dailyshot,https://dailyshot.co/m/item/20593?item=231613,True,26000,KRW,26000
2026-09-28 21:30,3936ba9a-b62d-81ef-af94-f3c066281370,Laphroaig 1991 DeDr Whiskyland Chapter 23 700ml (48.3°),rudder,https://theultimatespirits.jp/products/laphroaig-ラフロイグ-1991-34年-whiskyland-chapter-23,True,186120.0,JPY,1604280
2026-09-28 21:30,3e76ba9a-b62d-81ef-baf9-d0fc65114acc,Dashwood Sauvignon Blanc 2025,dailyshot,https://dailyshot.co/m/item/20593?item=231613,True,26000,KRW,26000
2026-09-28 22:01,3936ba9a-b62d-81ef-af94-f3c066281370,Laphroaig 1991 DeDr Whiskyland Chapter 23 700ml (48.3°),rudder,https://theultimatespirits.jp/products/laphroaig-ラフロイグ-1991-34年-whiskyland-chapter-23,True,186120.0,JPY,1604280
2026-09-28 22:01,3e76ba9a-b62d-81ef-baf9-d0fc65114acc,Dashwood Sauvignon Blanc 2025,dailyshot,https://dailyshot.co/m/item/20593?item=231613,True,26000,KRW,26000
2026-09-28 22:30,3936ba9a-b62d-81ef-af94-f3c066281370,Laphroaig 1991 DeDr Whiskyland Chapter 23 700ml (48.3°),rudder,https://theultimatespirits.jp/products/laphroaig-ラフロイグ-1991-34年-whiskyland-chapter-23,True,186120.0,JPY,1604280
2026-09-28 22:30,3e76ba9a-b62d-81ef-baf9-d0fc65114acc,Dashwood Sauvignon Blanc 2025,dailyshot,https://dailyshot.co/m/item/20593?item=231613,True,26000,KRW,26000
2026-09-28 23:00,3936ba9a-b62d-81ef-af94-f3c066281370,Laphroaig 1991 DeDr Whiskyland Chapter 23 700ml (48.3°),rudder,https://theultimatespirits.jp/products/laphroaig-ラフロイグ-1991-34年-whiskyland-chapter-23,True,186120.0,JPY,1604280
2026-09-28 23:00,3e76ba9a-b62d-81ef-baf9-d0fc65114acc,Dashwood Sauvignon Blanc 2025,dailyshot,https://dailyshot.co/m/item/20593?item=231613,True,26000,KRW,26000
2026-09-28 23:24,3936ba9a-b62d-81ef-af94-f3c066281370,Laphroaig 1991 DeDr Whiskyland Chapter 23 700ml (48.3°),rudder,https://theultimatespirits.jp/products/laphroaig-ラフロイグ-1991-34年-whiskyland-chapter-23,True,186120.0,JPY,1604280
2026-09-28 23:24,3e76ba9a-b62d-81ef-baf9-d0fc65114acc,Dashwood Sauvignon Blanc 2025,dailyshot,https://dailyshot.co/m/item/20593?item=231613,True,26000,KRW,26000
2026-09-28 23:30,3936ba9a-b62d-81ef-af94-f3c066281370,Laphroaig 1991 DeDr Whiskyland Chapter 23 700ml (48.3°),rudder,https://theultimatespirits.jp/products/laphroaig-ラフロイグ-1991-34年-whiskyland-chapter-23,True,186120.0,JPY,1604280
2026-09-28 23:30,3e76ba9a-b62d-81ef-baf9-d0fc65114acc,Dashwood Sauvignon Blanc 2025,dailyshot,https://dailyshot.co/m/item/20593?item=231613,True,26000,KRW,26000
2026-09-29 00:10,3936ba9a-b62d-81ef-af94-f3c066281370,Laphroaig 1991 DeDr Whiskyland Chapter 23 700ml (48.3°),rudder,https://theultimatespirits.jp/products/laphroaig-ラフロイグ-1991-34年-whiskyland-chapter-23,True,186120.0,JPY,1603275
2026-09-29 00:10,3e76ba9a-b62d-81ef-baf9-d0fc65114acc,Dashwood Sauvignon Blanc 2025,dailyshot,https://dailyshot.co/m/item/20593?item=231613,True,26000,KRW,26000
2026-09-29 02:10,3936ba9a-b62d-81ef-af94-f3c066281370,Laphroaig 1991 DeDr Whiskyland Chapter 23 700ml (48.3°),rudder,https://theultimatespirits.jp/products/laphroaig-ラフロイグ-1991-34年-whiskyland-chapter-23,True,186120.0,JPY,1603275
2026-09-29 02:10,3e76ba9a-b62d-81ef-baf9-d0fc65114acc,Dashwood Sauvignon Blanc 2025,dailyshot,https://dailyshot.co/m/item/20593?item=231613,True,26000,KRW,26000
2026-09-29 04:10,3936ba9a-b62d-81ef-af94-f3c066281370,Laphroaig 1991 DeDr Whiskyland Chapter 23 700ml (48.3°),rudder,https://theultimatespirits.jp/products/laphroaig-ラフロイグ-1991-34年-whiskyland-chapter-23,True,186120.0,JPY,1603275
2026-09-29 04:10,3e76ba9a-b62d-81ef-baf9-d0fc65114acc,Dashwood Sauvignon Blanc 2025,dailyshot,https://dailyshot.co/m/item/20593?item=231613,True,26000,KRW,26000
2026-09-29 06:10,3936ba9a-b62d-81ef-af94-f3c066281370,Laphroaig 1991 DeDr Whiskyland Chapter 23 700ml (48.3°),rudder,https://theultimatespirits.jp/products/laphroaig-ラフロイグ-1991-34年-whiskyland-chapter-23,True,186120.0,JPY,1603275
2026-09-29 06:10,3e76ba9a-b62d-81ef-baf9-d0fc65114acc,Dashwood Sauvignon Blanc 2025,dailyshot,https://dailyshot.co/m/item/20593?item=231613,True,26000,KRW,26000
2026-09-29 07:57,3936ba9a-b62d-81ef-af94-f3c066281370,Laphroaig 1991 DeDr Whiskyland Chapter 23 700ml (48.3°),rudder,https://theultimatespirits.jp/products/laphroaig-ラフロイグ-1991-34年-whiskyland-chapter-23,True,186120.0,JPY,1603275
2026-09-29 07:57,3e76ba9a-b62d-81ef-baf9-d0fc65114acc,Dashwood Sauvignon Blanc 2025,dailyshot,https://dailyshot.co/m/item/20593?item=231613,True,26000,KRW,26000
2026-09-29 08:00,3936ba9a-b62d-81ef-af94-f3c066281370,Laphroaig 1991 DeDr Whiskyland Chapter 23 700ml (48.3°),rudder,https://theultimatespirits.jp/products/laphroaig-ラフロイグ-1991-34年-whiskyland-chapter-23,True,186120.0,JPY,1603275
2026-09-29 08:00,3e76ba9a-b62d-81ef-baf9-d0fc65114acc,Dashwood Sauvignon Blanc 2025,dailyshot,https://dailyshot.co/m/item/20593?item=231613,True,26000,KRW,26000
2026-09-29 08:28,3936ba9a-b62d-81ef-af94-f3c066281370,Laphroaig 1991 DeDr Whiskyland Chapter 23 700ml (48.3°),rudder,https://theultimatespirits.jp/products/laphroaig-ラフロイグ-1991-34年-whiskyland-chapter-23,True,186120.0,JPY,1603275
2026-09-29 08:28,3e76ba9a-b62d-81ef-baf9-d0fc65114acc,Dashwood Sauvignon Blanc 2025,dailyshot,https://dailyshot.co/m/item/20593?item=231613,True,26000,KRW,26000
2026-09-29 08:30,3936ba9a-b62d-81ef-af94-f3c066281370,Laphroaig 1991 DeDr Whiskyland Chapter 23 700ml (48.3°),rudder,https://theultimatespirits.jp/products/laphroaig-ラフロイグ-1991-34年-whiskyland-chapter-23,True,186120.0,JPY,1603275
2026-09-29 08:30,3e76ba9a-b62d-81ef-baf9-d0fc65114acc,Dashwood Sauvignon Blanc 2025,dailyshot,https://dailyshot.co/m/item/20593?item=231613,True,26000,KRW,26000
2026-09-29 09:00,3936ba9a-b62d-81ef-af94-f3c066281370,Laphroaig 1991 DeDr Whiskyland Chapter 23 700ml (48.3°),rudder,https://theultimatespirits.jp/products/laphroaig-ラフロイグ-1991-34年-whiskyland-chapter-23,True,186120.0,JPY,1603275
2026-09-29 09:00,3e76ba9a-b62d-81ef-baf9-d0fc65114acc,Dashwood Sauvignon Blanc 2025,dailyshot,https://dailyshot.co/m/item/20593?item=231613,True,26000,KRW,26000
2026-09-29 09:30,3936ba9a-b62d-81ef-af94-f3c066281370,Laphroaig 1991 DeDr Whiskyland Chapter 23 700ml (48.3°),rudder,https://theultimatespirits.jp/products/laphroaig-ラフロイグ-1991-34年-whiskyland-chapter-23,True,186120.0,JPY,1603275
2026-09-29 09:30,3e76ba9a-b62d-81ef-baf9-d0fc65114acc,Dashwood Sauvignon Blanc 2025,dailyshot,https://dailyshot.co/m/item/20593?item=231613,True,26000,KRW,26000
2026-09-29 10:01,3936ba9a-b62d-81ef-af94-f3c066281370,Laphroaig 1991 DeDr Whiskyland Chapter 23 700ml (48.3°),rudder,https://theultimatespirits.jp/products/laphroaig-ラフロイグ-1991-34年-whiskyland-chapter-23,True,186120.0,JPY,1603275
2026-09-29 10:01,3e76ba9a-b62d-81ef-baf9-d0fc65114acc,Dashwood Sauvignon Blanc 2025,dailyshot,https://dailyshot.co/m/item/20593?item=231613,True,26000,KRW,26000
2026-09-29 10:30,3936ba9a-b62d-81ef-af94-f3c066281370,Laphroaig 1991 DeDr Whiskyland Chapter 23 700ml (48.3°),rudder,https://theultimatespirits.jp/products/laphroaig-ラフロイグ-1991-34年-whiskyland-chapter-23,True,186120.0,JPY,1603275
2026-09-29 10:30,3e76ba9a-b62d-81ef-baf9-d0fc65114acc,Dashwood Sauvignon Blanc 2025,dailyshot,https://dailyshot.co/m/item/20593?item=231613,True,26000,KRW,26000
2026-09-29 11:00,3936ba9a-b62d-81ef-af94-f3c066281370,Laphroaig 1991 DeDr Whiskyland Chapter 23 700ml (48.3°),rudder,https://theultimatespirits.jp/products/laphroaig-ラフロイグ-1991-34年-whiskyland-chapter-23,True,186120.0,JPY,1603275
2026-09-29 11:00,3e76ba9a-b62d-81ef-baf9-d0fc65114acc,Dashwood Sauvignon Blanc 2025,dailyshot,https://dailyshot.co/m/item/20593?item=231613,True,26000,KRW,26000
2026-09-29 11:30,3936ba9a-b62d-81ef-af94-f3c066281370,Laphroaig 1991 DeDr Whiskyland Chapter 23 700ml (48.3°),rudder,https://theultimatespirits.jp/products/laphroaig-ラフロイグ-1991-34年-whiskyland-chapter-23,True,186120.0,JPY,1603275
2026-09-29 11:30,3e76ba9a-b62d-81ef-baf9-d0fc65114acc,Dashwood Sauvignon Blanc 2025,dailyshot,https://dailyshot.co/m/item/20593?item=231613,True,26000,KRW,26000
2026-09-29 12:00,3936ba9a-b62d-81ef-af94-f3c066281370,Laphroaig 1991 DeDr Whiskyland Chapter 23 700ml (48.3°),rudder,https://theultimatespirits.jp/products/laphroaig-ラフロイグ-1991-34年-whiskyland-chapter-23,True,186120.0,JPY,1603275
2026-09-29 12:00,3e76ba9a-b62d-81ef-baf9-d0fc65114acc,Dashwood Sauvignon Blanc 2025,dailyshot,https://dailyshot.co/m/item/20593?item=231613,True,26000,KRW,26000
2026-09-29 12:30,3936ba9a-b62d-81ef-af94-f3c066281370,Laphroaig 1991 DeDr Whiskyland Chapter 23 700ml (48.3°),rudder,https://theultimatespirits.jp/products/laphroaig-ラフロイグ-1991-34年-whiskyland-chapter-23,True,186120.0,JPY,1603275
2026-09-29 12:30,3e76ba9a-b62d-81ef-baf9-d0fc65114acc,Dashwood Sauvignon Blanc 2025,dailyshot,https://dailyshot.co/m/item/20593?item=231613,True,26000,KRW,26000
2026-09-29 13:00,3936ba9a-b62d-81ef-af94-f3c066281370,Laphroaig 1991 DeDr Whiskyland Chapter 23 700ml (48.3°),rudder,https://theultimatespirits.jp/products/laphroaig-ラフロイグ-1991-34年-whiskyland-chapter-23,True,186120.0,JPY,1603275
2026-09-29 13:00,3e76ba9a-b62d-81ef-baf9-d0fc65114acc,Dashwood Sauvignon Blanc 2025,dailyshot,https://dailyshot.co/m/item/20593?item=231613,True,26000,KRW,26000
2026-09-29 13:30,3936ba9a-b62d-81ef-af94-f3c066281370,Laphroaig 1991 DeDr Whiskyland Chapter 23 700ml (48.3°),rudder,https://theultimatespirits.jp/products/laphroaig-ラフロイグ-1991-34年-whiskyland-chapter-23,True,186120.0,JPY,1603275
2026-09-29 13:30,3e76ba9a-b62d-81ef-baf9-d0fc65114acc,Dashwood Sauvignon Blanc 2025,dailyshot,https://dailyshot.co/m/item/20593?item=231613,True,26000,KRW,26000
2026-09-29 14:00,3936ba9a-b62d-81ef-af94-f3c066281370,Laphroaig 1991 DeDr Whiskyland Chapter 23 700ml (48.3°),rudder,https://theultimatespirits.jp/products/laphroaig-ラフロイグ-1991-34年-whiskyland-chapter-23,True,186120.0,JPY,1603275
2026-09-29 14:00,3e76ba9a-b62d-81ef-baf9-d0fc65114acc,Dashwood Sauvignon Blanc 2025,dailyshot,https://dailyshot.co/m/item/20593?item=231613,True,26000,KRW,26000
2026-09-29 14:30,3936ba9a-b62d-81ef-af94-f3c066281370,Laphroaig 1991 DeDr Whiskyland Chapter 23 700ml (48.3°),rudder,https://theultimatespirits.jp/products/laphroaig-ラフロイグ-1991-34年-whiskyland-chapter-23,True,186120.0,JPY,1603275
2026-09-29 14:30,3e76ba9a-b62d-81ef-baf9-d0fc65114acc,Dashwood Sauvignon Blanc 2025,dailyshot,https://dailyshot.co/m/item/20593?item=231613,True,26000,KRW,26000
2026-09-29 15:02,3936ba9a-b62d-81ef-af94-f3c066281370,Laphroaig 1991 DeDr Whiskyland Chapter 23 700ml (48.3°),rudder,https://theultimatespirits.jp/products/laphroaig-ラフロイグ-1991-34年-whiskyland-chapter-23,True,186120.0,JPY,1603275
2026-09-29 15:02,3e76ba9a-b62d-81ef-baf9-d0fc65114acc,Dashwood Sauvignon Blanc 2025,dailyshot,https://dailyshot.co/m/item/20593?item=231613,True,26000,KRW,26000
2026-09-29 15:30,3936ba9a-b62d-81ef-af94-f3c066281370,Laphroaig 1991 DeDr Whiskyland Chapter 23 700ml (48.3°),rudder,https://theultimatespirits.jp/products/laphroaig-ラフロイグ-1991-34年-whiskyland-chapter-23,True,186120.0,JPY,1603275
2026-09-29 15:30,3e76ba9a-b62d-81ef-baf9-d0fc65114acc,Dashwood Sauvignon Blanc 2025,dailyshot,https://dailyshot.co/m/item/20593?item=231613,True,26000,KRW,26000
2026-09-29 16:00,3936ba9a-b62d-81ef-af94-f3c066281370,Laphroaig 1991 DeDr Whiskyland Chapter 23 700ml (48.3°),rudder,https://theultimatespirits.jp/products/laphroaig-ラフロイグ-1991-34年-whiskyland-chapter-23,True,186120.0,JPY,1603275
2026-09-29 16:00,3e76ba9a-b62d-81ef-baf9-d0fc65114acc,Dashwood Sauvignon Blanc 2025,dailyshot,https://dailyshot.co/m/item/20593?item=231613,True,26000,KRW,26000
2026-09-29 16:30,3936ba9a-b62d-81ef-af94-f3c066281370,Laphroaig 1991 DeDr Whiskyland Chapter 23 700ml (48.3°),rudder,https://theultimatespirits.jp/products/laphroaig-ラフロイグ-1991-34年-whiskyland-chapter-23,True,186120.0,JPY,1603275
2026-09-29 16:30,3e76ba9a-b62d-81ef-baf9-d0fc65114acc,Dashwood Sauvignon Blanc 2025,dailyshot,https://dailyshot.co/m/item/20593?item=231613,True,26000,KRW,26000
2026-09-29 16:40,3936ba9a-b62d-81ef-af94-f3c066281370,Laphroaig 1991 DeDr Whiskyland Chapter 23 700ml (48.3°),rudder,https://theultimatespirits.jp/products/laphroaig-ラフロイグ-1991-34年-whiskyland-chapter-23,True,186120.0,JPY,1603275
2026-09-29 16:40,3e76ba9a-b62d-81ef-baf9-d0fc65114acc,Dashwood Sauvignon Blanc 2025,dailyshot,https://dailyshot.co/m/item/20593?item=231613,True,26000,KRW,26000
2026-09-29 16:50,3936ba9a-b62d-81ef-af94-f3c066281370,Laphroaig 1991 DeDr Whiskyland Chapter 23 700ml (48.3°),rudder,https://theultimatespirits.jp/products/laphroaig-ラフロイグ-1991-34年-whiskyland-chapter-23,True,186120.0,JPY,1603275
2026-09-29 16:50,3e76ba9a-b62d-81ef-baf9-d0fc65114acc,Dashwood Sauvignon Blanc 2025,dailyshot,https://dailyshot.co/m/item/20593?item=231613,True,26000,KRW,26000
2026-09-29 17:00,3936ba9a-b62d-81ef-af94-f3c066281370,Laphroaig 1991 DeDr Whiskyland Chapter 23 700ml (48.3°),rudder,https://theultimatespirits.jp/products/laphroaig-ラフロイグ-1991-34年-whiskyland-chapter-23,True,186120.0,JPY,1603275
2026-09-29 17:00,3e76ba9a-b62d-81ef-baf9-d0fc65114acc,Dashwood Sauvignon Blanc 2025,dailyshot,https://dailyshot.co/m/item/20593?item=231613,True,26000,KRW,26000
2026-09-29 17:10,3936ba9a-b62d-81ef-af94-f3c066281370,Laphroaig 1991 DeDr Whiskyland Chapter 23 700ml (48.3°),rudder,https://theultimatespirits.jp/products/laphroaig-ラフロイグ-1991-34年-whiskyland-chapter-23,True,186120.0,JPY,1603275
2026-09-29 17:10,3e76ba9a-b62d-81ef-baf9-d0fc65114acc,Dashwood Sauvignon Blanc 2025,dailyshot,https://dailyshot.co/m/item/20593?item=231613,True,26000,KRW,26000
2026-09-29 17:20,3936ba9a-b62d-81ef-af94-f3c066281370,Laphroaig 1991 DeDr Whiskyland Chapter 23 700ml (48.3°),rudder,https://theultimatespirits.jp/products/laphroaig-ラフロイグ-1991-34年-whiskyland-chapter-23,True,186120.0,JPY,1603275
2026-09-29 17:20,3e76ba9a-b62d-81ef-baf9-d0fc65114acc,Dashwood Sauvignon Blanc 2025,dailyshot,https://dailyshot.co/m/item/20593?item=231613,True,26000,KRW,26000
2026-09-29 17:30,3936ba9a-b62d-81ef-af94-f3c066281370,Laphroaig 1991 DeDr Whiskyland Chapter 23 700ml (48.3°),rudder,https://theultimatespirits.jp/products/laphroaig-ラフロイグ-1991-34年-whiskyland-chapter-23,True,186120.0,JPY,1603275
2026-09-29 17:30,3e76ba9a-b62d-81ef-baf9-d0fc65114acc,Dashwood Sauvignon Blanc 2025,dailyshot,https://dailyshot.co/m/item/20593?item=231613,True,26000,KRW,26000
2026-09-29 17:41,3936ba9a-b62d-81ef-af94-f3c066281370,Laphroaig 1991 DeDr Whiskyland Chapter 23 700ml (48.3°),rudder,https://theultimatespirits.jp/products/laphroaig-ラフロイグ-1991-34年-whiskyland-chapter-23,True,186120.0,JPY,1603275
2026-09-29 17:41,3e76ba9a-b62d-81ef-baf9-d0fc65114acc,Dashwood Sauvignon Blanc 2025,dailyshot,https://dailyshot.co/m/item/20593?item=231613,True,26000,KRW,26000
2026-09-29 17:50,3936ba9a-b62d-81ef-af94-f3c066281370,Laphroaig 1991 DeDr Whiskyland Chapter 23 700ml (48.3°),rudder,https://theultimatespirits.jp/products/laphroaig-ラフロイグ-1991-34年-whiskyland-chapter-23,True,186120.0,JPY,1603275
2026-09-29 17:50,3e76ba9a-b62d-81ef-baf9-d0fc65114acc,Dashwood Sauvignon Blanc 2025,dailyshot,https://dailyshot.co/m/item/20593?item=231613,True,26000,KRW,26000
2026-09-29 18:00,3936ba9a-b62d-81ef-af94-f3c066281370,Laphroaig 1991 DeDr Whiskyland Chapter 23 700ml (48.3°),rudder,https://theultimatespirits.jp/products/laphroaig-ラフロイグ-1991-34年-whiskyland-chapter-23,True,186120.0,JPY,1603275
2026-09-29 18:00,3e76ba9a-b62d-81ef-baf9-d0fc65114acc,Dashwood Sauvignon Blanc 2025,dailyshot,https://dailyshot.co/m/item/20593?item=231613,True,26000,KRW,26000
2026-09-29 18:10,3936ba9a-b62d-81ef-af94-f3c066281370,Laphroaig 1991 DeDr Whiskyland Chapter 23 700ml (48.3°),rudder,https://theultimatespirits.jp/products/laphroaig-ラフロイグ-1991-34年-whiskyland-chapter-23,True,186120.0,JPY,1603275
2026-09-29 18:10,3e76ba9a-b62d-81ef-baf9-d0fc65114acc,Dashwood Sauvignon Blanc 2025,dailyshot,https://dailyshot.co/m/item/20593?item=231613,True,26000,KRW,26000
2026-09-29 18:20,3936ba9a-b62d-81ef-af94-f3c066281370,Laphroaig 1991 DeDr Whiskyland Chapter 23 700ml (48.3°),rudder,https://theultimatespirits.jp/products/laphroaig-ラフロイグ-1991-34年-whiskyland-chapter-23,True,186120.0,JPY,1603275
2026-09-29 18:20,3e76ba9a-b62d-81ef-baf9-d0fc65114acc,Dashwood Sauvignon Blanc 2025,dailyshot,https://dailyshot.co/m/item/20593?item=231613,True,26000,KRW,26000
2026-09-29 18:30,3936ba9a-b62d-81ef-af94-f3c066281370,Laphroaig 1991 DeDr Whiskyland Chapter 23 700ml (48.3°),rudder,https://theultimatespirits.jp/products/laphroaig-ラフロイグ-1991-34年-whiskyland-chapter-23,True,186120.0,JPY,1603275
2026-09-29 18:30,3e76ba9a-b62d-81ef-baf9-d0fc65114acc,Dashwood Sauvignon Blanc 2025,dailyshot,https://dailyshot.co/m/item/20593?item=231613,True,26000,KRW,26000
2026-09-29 18:57,3936ba9a-b62d-81ef-af94-f3c066281370,Laphroaig 1991 DeDr Whiskyland Chapter 23 700ml (48.3°),rudder,https://theultimatespirits.jp/products/laphroaig-ラフロイグ-1991-34年-whiskyland-chapter-23,True,186120.0,JPY,1603275
2026-09-29 18:57,3e76ba9a-b62d-81ef-baf9-d0fc65114acc,Dashwood Sauvignon Blanc 2025,dailyshot,https://dailyshot.co/m/item/20593?item=231613,True,26000,KRW,26000
2026-09-29 19:01,3936ba9a-b62d-81ef-af94-f3c066281370,Laphroaig 1991 DeDr Whiskyland Chapter 23 700ml (48.3°),rudder,https://theultimatespirits.jp/products/laphroaig-ラフロイグ-1991-34年-whiskyland-chapter-23,True,186120.0,JPY,1603275
2026-09-29 19:01,3e76ba9a-b62d-81ef-baf9-d0fc65114acc,Dashwood Sauvignon Blanc 2025,dailyshot,https://dailyshot.co/m/item/20593?item=231613,True,26000,KRW,26000
2026-09-29 19:30,3936ba9a-b62d-81ef-af94-f3c066281370,Laphroaig 1991 DeDr Whiskyland Chapter 23 700ml (48.3°),rudder,https://theultimatespirits.jp/products/laphroaig-ラフロイグ-1991-34年-whiskyland-chapter-23,True,186120.0,JPY,1603275
2026-09-29 19:30,3e76ba9a-b62d-81ef-baf9-d0fc65114acc,Dashwood Sauvignon Blanc 2025,dailyshot,https://dailyshot.co/m/item/20593?item=231613,True,26000,KRW,26000
2026-09-29 20:00,3936ba9a-b62d-81ef-af94-f3c066281370,Laphroaig 1991 DeDr Whiskyland Chapter 23 700ml (48.3°),rudder,https://theultimatespirits.jp/products/laphroaig-ラフロイグ-1991-34年-whiskyland-chapter-23,True,186120.0,JPY,1603275
2026-09-29 20:00,3e76ba9a-b62d-81ef-baf9-d0fc65114acc,Dashwood Sauvignon Blanc 2025,dailyshot,https://dailyshot.co/m/item/20593?item=231613,True,26000,KRW,26000
2026-09-29 20:30,3936ba9a-b62d-81ef-af94-f3c066281370,Laphroaig 1991 DeDr Whiskyland Chapter 23 700ml (48.3°),rudder,https://theultimatespirits.jp/products/laphroaig-ラフロイグ-1991-34年-whiskyland-chapter-23,True,186120.0,JPY,1603275
2026-09-29 20:30,3e76ba9a-b62d-81ef-baf9-d0fc65114acc,Dashwood Sauvignon Blanc 2025,dailyshot,https://dailyshot.co/m/item/20593?item=231613,True,26000,KRW,26000
2026-09-29 21:00,3936ba9a-b62d-81ef-af94-f3c066281370,Laphroaig 1991 DeDr Whiskyland Chapter 23 700ml (48.3°),rudder,https://theultimatespirits.jp/products/laphroaig-ラフロイグ-1991-34年-whiskyland-chapter-23,True,186120.0,JPY,1603275
2026-09-29 21:00,3e76ba9a-b62d-81ef-baf9-d0fc65114acc,Dashwood Sauvignon Blanc 2025,dailyshot,https://dailyshot.co/m/item/20593?item=231613,True,26000,KRW,26000
2026-09-29 21:31,3936ba9a-b62d-81ef-af94-f3c066281370,Laphroaig 1991 DeDr Whiskyland Chapter 23 700ml (48.3°),rudder,https://theultimatespirits.jp/products/laphroaig-ラフロイグ-1991-34年-whiskyland-chapter-23,True,186120.0,JPY,1603275
2026-09-29 21:31,3e76ba9a-b62d-81ef-baf9-d0fc65114acc,Dashwood Sauvignon Blanc 2025,dailyshot,https://dailyshot.co/m/item/20593?item=231613,True,26000,KRW,26000
2026-09-29 22:00,3936ba9a-b62d-81ef-af94-f3c066281370,Laphroaig 1991 DeDr Whiskyland Chapter 23 700ml (48.3°),rudder,https://theultimatespirits.jp/products/laphroaig-ラフロイグ-1991-34年-whiskyland-chapter-23,True,186120.0,JPY,1603275
2026-09-29 22:00,3e76ba9a-b62d-81ef-baf9-d0fc65114acc,Dashwood Sauvignon Blanc 2025,dailyshot,https://dailyshot.co/m/item/20593?item=231613,True,26000,KRW,26000
2026-09-29 22:16,3936ba9a-b62d-81ef-af94-f3c066281370,Laphroaig 1991 DeDr Whiskyland Chapter 23 700ml (48.3°),rudder,https://theultimatespirits.jp/products/laphroaig-ラフロイグ-1991-34年-whiskyland-chapter-23,True,186120.0,JPY,1603275
2026-09-29 22:16,3e76ba9a-b62d-81ef-baf9-d0fc65114acc,Dashwood Sauvignon Blanc 2025,dailyshot,https://dailyshot.co/m/item/20593?item=231613,True,26000,KRW,26000
2026-09-29 22:30,3936ba9a-b62d-81ef-af94-f3c066281370,Laphroaig 1991 DeDr Whiskyland Chapter 23 700ml (48.3°),rudder,https://theultimatespirits.jp/products/laphroaig-ラフロイグ-1991-34年-whiskyland-chapter-23,True,186120.0,JPY,1603275
2026-09-29 22:30,3e76ba9a-b62d-81ef-baf9-d0fc65114acc,Dashwood Sauvignon Blanc 2025,dailyshot,https://dailyshot.co/m/item/20593?item=231613,True,26000,KRW,26000
2026-09-29 23:00,3936ba9a-b62d-81ef-af94-f3c066281370,Laphroaig 1991 DeDr Whiskyland Chapter 23 700ml (48.3°),rudder,https://theultimatespirits.jp/products/laphroaig-ラフロイグ-1991-34年-whiskyland-chapter-23,True,186120.0,JPY,1603275
2026-09-29 23:00,3e76ba9a-b62d-81ef-baf9-d0fc65114acc,Dashwood Sauvignon Blanc 2025,dailyshot,https://dailyshot.co/m/item/20593?item=231613,True,26000,KRW,26000
2026-09-29 23:31,3936ba9a-b62d-81ef-af94-f3c066281370,Laphroaig 1991 DeDr Whiskyland Chapter 23 700ml (48.3°),rudder,https://theultimatespirits.jp/products/laphroaig-ラフロイグ-1991-34年-whiskyland-chapter-23,True,186120.0,JPY,1603275
2026-09-29 23:31,3e76ba9a-b62d-81ef-baf9-d0fc65114acc,Dashwood Sauvignon Blanc 2025,dailyshot,https://dailyshot.co/m/item/20593?item=231613,True,26000,KRW,26000
2026-09-30 00:10,3936ba9a-b62d-81ef-af94-f3c066281370,Laphroaig 1991 DeDr Whiskyland Chapter 23 700ml (48.3°),rudder,https://theultimatespirits.jp/products/laphroaig-ラフロイグ-1991-34年-whiskyland-chapter-23,True,186120.0,JPY,1608412
2026-09-30 00:10,3e76ba9a-b62d-81ef-baf9-d0fc65114acc,Dashwood Sauvignon Blanc 2025,dailyshot,https://dailyshot.co/m/item/20593?item=231613,True,26000,KRW,26000
2026-09-30 02:10,3936ba9a-b62d-81ef-af94-f3c066281370,Laphroaig 1991 DeDr Whiskyland Chapter 23 700ml (48.3°),rudder,https://theultimatespirits.jp/products/laphroaig-ラフロイグ-1991-34年-whiskyland-chapter-23,True,186120.0,JPY,1608412
2026-09-30 02:10,3e76ba9a-b62d-81ef-baf9-d0fc65114acc,Dashwood Sauvignon Blanc 2025,dailyshot,https://dailyshot.co/m/item/20593?item=231613,True,26000,KRW,26000
2026-09-30 04:10,3936ba9a-b62d-81ef-af94-f3c066281370,Laphroaig 1991 DeDr Whiskyland Chapter 23 700ml (48.3°),rudder,https://theultimatespirits.jp/products/laphroaig-ラフロイグ-1991-34年-whiskyland-chapter-23,True,186120.0,JPY,1608412
2026-09-30 04:10,3e76ba9a-b62d-81ef-baf9-d0fc65114acc,Dashwood Sauvignon Blanc 2025,dailyshot,https://dailyshot.co/m/item/20593?item=231613,True,26000,KRW,26000
2026-09-30 06:11,3936ba9a-b62d-81ef-af94-f3c066281370,Laphroaig 1991 DeDr Whiskyland Chapter 23 700ml (48.3°),rudder,https://theultimatespirits.jp/products/laphroaig-ラフロイグ-1991-34年-whiskyland-chapter-23,True,186120.0,JPY,1608412
2026-09-30 06:11,3e76ba9a-b62d-81ef-baf9-d0fc65114acc,Dashwood Sauvignon Blanc 2025,dailyshot,https://dailyshot.co/m/item/20593?item=231613,True,26000,KRW,26000
2026-09-30 07:33,3936ba9a-b62d-81ef-af94-f3c066281370,Laphroaig 1991 DeDr Whiskyland Chapter 23 700ml (48.3°),rudder,https://theultimatespirits.jp/products/laphroaig-ラフロイグ-1991-34年-whiskyland-chapter-23,True,186120.0,JPY,1608412
2026-09-30 07:33,3e76ba9a-b62d-81ef-baf9-d0fc65114acc,Dashwood Sauvignon Blanc 2025,dailyshot,https://dailyshot.co/m/item/20593?item=231613,True,26000,KRW,26000
2026-09-30 07:57,3936ba9a-b62d-81ef-af94-f3c066281370,Laphroaig 1991 DeDr Whiskyland Chapter 23 700ml (48.3°),rudder,https://theultimatespirits.jp/products/laphroaig-ラフロイグ-1991-34年-whiskyland-chapter-23,True,186120.0,JPY,1608412
2026-09-30 07:57,3e76ba9a-b62d-81ef-baf9-d0fc65114acc,Dashwood Sauvignon Blanc 2025,dailyshot,https://dailyshot.co/m/item/20593?item=231613,True,26000,KRW,26000
2026-09-30 08:01,3936ba9a-b62d-81ef-af94-f3c066281370,Laphroaig 1991 DeDr Whiskyland Chapter 23 700ml (48.3°),rudder,https://theultimatespirits.jp/products/laphroaig-ラフロイグ-1991-34年-whiskyland-chapter-23,True,186120.0,JPY,1608412
2026-09-30 08:01,3e76ba9a-b62d-81ef-baf9-d0fc65114acc,Dashwood Sauvignon Blanc 2025,dailyshot,https://dailyshot.co/m/item/20593?item=231613,True,26000,KRW,26000
2026-09-30 08:31,3936ba9a-b62d-81ef-af94-f3c066281370,Laphroaig 1991 DeDr Whiskyland Chapter 23 700ml (48.3°),rudder,https://theultimatespirits.jp/products/laphroaig-ラフロイグ-1991-34年-whiskyland-chapter-23,True,186120.0,JPY,1608412
2026-09-30 08:31,3e76ba9a-b62d-81ef-baf9-d0fc65114acc,Dashwood Sauvignon Blanc 2025,dailyshot,https://dailyshot.co/m/item/20593?item=231613,True,26000,KRW,26000
2026-09-30 09:01,3936ba9a-b62d-81ef-af94-f3c066281370,Laphroaig 1991 DeDr Whiskyland Chapter 23 700ml (48.3°),rudder,https://theultimatespirits.jp/products/laphroaig-ラフロイグ-1991-34年-whiskyland-chapter-23,True,186120.0,JPY,1608412
2026-09-30 09:01,3e76ba9a-b62d-81ef-baf9-d0fc65114acc,Dashwood Sauvignon Blanc 2025,dailyshot,https://dailyshot.co/m/item/20593?item=231613,True,26000,KRW,26000
2026-09-30 09:31,3936ba9a-b62d-81ef-af94-f3c066281370,Laphroaig 1991 DeDr Whiskyland Chapter 23 700ml (48.3°),rudder,https://theultimatespirits.jp/products/laphroaig-ラフロイグ-1991-34年-whiskyland-chapter-23,True,186120.0,JPY,1608412
2026-09-30 09:31,3e76ba9a-b62d-81ef-baf9-d0fc65114acc,Dashwood Sauvignon Blanc 2025,dailyshot,https://dailyshot.co/m/item/20593?item=231613,True,26000,KRW,26000
2026-09-30 10:01,3936ba9a-b62d-81ef-af94-f3c066281370,Laphroaig 1991 DeDr Whiskyland Chapter 23 700ml (48.3°),rudder,https://theultimatespirits.jp/products/laphroaig-ラフロイグ-1991-34年-whiskyland-chapter-23,True,186120.0,JPY,1608412
2026-09-30 10:01,3e76ba9a-b62d-81ef-baf9-d0fc65114acc,Dashwood Sauvignon Blanc 2025,dailyshot,https://dailyshot.co/m/item/20593?item=231613,True,26000,KRW,26000
2026-09-30 10:32,3936ba9a-b62d-81ef-af94-f3c066281370,Laphroaig 1991 DeDr Whiskyland Chapter 23 700ml (48.3°),rudder,https://theultimatespirits.jp/products/laphroaig-ラフロイグ-1991-34年-whiskyland-chapter-23,True,186120.0,JPY,1608412
2026-09-30 10:32,3e76ba9a-b62d-81ef-baf9-d0fc65114acc,Dashwood Sauvignon Blanc 2025,dailyshot,https://dailyshot.co/m/item/20593?item=231613,True,26000,KRW,26000
2026-09-30 11:01,3936ba9a-b62d-81ef-af94-f3c066281370,Laphroaig 1991 DeDr Whiskyland Chapter 23 700ml (48.3°),rudder,https://theultimatespirits.jp/products/laphroaig-ラフロイグ-1991-34年-whiskyland-chapter-23,True,186120.0,JPY,1608412
2026-09-30 11:01,3e76ba9a-b62d-81ef-baf9-d0fc65114acc,Dashwood Sauvignon Blanc 2025,dailyshot,https://dailyshot.co/m/item/20593?item=231613,True,26000,KRW,26000
2026-09-30 11:31,3936ba9a-b62d-81ef-af94-f3c066281370,Laphroaig 1991 DeDr Whiskyland Chapter 23 700ml (48.3°),rudder,https://theultimatespirits.jp/products/laphroaig-ラフロイグ-1991-34年-whiskyland-chapter-23,True,186120.0,JPY,1608412
2026-09-30 11:31,3e76ba9a-b62d-81ef-baf9-d0fc65114acc,Dashwood Sauvignon Blanc 2025,dailyshot,https://dailyshot.co/m/item/20593?item=231613,True,26000,KRW,26000
2026-09-30 12:01,3936ba9a-b62d-81ef-af94-f3c066281370,Laphroaig 1991 DeDr Whiskyland Chapter 23 700ml (48.3°),rudder,https://theultimatespirits.jp/products/laphroaig-ラフロイグ-1991-34年-whiskyland-chapter-23,True,186120.0,JPY,1608412
2026-09-30 12:01,3e76ba9a-b62d-81ef-baf9-d0fc65114acc,Dashwood Sauvignon Blanc 2025,dailyshot,https://dailyshot.co/m/item/20593?item=231613,True,26000,KRW,26000
2026-09-30 12:31,3936ba9a-b62d-81ef-af94-f3c066281370,Laphroaig 1991 DeDr Whiskyland Chapter 23 700ml (48.3°),rudder,https://theultimatespirits.jp/products/laphroaig-ラフロイグ-1991-34年-whiskyland-chapter-23,True,186120.0,JPY,1608412
2026-09-30 12:31,3e76ba9a-b62d-81ef-baf9-d0fc65114acc,Dashwood Sauvignon Blanc 2025,dailyshot,https://dailyshot.co/m/item/20593?item=231613,True,26000,KRW,26000
2026-09-30 13:01,3936ba9a-b62d-81ef-af94-f3c066281370,Laphroaig 1991 DeDr Whiskyland Chapter 23 700ml (48.3°),rudder,https://theultimatespirits.jp/products/laphroaig-ラフロイグ-1991-34年-whiskyland-chapter-23,True,186120.0,JPY,1608412
2026-09-30 13:01,3e76ba9a-b62d-81ef-baf9-d0fc65114acc,Dashwood Sauvignon Blanc 2025,dailyshot,https://dailyshot.co/m/item/20593?item=231613,True,26000,KRW,26000
2026-09-30 13:31,3936ba9a-b62d-81ef-af94-f3c066281370,Laphroaig 1991 DeDr Whiskyland Chapter 23 700ml (48.3°),rudder,https://theultimatespirits.jp/products/laphroaig-ラフロイグ-1991-34年-whiskyland-chapter-23,True,186120.0,JPY,1608412
2026-09-30 13:31,3e76ba9a-b62d-81ef-baf9-d0fc65114acc,Dashwood Sauvignon Blanc 2025,dailyshot,https://dailyshot.co/m/item/20593?item=231613,True,26000,KRW,26000
2026-09-30 14:01,3936ba9a-b62d-81ef-af94-f3c066281370,Laphroaig 1991 DeDr Whiskyland Chapter 23 700ml (48.3°),rudder,https://theultimatespirits.jp/products/laphroaig-ラフロイグ-1991-34年-whiskyland-chapter-23,True,186120.0,JPY,1608412
2026-09-30 14:01,3e76ba9a-b62d-81ef-baf9-d0fc65114acc,Dashwood Sauvignon Blanc 2025,dailyshot,https://dailyshot.co/m/item/20593?item=231613,True,26000,KRW,26000
2026-09-30 14:31,3936ba9a-b62d-81ef-af94-f3c066281370,Laphroaig 1991 DeDr Whiskyland Chapter 23 700ml (48.3°),rudder,https://theultimatespirits.jp/products/laphroaig-ラフロイグ-1991-34年-whiskyland-chapter-23,True,186120.0,JPY,1608412
2026-09-30 14:31,3e76ba9a-b62d-81ef-baf9-d0fc65114acc,Dashwood Sauvignon Blanc 2025,dailyshot,https://dailyshot.co/m/item/20593?item=231613,True,26000,KRW,26000
2026-09-30 14:54,3936ba9a-b62d-81ef-af94-f3c066281370,Laphroaig 1991 DeDr Whiskyland Chapter 23 700ml (48.3°),rudder,https://theultimatespirits.jp/products/laphroaig-ラフロイグ-1991-34年-whiskyland-chapter-23,True,186120.0,JPY,1608412
2026-09-30 14:54,3e76ba9a-b62d-81ef-baf9-d0fc65114acc,Dashwood Sauvignon Blanc 2025,dailyshot,https://dailyshot.co/m/item/20593?item=231613,True,26000,KRW,26000
2026-09-30 15:02,3936ba9a-b62d-81ef-af94-f3c066281370,Laphroaig 1991 DeDr Whiskyland Chapter 23 700ml (48.3°),rudder,https://theultimatespirits.jp/products/laphroaig-ラフロイグ-1991-34年-whiskyland-chapter-23,True,186120.0,JPY,1608412
2026-09-30 15:02,3e76ba9a-b62d-81ef-baf9-d0fc65114acc,Dashwood Sauvignon Blanc 2025,dailyshot,https://dailyshot.co/m/item/20593?item=231613,True,26000,KRW,26000
2026-09-30 15:31,3936ba9a-b62d-81ef-af94-f3c066281370,Laphroaig 1991 DeDr Whiskyland Chapter 23 700ml (48.3°),rudder,https://theultimatespirits.jp/products/laphroaig-ラフロイグ-1991-34年-whiskyland-chapter-23,True,186120.0,JPY,1608412
2026-09-30 15:31,3e76ba9a-b62d-81ef-baf9-d0fc65114acc,Dashwood Sauvignon Blanc 2025,dailyshot,https://dailyshot.co/m/item/20593?item=231613,True,26000,KRW,26000
2026-09-30 16:01,3936ba9a-b62d-81ef-af94-f3c066281370,Laphroaig 1991 DeDr Whiskyland Chapter 23 700ml (48.3°),rudder,https://theultimatespirits.jp/products/laphroaig-ラフロイグ-1991-34年-whiskyland-chapter-23,True,186120.0,JPY,1608412
2026-09-30 16:01,3e76ba9a-b62d-81ef-baf9-d0fc65114acc,Dashwood Sauvignon Blanc 2025,dailyshot,https://dailyshot.co/m/item/20593?item=231613,True,26000,KRW,26000
2026-09-30 16:31,3936ba9a-b62d-81ef-af94-f3c066281370,Laphroaig 1991 DeDr Whiskyland Chapter 23 700ml (48.3°),rudder,https://theultimatespirits.jp/products/laphroaig-ラフロイグ-1991-34年-whiskyland-chapter-23,True,186120.0,JPY,1608412
2026-09-30 16:31,3e76ba9a-b62d-81ef-baf9-d0fc65114acc,Dashwood Sauvignon Blanc 2025,dailyshot,https://dailyshot.co/m/item/20593?item=231613,True,26000,KRW,26000
2026-09-30 16:41,3936ba9a-b62d-81ef-af94-f3c066281370,Laphroaig 1991 DeDr Whiskyland Chapter 23 700ml (48.3°),rudder,https://theultimatespirits.jp/products/laphroaig-ラフロイグ-1991-34年-whiskyland-chapter-23,True,186120.0,JPY,1608412
2026-09-30 16:41,3e76ba9a-b62d-81ef-baf9-d0fc65114acc,Dashwood Sauvignon Blanc 2025,dailyshot,https://dailyshot.co/m/item/20593?item=231613,True,26000,KRW,26000
2026-09-30 16:51,3936ba9a-b62d-81ef-af94-f3c066281370,Laphroaig 1991 DeDr Whiskyland Chapter 23 700ml (48.3°),rudder,https://theultimatespirits.jp/products/laphroaig-ラフロイグ-1991-34年-whiskyland-chapter-23,True,186120.0,JPY,1608412
2026-09-30 16:51,3e76ba9a-b62d-81ef-baf9-d0fc65114acc,Dashwood Sauvignon Blanc 2025,dailyshot,https://dailyshot.co/m/item/20593?item=231613,True,26000,KRW,26000
2026-09-30 17:01,3936ba9a-b62d-81ef-af94-f3c066281370,Laphroaig 1991 DeDr Whiskyland Chapter 23 700ml (48.3°),rudder,https://theultimatespirits.jp/products/laphroaig-ラフロイグ-1991-34年-whiskyland-chapter-23,True,186120.0,JPY,1608412
2026-09-30 17:01,3e76ba9a-b62d-81ef-baf9-d0fc65114acc,Dashwood Sauvignon Blanc 2025,dailyshot,https://dailyshot.co/m/item/20593?item=231613,True,26000,KRW,26000
2026-09-30 17:11,3936ba9a-b62d-81ef-af94-f3c066281370,Laphroaig 1991 DeDr Whiskyland Chapter 23 700ml (48.3°),rudder,https://theultimatespirits.jp/products/laphroaig-ラフロイグ-1991-34年-whiskyland-chapter-23,True,186120.0,JPY,1608412
2026-09-30 17:11,3e76ba9a-b62d-81ef-baf9-d0fc65114acc,Dashwood Sauvignon Blanc 2025,dailyshot,https://dailyshot.co/m/item/20593?item=231613,True,26000,KRW,26000
2026-09-30 17:21,3936ba9a-b62d-81ef-af94-f3c066281370,Laphroaig 1991 DeDr Whiskyland Chapter 23 700ml (48.3°),rudder,https://theultimatespirits.jp/products/laphroaig-ラフロイグ-1991-34年-whiskyland-chapter-23,True,186120.0,JPY,1608412
2026-09-30 17:21,3e76ba9a-b62d-81ef-baf9-d0fc65114acc,Dashwood Sauvignon Blanc 2025,dailyshot,https://dailyshot.co/m/item/20593?item=231613,True,26000,KRW,26000
2026-09-30 17:31,3936ba9a-b62d-81ef-af94-f3c066281370,Laphroaig 1991 DeDr Whiskyland Chapter 23 700ml (48.3°),rudder,https://theultimatespirits.jp/products/laphroaig-ラフロイグ-1991-34年-whiskyland-chapter-23,True,186120.0,JPY,1608412
2026-09-30 17:31,3e76ba9a-b62d-81ef-baf9-d0fc65114acc,Dashwood Sauvignon Blanc 2025,dailyshot,https://dailyshot.co/m/item/20593?item=231613,True,26000,KRW,26000
2026-09-30 17:41,3936ba9a-b62d-81ef-af94-f3c066281370,Laphroaig 1991 DeDr Whiskyland Chapter 23 700ml (48.3°),rudder,https://theultimatespirits.jp/products/laphroaig-ラフロイグ-1991-34年-whiskyland-chapter-23,True,186120.0,JPY,1608412
2026-09-30 17:41,3e76ba9a-b62d-81ef-baf9-d0fc65114acc,Dashwood Sauvignon Blanc 2025,dailyshot,https://dailyshot.co/m/item/20593?item=231613,True,26000,KRW,26000
2026-09-30 17:51,3936ba9a-b62d-81ef-af94-f3c066281370,Laphroaig 1991 DeDr Whiskyland Chapter 23 700ml (48.3°),rudder,https://theultimatespirits.jp/products/laphroaig-ラフロイグ-1991-34年-whiskyland-chapter-23,True,186120.0,JPY,1608412
2026-09-30 17:51,3e76ba9a-b62d-81ef-baf9-d0fc65114acc,Dashwood Sauvignon Blanc 2025,dailyshot,https://dailyshot.co/m/item/20593?item=231613,True,26000,KRW,26000
2026-09-30 18:01,3936ba9a-b62d-81ef-af94-f3c066281370,Laphroaig 1991 DeDr Whiskyland Chapter 23 700ml (48.3°),rudder,https://theultimatespirits.jp/products/laphroaig-ラフロイグ-1991-34年-whiskyland-chapter-23,True,186120.0,JPY,1608412
2026-09-30 18:01,3e76ba9a-b62d-81ef-baf9-d0fc65114acc,Dashwood Sauvignon Blanc 2025,dailyshot,https://dailyshot.co/m/item/20593?item=231613,True,26000,KRW,26000
2026-09-30 18:11,3936ba9a-b62d-81ef-af94-f3c066281370,Laphroaig 1991 DeDr Whiskyland Chapter 23 700ml (48.3°),rudder,https://theultimatespirits.jp/products/laphroaig-ラフロイグ-1991-34年-whiskyland-chapter-23,True,186120.0,JPY,1608412
2026-09-30 18:11,3e76ba9a-b62d-81ef-baf9-d0fc65114acc,Dashwood Sauvignon Blanc 2025,dailyshot,https://dailyshot.co/m/item/20593?item=231613,True,26000,KRW,26000
2026-09-30 18:21,3936ba9a-b62d-81ef-af94-f3c066281370,Laphroaig 1991 DeDr Whiskyland Chapter 23 700ml (48.3°),rudder,https://theultimatespirits.jp/products/laphroaig-ラフロイグ-1991-34年-whiskyland-chapter-23,True,186120.0,JPY,1608412
2026-09-30 18:21,3e76ba9a-b62d-81ef-baf9-d0fc65114acc,Dashwood Sauvignon Blanc 2025,dailyshot,https://dailyshot.co/m/item/20593?item=231613,True,26000,KRW,26000
2026-09-30 18:31,3936ba9a-b62d-81ef-af94-f3c066281370,Laphroaig 1991 DeDr Whiskyland Chapter 23 700ml (48.3°),rudder,https://theultimatespirits.jp/products/laphroaig-ラフロイグ-1991-34年-whiskyland-chapter-23,True,186120.0,JPY,1608412
2026-09-30 18:31,3e76ba9a-b62d-81ef-baf9-d0fc65114acc,Dashwood Sauvignon Blanc 2025,dailyshot,https://dailyshot.co/m/item/20593?item=231613,True,26000,KRW,26000
2026-09-30 18:57,3936ba9a-b62d-81ef-af94-f3c066281370,Laphroaig 1991 DeDr Whiskyland Chapter 23 700ml (48.3°),rudder,https://theultimatespirits.jp/products/laphroaig-ラフロイグ-1991-34年-whiskyland-chapter-23,True,186120.0,JPY,1608412
2026-09-30 18:57,3e76ba9a-b62d-81ef-baf9-d0fc65114acc,Dashwood Sauvignon Blanc 2025,dailyshot,https://dailyshot.co/m/item/20593?item=231613,True,26000,KRW,26000
2026-09-30 19:01,3936ba9a-b62d-81ef-af94-f3c066281370,Laphroaig 1991 DeDr Whiskyland Chapter 23 700ml (48.3°),rudder,https://theultimatespirits.jp/products/laphroaig-ラフロイグ-1991-34年-whiskyland-chapter-23,True,186120.0,JPY,1608412
2026-09-30 19:01,3e76ba9a-b62d-81ef-baf9-d0fc65114acc,Dashwood Sauvignon Blanc 2025,dailyshot,https://dailyshot.co/m/item/20593?item=231613,True,26000,KRW,26000
2026-09-30 19:31,3936ba9a-b62d-81ef-af94-f3c066281370,Laphroaig 1991 DeDr Whiskyland Chapter 23 700ml (48.3°),rudder,https://theultimatespirits.jp/products/laphroaig-ラフロイグ-1991-34年-whiskyland-chapter-23,True,186120.0,JPY,1608412
2026-09-30 19:31,3e76ba9a-b62d-81ef-baf9-d0fc65114acc,Dashwood Sauvignon Blanc 2025,dailyshot,https://dailyshot.co/m/item/20593?item=231613,True,26000,KRW,26000
2026-09-30 20:01,3936ba9a-b62d-81ef-af94-f3c066281370,Laphroaig 1991 DeDr Whiskyland Chapter 23 700ml (48.3°),rudder,https://theultimatespirits.jp/products/laphroaig-ラフロイグ-1991-34年-whiskyland-chapter-23,True,186120.0,JPY,1608412
2026-09-30 20:01,3e76ba9a-b62d-81ef-baf9-d0fc65114acc,Dashwood Sauvignon Blanc 2025,dailyshot,https://dailyshot.co/m/item/20593?item=231613,True,26000,KRW,26000
2026-09-30 20:31,3936ba9a-b62d-81ef-af94-f3c066281370,Laphroaig 1991 DeDr Whiskyland Chapter 23 700ml (48.3°),rudder,https://theultimatespirits.jp/products/laphroaig-ラフロイグ-1991-34年-whiskyland-chapter-23,True,186120.0,JPY,1608412
2026-09-30 20:31,3e76ba9a-b62d-81ef-baf9-d0fc65114acc,Dashwood Sauvignon Blanc 2025,dailyshot,https://dailyshot.co/m/item/20593?item=231613,True,26000,KRW,26000
2026-09-30 21:01,3936ba9a-b62d-81ef-af94-f3c066281370,Laphroaig 1991 DeDr Whiskyland Chapter 23 700ml (48.3°),rudder,https://theultimatespirits.jp/products/laphroaig-ラフロイグ-1991-34年-whiskyland-chapter-23,True,186120.0,JPY,1608412
2026-09-30 21:01,3e76ba9a-b62d-81ef-baf9-d0fc65114acc,Dashwood Sauvignon Blanc 2025,dailyshot,https://dailyshot.co/m/item/20593?item=231613,True,26000,KRW,26000
2026-09-30 21:31,3936ba9a-b62d-81ef-af94-f3c066281370,Laphroaig 1991 DeDr Whiskyland Chapter 23 700ml (48.3°),rudder,https://theultimatespirits.jp/products/laphroaig-ラフロイグ-1991-34年-whiskyland-chapter-23,True,186120.0,JPY,1608412
2026-09-30 21:31,3e76ba9a-b62d-81ef-baf9-d0fc65114acc,Dashwood Sauvignon Blanc 2025,dailyshot,https://dailyshot.co/m/item/20593?item=231613,True,26000,KRW,26000
2026-09-30 21:57,3936ba9a-b62d-81ef-af94-f3c066281370,Laphroaig 1991 DeDr Whiskyland Chapter 23 700ml (48.3°),rudder,https://theultimatespirits.jp/products/laphroaig-ラフロイグ-1991-34年-whiskyland-chapter-23,True,186120.0,JPY,1608412
2026-09-30 21:57,3e76ba9a-b62d-81ef-baf9-d0fc65114acc,Dashwood Sauvignon Blanc 2025,dailyshot,https://dailyshot.co/m/item/20593?item=231613,True,26000,KRW,26000
2026-09-30 22:01,3936ba9a-b62d-81ef-af94-f3c066281370,Laphroaig 1991 DeDr Whiskyland Chapter 23 700ml (48.3°),rudder,https://theultimatespirits.jp/products/laphroaig-ラフロイグ-1991-34年-whiskyland-chapter-23,True,186120.0,JPY,1608412
2026-09-30 22:01,3e76ba9a-b62d-81ef-baf9-d0fc65114acc,Dashwood Sauvignon Blanc 2025,dailyshot,https://dailyshot.co/m/item/20593?item=231613,True,26000,KRW,26000
2026-09-30 22:31,3936ba9a-b62d-81ef-af94-f3c066281370,Laphroaig 1991 DeDr Whiskyland Chapter 23 700ml (48.3°),rudder,https://theultimatespirits.jp/products/laphroaig-ラフロイグ-1991-34年-whiskyland-chapter-23,True,186120.0,JPY,1608412
2026-09-30 22:31,3e76ba9a-b62d-81ef-baf9-d0fc65114acc,Dashwood Sauvignon Blanc 2025,dailyshot,https://dailyshot.co/m/item/20593?item=231613,True,26000,KRW,26000
2026-09-30 23:01,3936ba9a-b62d-81ef-af94-f3c066281370,Laphroaig 1991 DeDr Whiskyland Chapter 23 700ml (48.3°),rudder,https://theultimatespirits.jp/products/laphroaig-ラフロイグ-1991-34年-whiskyland-chapter-23,True,186120.0,JPY,1608412
2026-09-30 23:01,3e76ba9a-b62d-81ef-baf9-d0fc65114acc,Dashwood Sauvignon Blanc 2025,dailyshot,https://dailyshot.co/m/item/20593?item=231613,True,26000,KRW,26000
2026-09-30 23:36,3936ba9a-b62d-81ef-af94-f3c066281370,Laphroaig 1991 DeDr Whiskyland Chapter 23 700ml (48.3°),rudder,https://theultimatespirits.jp/products/laphroaig-ラフロイグ-1991-34年-whiskyland-chapter-23,True,186120.0,JPY,1608412
2026-09-30 23:36,3e76ba9a-b62d-81ef-baf9-d0fc65114acc,Dashwood Sauvignon Blanc 2025,dailyshot,https://dailyshot.co/m/item/20593?item=231613,True,26000,KRW,26000
2026-10-01 00:11,3936ba9a-b62d-81ef-af94-f3c066281370,Laphroaig 1991 DeDr Whiskyland Chapter 23 700ml (48.3°),rudder,https://theultimatespirits.jp/products/laphroaig-ラフロイグ-1991-34年-whiskyland-chapter-23,True,186120.0,JPY,1602810
2026-10-01 00:11,3e76ba9a-b62d-81ef-baf9-d0fc65114acc,Dashwood Sauvignon Blanc 2025,dailyshot,https://dailyshot.co/m/item/20593?item=231613,True,26000,KRW,26000
2026-10-01 09:01,3936ba9a-b62d-81ef-af94-f3c066281370,Laphroaig 1991 DeDr Whiskyland Chapter 23 700ml (48.3°),rudder,https://theultimatespirits.jp/products/laphroaig-ラフロイグ-1991-34年-whiskyland-chapter-23,True,186120.0,JPY,1602810
2026-10-01 09:01,3e76ba9a-b62d-81ef-baf9-d0fc65114acc,Dashwood Sauvignon Blanc 2025,dailyshot,https://dailyshot.co/m/item/20593?item=231613,True,26000,KRW,26000
2026-10-01 09:31,3936ba9a-b62d-81ef-af94-f3c066281370,Laphroaig 1991 DeDr Whiskyland Chapter 23 700ml (48.3°),rudder,https://theultimatespirits.jp/products/laphroaig-ラフロイグ-1991-34年-whiskyland-chapter-23,True,186120.0,JPY,1602810
2026-10-01 09:31,3e76ba9a-b62d-81ef-baf9-d0fc65114acc,Dashwood Sauvignon Blanc 2025,dailyshot,https://dailyshot.co/m/item/20593?item=231613,True,26000,KRW,26000
2026-10-01 10:01,3936ba9a-b62d-81ef-af94-f3c066281370,Laphroaig 1991 DeDr Whiskyland Chapter 23 700ml (48.3°),rudder,https://theultimatespirits.jp/products/laphroaig-ラフロイグ-1991-34年-whiskyland-chapter-23,True,186120.0,JPY,1602810
2026-10-01 10:01,3e76ba9a-b62d-81ef-baf9-d0fc65114acc,Dashwood Sauvignon Blanc 2025,dailyshot,https://dailyshot.co/m/item/20593?item=231613,True,26000,KRW,26000
2026-10-01 10:31,3936ba9a-b62d-81ef-af94-f3c066281370,Laphroaig 1991 DeDr Whiskyland Chapter 23 700ml (48.3°),rudder,https://theultimatespirits.jp/products/laphroaig-ラフロイグ-1991-34年-whiskyland-chapter-23,True,186120.0,JPY,1602810
2026-10-01 10:31,3e76ba9a-b62d-81ef-baf9-d0fc65114acc,Dashwood Sauvignon Blanc 2025,dailyshot,https://dailyshot.co/m/item/20593?item=231613,True,26000,KRW,26000
2026-10-01 11:01,3936ba9a-b62d-81ef-af94-f3c066281370,Laphroaig 1991 DeDr Whiskyland Chapter 23 700ml (48.3°),rudder,https://theultimatespirits.jp/products/laphroaig-ラフロイグ-1991-34年-whiskyland-chapter-23,True,186120.0,JPY,1602810
2026-10-01 11:01,3e76ba9a-b62d-81ef-baf9-d0fc65114acc,Dashwood Sauvignon Blanc 2025,dailyshot,https://dailyshot.co/m/item/20593?item=231613,True,26000,KRW,26000
2026-10-01 11:31,3936ba9a-b62d-81ef-af94-f3c066281370,Laphroaig 1991 DeDr Whiskyland Chapter 23 700ml (48.3°),rudder,https://theultimatespirits.jp/products/laphroaig-ラフロイグ-1991-34年-whiskyland-chapter-23,True,186120.0,JPY,1602810
2026-10-01 11:31,3e76ba9a-b62d-81ef-baf9-d0fc65114acc,Dashwood Sauvignon Blanc 2025,dailyshot,https://dailyshot.co/m/item/20593?item=231613,True,26000,KRW,26000
2026-10-01 12:01,3936ba9a-b62d-81ef-af94-f3c066281370,Laphroaig 1991 DeDr Whiskyland Chapter 23 700ml (48.3°),rudder,https://theultimatespirits.jp/products/laphroaig-ラフロイグ-1991-34年-whiskyland-chapter-23,True,186120.0,JPY,1602810
2026-10-01 12:01,3e76ba9a-b62d-81ef-baf9-d0fc65114acc,Dashwood Sauvignon Blanc 2025,dailyshot,https://dailyshot.co/m/item/20593?item=231613,True,26000,KRW,26000
2026-10-01 12:31,3936ba9a-b62d-81ef-af94-f3c066281370,Laphroaig 1991 DeDr Whiskyland Chapter 23 700ml (48.3°),rudder,https://theultimatespirits.jp/products/laphroaig-ラフロイグ-1991-34年-whiskyland-chapter-23,True,186120.0,JPY,1602810
2026-10-01 12:31,3e76ba9a-b62d-81ef-baf9-d0fc65114acc,Dashwood Sauvignon Blanc 2025,dailyshot,https://dailyshot.co/m/item/20593?item=231613,True,26000,KRW,26000
2026-10-01 13:01,3936ba9a-b62d-81ef-af94-f3c066281370,Laphroaig 1991 DeDr Whiskyland Chapter 23 700ml (48.3°),rudder,https://theultimatespirits.jp/products/laphroaig-ラフロイグ-1991-34年-whiskyland-chapter-23,True,186120.0,JPY,1602810
2026-10-01 13:01,3e76ba9a-b62d-81ef-baf9-d0fc65114acc,Dashwood Sauvignon Blanc 2025,dailyshot,https://dailyshot.co/m/item/20593?item=231613,True,26000,KRW,26000
2026-10-01 13:31,3936ba9a-b62d-81ef-af94-f3c066281370,Laphroaig 1991 DeDr Whiskyland Chapter 23 700ml (48.3°),rudder,https://theultimatespirits.jp/products/laphroaig-ラフロイグ-1991-34年-whiskyland-chapter-23,True,186120.0,JPY,1602810
2026-10-01 13:31,3e76ba9a-b62d-81ef-baf9-d0fc65114acc,Dashwood Sauvignon Blanc 2025,dailyshot,https://dailyshot.co/m/item/20593?item=231613,True,26000,KRW,26000
2026-10-01 14:01,3936ba9a-b62d-81ef-af94-f3c066281370,Laphroaig 1991 DeDr Whiskyland Chapter 23 700ml (48.3°),rudder,https://theultimatespirits.jp/products/laphroaig-ラフロイグ-1991-34年-whiskyland-chapter-23,True,186120.0,JPY,1602810
2026-10-01 14:01,3e76ba9a-b62d-81ef-baf9-d0fc65114acc,Dashwood Sauvignon Blanc 2025,dailyshot,https://dailyshot.co/m/item/20593?item=231613,True,26000,KRW,26000
2026-10-01 14:31,3936ba9a-b62d-81ef-af94-f3c066281370,Laphroaig 1991 DeDr Whiskyland Chapter 23 700ml (48.3°),rudder,https://theultimatespirits.jp/products/laphroaig-ラフロイグ-1991-34年-whiskyland-chapter-23,True,186120.0,JPY,1602810
2026-10-01 14:31,3e76ba9a-b62d-81ef-baf9-d0fc65114acc,Dashwood Sauvignon Blanc 2025,dailyshot,https://dailyshot.co/m/item/20593?item=231613,True,26000,KRW,26000
2026-10-01 15:01,3936ba9a-b62d-81ef-af94-f3c066281370,Laphroaig 1991 DeDr Whiskyland Chapter 23 700ml (48.3°),rudder,https://theultimatespirits.jp/products/laphroaig-ラフロイグ-1991-34年-whiskyland-chapter-23,True,186120.0,JPY,1602810
2026-10-01 15:01,3e76ba9a-b62d-81ef-baf9-d0fc65114acc,Dashwood Sauvignon Blanc 2025,dailyshot,https://dailyshot.co/m/item/20593?item=231613,True,26000,KRW,26000
2026-10-01 15:27,3936ba9a-b62d-81ef-af94-f3c066281370,Laphroaig 1991 DeDr Whiskyland Chapter 23 700ml (48.3°),rudder,https://theultimatespirits.jp/products/laphroaig-ラフロイグ-1991-34年-whiskyland-chapter-23,True,186120.0,JPY,1602810
2026-10-01 15:27,3e76ba9a-b62d-81ef-baf9-d0fc65114acc,Dashwood Sauvignon Blanc 2025,dailyshot,https://dailyshot.co/m/item/20593?item=231613,True,26000,KRW,26000
2026-10-01 15:31,3936ba9a-b62d-81ef-af94-f3c066281370,Laphroaig 1991 DeDr Whiskyland Chapter 23 700ml (48.3°),rudder,https://theultimatespirits.jp/products/laphroaig-ラフロイグ-1991-34年-whiskyland-chapter-23,True,186120.0,JPY,1602810
2026-10-01 15:31,3e76ba9a-b62d-81ef-baf9-d0fc65114acc,Dashwood Sauvignon Blanc 2025,dailyshot,https://dailyshot.co/m/item/20593?item=231613,True,26000,KRW,26000
2026-10-01 16:01,3936ba9a-b62d-81ef-af94-f3c066281370,Laphroaig 1991 DeDr Whiskyland Chapter 23 700ml (48.3°),rudder,https://theultimatespirits.jp/products/laphroaig-ラフロイグ-1991-34年-whiskyland-chapter-23,True,186120.0,JPY,1602810
2026-10-01 16:01,3e76ba9a-b62d-81ef-baf9-d0fc65114acc,Dashwood Sauvignon Blanc 2025,dailyshot,https://dailyshot.co/m/item/20593?item=231613,True,26000,KRW,26000
2026-10-01 16:31,3936ba9a-b62d-81ef-af94-f3c066281370,Laphroaig 1991 DeDr Whiskyland Chapter 23 700ml (48.3°),rudder,https://theultimatespirits.jp/products/laphroaig-ラフロイグ-1991-34年-whiskyland-chapter-23,True,186120.0,JPY,1602810
2026-10-01 16:31,3e76ba9a-b62d-81ef-baf9-d0fc65114acc,Dashwood Sauvignon Blanc 2025,dailyshot,https://dailyshot.co/m/item/20593?item=231613,True,26000,KRW,26000
2026-10-01 16:41,3936ba9a-b62d-81ef-af94-f3c066281370,Laphroaig 1991 DeDr Whiskyland Chapter 23 700ml (48.3°),rudder,https://theultimatespirits.jp/products/laphroaig-ラフロイグ-1991-34年-whiskyland-chapter-23,True,186120.0,JPY,1602810
2026-10-01 16:41,3e76ba9a-b62d-81ef-baf9-d0fc65114acc,Dashwood Sauvignon Blanc 2025,dailyshot,https://dailyshot.co/m/item/20593?item=231613,True,26000,KRW,26000
2026-10-01 16:51,3936ba9a-b62d-81ef-af94-f3c066281370,Laphroaig 1991 DeDr Whiskyland Chapter 23 700ml (48.3°),rudder,https://theultimatespirits.jp/products/laphroaig-ラフロイグ-1991-34年-whiskyland-chapter-23,True,186120.0,JPY,1602810
2026-10-01 16:51,3e76ba9a-b62d-81ef-baf9-d0fc65114acc,Dashwood Sauvignon Blanc 2025,dailyshot,https://dailyshot.co/m/item/20593?item=231613,True,26000,KRW,26000
2026-10-01 17:01,3936ba9a-b62d-81ef-af94-f3c066281370,Laphroaig 1991 DeDr Whiskyland Chapter 23 700ml (48.3°),rudder,https://theultimatespirits.jp/products/laphroaig-ラフロイグ-1991-34年-whiskyland-chapter-23,True,186120.0,JPY,1602810
2026-10-01 17:01,3e76ba9a-b62d-81ef-baf9-d0fc65114acc,Dashwood Sauvignon Blanc 2025,dailyshot,https://dailyshot.co/m/item/20593?item=231613,True,26000,KRW,26000
2026-10-01 17:11,3936ba9a-b62d-81ef-af94-f3c066281370,Laphroaig 1991 DeDr Whiskyland Chapter 23 700ml (48.3°),rudder,https://theultimatespirits.jp/products/laphroaig-ラフロイグ-1991-34年-whiskyland-chapter-23,True,186120.0,JPY,1602810
2026-10-01 17:11,3e76ba9a-b62d-81ef-baf9-d0fc65114acc,Dashwood Sauvignon Blanc 2025,dailyshot,https://dailyshot.co/m/item/20593?item=231613,True,26000,KRW,26000
2026-10-01 17:21,3936ba9a-b62d-81ef-af94-f3c066281370,Laphroaig 1991 DeDr Whiskyland Chapter 23 700ml (48.3°),rudder,https://theultimatespirits.jp/products/laphroaig-ラフロイグ-1991-34年-whiskyland-chapter-23,True,186120.0,JPY,1602810
2026-10-01 17:21,3e76ba9a-b62d-81ef-baf9-d0fc65114acc,Dashwood Sauvignon Blanc 2025,dailyshot,https://dailyshot.co/m/item/20593?item=231613,True,26000,KRW,26000
2026-10-01 17:32,3936ba9a-b62d-81ef-af94-f3c066281370,Laphroaig 1991 DeDr Whiskyland Chapter 23 700ml (48.3°),rudder,https://theultimatespirits.jp/products/laphroaig-ラフロイグ-1991-34年-whiskyland-chapter-23,True,186120.0,JPY,1602810
2026-10-01 17:32,3e76ba9a-b62d-81ef-baf9-d0fc65114acc,Dashwood Sauvignon Blanc 2025,dailyshot,https://dailyshot.co/m/item/20593?item=231613,True,26000,KRW,26000
2026-10-01 17:41,3936ba9a-b62d-81ef-af94-f3c066281370,Laphroaig 1991 DeDr Whiskyland Chapter 23 700ml (48.3°),rudder,https://theultimatespirits.jp/products/laphroaig-ラフロイグ-1991-34年-whiskyland-chapter-23,True,186120.0,JPY,1602810
2026-10-01 17:41,3e76ba9a-b62d-81ef-baf9-d0fc65114acc,Dashwood Sauvignon Blanc 2025,dailyshot,https://dailyshot.co/m/item/20593?item=231613,True,26000,KRW,26000
2026-10-01 17:51,3936ba9a-b62d-81ef-af94-f3c066281370,Laphroaig 1991 DeDr Whiskyland Chapter 23 700ml (48.3°),rudder,https://theultimatespirits.jp/products/laphroaig-ラフロイグ-1991-34年-whiskyland-chapter-23,True,186120.0,JPY,1602810
2026-10-01 17:51,3e76ba9a-b62d-81ef-baf9-d0fc65114acc,Dashwood Sauvignon Blanc 2025,dailyshot,https://dailyshot.co/m/item/20593?item=231613,True,26000,KRW,26000
2026-10-01 18:01,3936ba9a-b62d-81ef-af94-f3c066281370,Laphroaig 1991 DeDr Whiskyland Chapter 23 700ml (48.3°),rudder,https://theultimatespirits.jp/products/laphroaig-ラフロイグ-1991-34年-whiskyland-chapter-23,True,186120.0,JPY,1602810
2026-10-01 18:01,3e76ba9a-b62d-81ef-baf9-d0fc65114acc,Dashwood Sauvignon Blanc 2025,dailyshot,https://dailyshot.co/m/item/20593?item=231613,True,26000,KRW,26000
2026-10-01 18:11,3936ba9a-b62d-81ef-af94-f3c066281370,Laphroaig 1991 DeDr Whiskyland Chapter 23 700ml (48.3°),rudder,https://theultimatespirits.jp/products/laphroaig-ラフロイグ-1991-34年-whiskyland-chapter-23,True,186120.0,JPY,1602810
2026-10-01 18:11,3e76ba9a-b62d-81ef-baf9-d0fc65114acc,Dashwood Sauvignon Blanc 2025,dailyshot,https://dailyshot.co/m/item/20593?item=231613,True,26000,KRW,26000
2026-10-01 18:21,3936ba9a-b62d-81ef-af94-f3c066281370,Laphroaig 1991 DeDr Whiskyland Chapter 23 700ml (48.3°),rudder,https://theultimatespirits.jp/products/laphroaig-ラフロイグ-1991-34年-whiskyland-chapter-23,True,186120.0,JPY,1602810
2026-10-01 18:21,3e76ba9a-b62d-81ef-baf9-d0fc65114acc,Dashwood Sauvignon Blanc 2025,dailyshot,https://dailyshot.co/m/item/20593?item=231613,True,26000,KRW,26000
2026-10-01 18:31,3936ba9a-b62d-81ef-af94-f3c066281370,Laphroaig 1991 DeDr Whiskyland Chapter 23 700ml (48.3°),rudder,https://theultimatespirits.jp/products/laphroaig-ラフロイグ-1991-34年-whiskyland-chapter-23,True,186120.0,JPY,1602810
2026-10-01 18:31,3e76ba9a-b62d-81ef-baf9-d0fc65114acc,Dashwood Sauvignon Blanc 2025,dailyshot,https://dailyshot.co/m/item/20593?item=231613,True,26000,KRW,26000
2026-10-01 18:58,3936ba9a-b62d-81ef-af94-f3c066281370,Laphroaig 1991 DeDr Whiskyland Chapter 23 700ml (48.3°),rudder,https://theultimatespirits.jp/products/laphroaig-ラフロイグ-1991-34年-whiskyland-chapter-23,True,186120.0,JPY,1602810
2026-10-01 18:58,3e76ba9a-b62d-81ef-baf9-d0fc65114acc,Dashwood Sauvignon Blanc 2025,dailyshot,https://dailyshot.co/m/item/20593?item=231613,True,26000,KRW,26000
2026-10-01 19:01,3936ba9a-b62d-81ef-af94-f3c066281370,Laphroaig 1991 DeDr Whiskyland Chapter 23 700ml (48.3°),rudder,https://theultimatespirits.jp/products/laphroaig-ラフロイグ-1991-34年-whiskyland-chapter-23,True,186120.0,JPY,1602810
2026-10-01 19:01,3e76ba9a-b62d-81ef-baf9-d0fc65114acc,Dashwood Sauvignon Blanc 2025,dailyshot,https://dailyshot.co/m/item/20593?item=231613,True,26000,KRW,26000
2026-10-01 19:31,3936ba9a-b62d-81ef-af94-f3c066281370,Laphroaig 1991 DeDr Whiskyland Chapter 23 700ml (48.3°),rudder,https://theultimatespirits.jp/products/laphroaig-ラフロイグ-1991-34年-whiskyland-chapter-23,True,186120.0,JPY,1602810
2026-10-01 19:31,3e76ba9a-b62d-81ef-baf9-d0fc65114acc,Dashwood Sauvignon Blanc 2025,dailyshot,https://dailyshot.co/m/item/20593?item=231613,True,26000,KRW,26000
2026-10-01 20:01,3936ba9a-b62d-81ef-af94-f3c066281370,Laphroaig 1991 DeDr Whiskyland Chapter 23 700ml (48.3°),rudder,https://theultimatespirits.jp/products/laphroaig-ラフロイグ-1991-34年-whiskyland-chapter-23,True,186120.0,JPY,1602810
2026-10-01 20:01,3e76ba9a-b62d-81ef-baf9-d0fc65114acc,Dashwood Sauvignon Blanc 2025,dailyshot,https://dailyshot.co/m/item/20593?item=231613,True,26000,KRW,26000
2026-10-01 20:31,3936ba9a-b62d-81ef-af94-f3c066281370,Laphroaig 1991 DeDr Whiskyland Chapter 23 700ml (48.3°),rudder,https://theultimatespirits.jp/products/laphroaig-ラフロイグ-1991-34年-whiskyland-chapter-23,True,186120.0,JPY,1602810
2026-10-01 21:01,3936ba9a-b62d-81ef-af94-f3c066281370,Laphroaig 1991 DeDr Whiskyland Chapter 23 700ml (48.3°),rudder,https://theultimatespirits.jp/products/laphroaig-ラフロイグ-1991-34年-whiskyland-chapter-23,True,186120.0,JPY,1602810
2026-10-01 21:01,3e76ba9a-b62d-81ef-baf9-d0fc65114acc,Dashwood Sauvignon Blanc 2025,dailyshot,https://dailyshot.co/m/item/20593?item=231613,True,26000,KRW,26000
2026-10-01 21:31,3936ba9a-b62d-81ef-af94-f3c066281370,Laphroaig 1991 DeDr Whiskyland Chapter 23 700ml (48.3°),rudder,https://theultimatespirits.jp/products/laphroaig-ラフロイグ-1991-34年-whiskyland-chapter-23,True,186120.0,JPY,1602810
2026-10-01 21:31,3e76ba9a-b62d-81ef-baf9-d0fc65114acc,Dashwood Sauvignon Blanc 2025,dailyshot,https://dailyshot.co/m/item/20593?item=231613,True,26000,KRW,26000
2026-10-01 22:01,3936ba9a-b62d-81ef-af94-f3c066281370,Laphroaig 1991 DeDr Whiskyland Chapter 23 700ml (48.3°),rudder,https://theultimatespirits.jp/products/laphroaig-ラフロイグ-1991-34年-whiskyland-chapter-23,True,186120.0,JPY,1602810
2026-10-01 22:01,3e76ba9a-b62d-81ef-baf9-d0fc65114acc,Dashwood Sauvignon Blanc 2025,dailyshot,https://dailyshot.co/m/item/20593?item=231613,True,26000,KRW,26000
2026-10-01 22:31,3936ba9a-b62d-81ef-af94-f3c066281370,Laphroaig 1991 DeDr Whiskyland Chapter 23 700ml (48.3°),rudder,https://theultimatespirits.jp/products/laphroaig-ラフロイグ-1991-34年-whiskyland-chapter-23,True,186120.0,JPY,1602810
2026-10-01 22:31,3e76ba9a-b62d-81ef-baf9-d0fc65114acc,Dashwood Sauvignon Blanc 2025,dailyshot,https://dailyshot.co/m/item/20593?item=231613,True,26000,KRW,26000
2026-10-01 22:50,3936ba9a-b62d-81ef-af94-f3c066281370,Laphroaig 1991 DeDr Whiskyland Chapter 23 700ml (48.3°),rudder,https://theultimatespirits.jp/products/laphroaig-ラフロイグ-1991-34年-whiskyland-chapter-23,True,186120.0,JPY,1602810
2026-10-01 22:50,3e76ba9a-b62d-81ef-baf9-d0fc65114acc,Dashwood Sauvignon Blanc 2025,dailyshot,https://dailyshot.co/m/item/20593?item=231613,True,26000,KRW,26000
2026-10-01 23:01,3936ba9a-b62d-81ef-af94-f3c066281370,Laphroaig 1991 DeDr Whiskyland Chapter 23 700ml (48.3°),rudder,https://theultimatespirits.jp/products/laphroaig-ラフロイグ-1991-34年-whiskyland-chapter-23,True,186120.0,JPY,1602810
2026-10-01 23:01,3e76ba9a-b62d-81ef-baf9-d0fc65114acc,Dashwood Sauvignon Blanc 2025,dailyshot,https://dailyshot.co/m/item/20593?item=231613,True,26000,KRW,26000
2026-10-01 23:31,3936ba9a-b62d-81ef-af94-f3c066281370,Laphroaig 1991 DeDr Whiskyland Chapter 23 700ml (48.3°),rudder,https://theultimatespirits.jp/products/laphroaig-ラフロイグ-1991-34年-whiskyland-chapter-23,True,186120.0,JPY,1602810
2026-10-01 23:31,3e76ba9a-b62d-81ef-baf9-d0fc65114acc,Dashwood Sauvignon Blanc 2025,dailyshot,https://dailyshot.co/m/item/20593?item=231613,True,26000,KRW,26000
2026-10-02 00:11,3936ba9a-b62d-81ef-af94-f3c066281370,Laphroaig 1991 DeDr Whiskyland Chapter 23 700ml (48.3°),rudder,https://theultimatespirits.jp/products/laphroaig-ラフロイグ-1991-34年-whiskyland-chapter-23,True,186120.0,JPY,1605211
2026-10-02 00:11,3e76ba9a-b62d-81ef-baf9-d0fc65114acc,Dashwood Sauvignon Blanc 2025,dailyshot,https://dailyshot.co/m/item/20593?item=231613,True,26000,KRW,26000
2026-10-02 02:11,3936ba9a-b62d-81ef-af94-f3c066281370,Laphroaig 1991 DeDr Whiskyland Chapter 23 700ml (48.3°),rudder,https://theultimatespirits.jp/products/laphroaig-ラフロイグ-1991-34年-whiskyland-chapter-23,True,186120.0,JPY,1605211
2026-10-02 02:11,3e76ba9a-b62d-81ef-baf9-d0fc65114acc,Dashwood Sauvignon Blanc 2025,dailyshot,https://dailyshot.co/m/item/20593?item=231613,True,26000,KRW,26000
2026-10-02 04:11,3936ba9a-b62d-81ef-af94-f3c066281370,Laphroaig 1991 DeDr Whiskyland Chapter 23 700ml (48.3°),rudder,https://theultimatespirits.jp/products/laphroaig-ラフロイグ-1991-34年-whiskyland-chapter-23,True,186120.0,JPY,1605211
2026-10-02 04:11,3e76ba9a-b62d-81ef-baf9-d0fc65114acc,Dashwood Sauvignon Blanc 2025,dailyshot,https://dailyshot.co/m/item/20593?item=231613,True,26000,KRW,26000
2026-10-02 06:11,3936ba9a-b62d-81ef-af94-f3c066281370,Laphroaig 1991 DeDr Whiskyland Chapter 23 700ml (48.3°),rudder,https://theultimatespirits.jp/products/laphroaig-ラフロイグ-1991-34年-whiskyland-chapter-23,True,186120.0,JPY,1605211
2026-10-02 06:11,3e76ba9a-b62d-81ef-baf9-d0fc65114acc,Dashwood Sauvignon Blanc 2025,dailyshot,https://dailyshot.co/m/item/20593?item=231613,True,26000,KRW,26000
2026-10-02 07:52,3936ba9a-b62d-81ef-af94-f3c066281370,Laphroaig 1991 DeDr Whiskyland Chapter 23 700ml (48.3°),rudder,https://theultimatespirits.jp/products/laphroaig-ラフロイグ-1991-34年-whiskyland-chapter-23,True,186120.0,JPY,1605211
2026-10-02 07:52,3e76ba9a-b62d-81ef-baf9-d0fc65114acc,Dashwood Sauvignon Blanc 2025,dailyshot,https://dailyshot.co/m/item/20593?item=231613,True,26000,KRW,26000
2026-10-02 07:58,3936ba9a-b62d-81ef-af94-f3c066281370,Laphroaig 1991 DeDr Whiskyland Chapter 23 700ml (48.3°),rudder,https://theultimatespirits.jp/products/laphroaig-ラフロイグ-1991-34年-whiskyland-chapter-23,True,186120.0,JPY,1605211
2026-10-02 07:58,3e76ba9a-b62d-81ef-baf9-d0fc65114acc,Dashwood Sauvignon Blanc 2025,dailyshot,https://dailyshot.co/m/item/20593?item=231613,True,26000,KRW,26000
2026-10-02 08:01,3936ba9a-b62d-81ef-af94-f3c066281370,Laphroaig 1991 DeDr Whiskyland Chapter 23 700ml (48.3°),rudder,https://theultimatespirits.jp/products/laphroaig-ラフロイグ-1991-34年-whiskyland-chapter-23,True,186120.0,JPY,1605211
2026-10-02 08:01,3e76ba9a-b62d-81ef-baf9-d0fc65114acc,Dashwood Sauvignon Blanc 2025,dailyshot,https://dailyshot.co/m/item/20593?item=231613,True,26000,KRW,26000
2026-10-02 08:30,3936ba9a-b62d-81ef-af94-f3c066281370,Laphroaig 1991 DeDr Whiskyland Chapter 23 700ml (48.3°),rudder,https://theultimatespirits.jp/products/laphroaig-ラフロイグ-1991-34年-whiskyland-chapter-23,True,186120.0,JPY,1605211
2026-10-02 08:30,3e76ba9a-b62d-81ef-baf9-d0fc65114acc,Dashwood Sauvignon Blanc 2025,dailyshot,https://dailyshot.co/m/item/20593?item=231613,True,26000,KRW,26000
2026-10-02 09:01,3936ba9a-b62d-81ef-af94-f3c066281370,Laphroaig 1991 DeDr Whiskyland Chapter 23 700ml (48.3°),rudder,https://theultimatespirits.jp/products/laphroaig-ラフロイグ-1991-34年-whiskyland-chapter-23,True,186120.0,JPY,1605211
2026-10-02 09:01,3e76ba9a-b62d-81ef-baf9-d0fc65114acc,Dashwood Sauvignon Blanc 2025,dailyshot,https://dailyshot.co/m/item/20593?item=231613,True,26000,KRW,26000
2026-10-02 09:30,3936ba9a-b62d-81ef-af94-f3c066281370,Laphroaig 1991 DeDr Whiskyland Chapter 23 700ml (48.3°),rudder,https://theultimatespirits.jp/products/laphroaig-ラフロイグ-1991-34年-whiskyland-chapter-23,True,186120.0,JPY,1605211
2026-10-02 09:30,3e76ba9a-b62d-81ef-baf9-d0fc65114acc,Dashwood Sauvignon Blanc 2025,dailyshot,https://dailyshot.co/m/item/20593?item=231613,True,26000,KRW,26000
2026-10-02 10:01,3936ba9a-b62d-81ef-af94-f3c066281370,Laphroaig 1991 DeDr Whiskyland Chapter 23 700ml (48.3°),rudder,https://theultimatespirits.jp/products/laphroaig-ラフロイグ-1991-34年-whiskyland-chapter-23,True,186120.0,JPY,1605211
2026-10-02 10:01,3e76ba9a-b62d-81ef-baf9-d0fc65114acc,Dashwood Sauvignon Blanc 2025,dailyshot,https://dailyshot.co/m/item/20593?item=231613,True,26000,KRW,26000
2026-10-02 10:31,3936ba9a-b62d-81ef-af94-f3c066281370,Laphroaig 1991 DeDr Whiskyland Chapter 23 700ml (48.3°),rudder,https://theultimatespirits.jp/products/laphroaig-ラフロイグ-1991-34年-whiskyland-chapter-23,True,186120.0,JPY,1605211
2026-10-02 10:31,3e76ba9a-b62d-81ef-baf9-d0fc65114acc,Dashwood Sauvignon Blanc 2025,dailyshot,https://dailyshot.co/m/item/20593?item=231613,True,26000,KRW,26000
2026-10-02 11:01,3936ba9a-b62d-81ef-af94-f3c066281370,Laphroaig 1991 DeDr Whiskyland Chapter 23 700ml (48.3°),rudder,https://theultimatespirits.jp/products/laphroaig-ラフロイグ-1991-34年-whiskyland-chapter-23,True,186120.0,JPY,1605211
2026-10-02 11:01,3e76ba9a-b62d-81ef-baf9-d0fc65114acc,Dashwood Sauvignon Blanc 2025,dailyshot,https://dailyshot.co/m/item/20593?item=231613,True,26000,KRW,26000
2026-10-02 11:31,3936ba9a-b62d-81ef-af94-f3c066281370,Laphroaig 1991 DeDr Whiskyland Chapter 23 700ml (48.3°),rudder,https://theultimatespirits.jp/products/laphroaig-ラフロイグ-1991-34年-whiskyland-chapter-23,True,186120.0,JPY,1605211
2026-10-02 11:31,3e76ba9a-b62d-81ef-baf9-d0fc65114acc,Dashwood Sauvignon Blanc 2025,dailyshot,https://dailyshot.co/m/item/20593?item=231613,True,26000,KRW,26000
2026-10-02 12:01,3936ba9a-b62d-81ef-af94-f3c066281370,Laphroaig 1991 DeDr Whiskyland Chapter 23 700ml (48.3°),rudder,https://theultimatespirits.jp/products/laphroaig-ラフロイグ-1991-34年-whiskyland-chapter-23,True,186120.0,JPY,1605211
2026-10-02 12:01,3e76ba9a-b62d-81ef-baf9-d0fc65114acc,Dashwood Sauvignon Blanc 2025,dailyshot,https://dailyshot.co/m/item/20593?item=231613,True,26000,KRW,26000
2026-10-02 12:31,3936ba9a-b62d-81ef-af94-f3c066281370,Laphroaig 1991 DeDr Whiskyland Chapter 23 700ml (48.3°),rudder,https://theultimatespirits.jp/products/laphroaig-ラフロイグ-1991-34年-whiskyland-chapter-23,True,186120.0,JPY,1605211
2026-10-02 12:31,3e76ba9a-b62d-81ef-baf9-d0fc65114acc,Dashwood Sauvignon Blanc 2025,dailyshot,https://dailyshot.co/m/item/20593?item=231613,True,26000,KRW,26000
2026-10-02 13:01,3936ba9a-b62d-81ef-af94-f3c066281370,Laphroaig 1991 DeDr Whiskyland Chapter 23 700ml (48.3°),rudder,https://theultimatespirits.jp/products/laphroaig-ラフロイグ-1991-34年-whiskyland-chapter-23,True,186120.0,JPY,1605211
2026-10-02 13:01,3e76ba9a-b62d-81ef-baf9-d0fc65114acc,Dashwood Sauvignon Blanc 2025,dailyshot,https://dailyshot.co/m/item/20593?item=231613,True,26000,KRW,26000
2026-10-02 13:31,3936ba9a-b62d-81ef-af94-f3c066281370,Laphroaig 1991 DeDr Whiskyland Chapter 23 700ml (48.3°),rudder,https://theultimatespirits.jp/products/laphroaig-ラフロイグ-1991-34年-whiskyland-chapter-23,True,186120.0,JPY,1605211
2026-10-02 13:31,3e76ba9a-b62d-81ef-baf9-d0fc65114acc,Dashwood Sauvignon Blanc 2025,dailyshot,https://dailyshot.co/m/item/20593?item=231613,True,26000,KRW,26000
2026-10-02 14:01,3936ba9a-b62d-81ef-af94-f3c066281370,Laphroaig 1991 DeDr Whiskyland Chapter 23 700ml (48.3°),rudder,https://theultimatespirits.jp/products/laphroaig-ラフロイグ-1991-34年-whiskyland-chapter-23,True,186120.0,JPY,1605211
2026-10-02 14:01,3e76ba9a-b62d-81ef-baf9-d0fc65114acc,Dashwood Sauvignon Blanc 2025,dailyshot,https://dailyshot.co/m/item/20593?item=231613,True,26000,KRW,26000
2026-10-02 14:31,3936ba9a-b62d-81ef-af94-f3c066281370,Laphroaig 1991 DeDr Whiskyland Chapter 23 700ml (48.3°),rudder,https://theultimatespirits.jp/products/laphroaig-ラフロイグ-1991-34年-whiskyland-chapter-23,True,186120.0,JPY,1605211
2026-10-02 14:31,3e76ba9a-b62d-81ef-baf9-d0fc65114acc,Dashwood Sauvignon Blanc 2025,dailyshot,https://dailyshot.co/m/item/20593?item=231613,True,26000,KRW,26000
2026-10-02 15:01,3936ba9a-b62d-81ef-af94-f3c066281370,Laphroaig 1991 DeDr Whiskyland Chapter 23 700ml (48.3°),rudder,https://theultimatespirits.jp/products/laphroaig-ラフロイグ-1991-34年-whiskyland-chapter-23,True,186120.0,JPY,1605211
2026-10-02 15:01,3e76ba9a-b62d-81ef-baf9-d0fc65114acc,Dashwood Sauvignon Blanc 2025,dailyshot,https://dailyshot.co/m/item/20593?item=231613,True,26000,KRW,26000
2026-10-02 15:06,3936ba9a-b62d-81ef-af94-f3c066281370,Laphroaig 1991 DeDr Whiskyland Chapter 23 700ml (48.3°),rudder,https://theultimatespirits.jp/products/laphroaig-ラフロイグ-1991-34年-whiskyland-chapter-23,True,186120.0,JPY,1605211
2026-10-02 15:06,3e76ba9a-b62d-81ef-baf9-d0fc65114acc,Dashwood Sauvignon Blanc 2025,dailyshot,https://dailyshot.co/m/item/20593?item=231613,True,26000,KRW,26000
2026-10-02 15:31,3936ba9a-b62d-81ef-af94-f3c066281370,Laphroaig 1991 DeDr Whiskyland Chapter 23 700ml (48.3°),rudder,https://theultimatespirits.jp/products/laphroaig-ラフロイグ-1991-34年-whiskyland-chapter-23,True,186120.0,JPY,1605211
2026-10-02 15:31,3e76ba9a-b62d-81ef-baf9-d0fc65114acc,Dashwood Sauvignon Blanc 2025,dailyshot,https://dailyshot.co/m/item/20593?item=231613,True,26000,KRW,26000
2026-10-02 16:01,3936ba9a-b62d-81ef-af94-f3c066281370,Laphroaig 1991 DeDr Whiskyland Chapter 23 700ml (48.3°),rudder,https://theultimatespirits.jp/products/laphroaig-ラフロイグ-1991-34年-whiskyland-chapter-23,True,186120.0,JPY,1605211
2026-10-02 16:01,3e76ba9a-b62d-81ef-baf9-d0fc65114acc,Dashwood Sauvignon Blanc 2025,dailyshot,https://dailyshot.co/m/item/20593?item=231613,True,26000,KRW,26000
2026-10-02 16:31,3936ba9a-b62d-81ef-af94-f3c066281370,Laphroaig 1991 DeDr Whiskyland Chapter 23 700ml (48.3°),rudder,https://theultimatespirits.jp/products/laphroaig-ラフロイグ-1991-34年-whiskyland-chapter-23,True,186120.0,JPY,1605211
2026-10-02 16:31,3e76ba9a-b62d-81ef-baf9-d0fc65114acc,Dashwood Sauvignon Blanc 2025,dailyshot,https://dailyshot.co/m/item/20593?item=231613,True,26000,KRW,26000
2026-10-02 16:41,3936ba9a-b62d-81ef-af94-f3c066281370,Laphroaig 1991 DeDr Whiskyland Chapter 23 700ml (48.3°),rudder,https://theultimatespirits.jp/products/laphroaig-ラフロイグ-1991-34年-whiskyland-chapter-23,True,186120.0,JPY,1605211
2026-10-02 16:41,3e76ba9a-b62d-81ef-baf9-d0fc65114acc,Dashwood Sauvignon Blanc 2025,dailyshot,https://dailyshot.co/m/item/20593?item=231613,True,26000,KRW,26000
2026-10-02 16:55,3936ba9a-b62d-81ef-af94-f3c066281370,Laphroaig 1991 DeDr Whiskyland Chapter 23 700ml (48.3°),rudder,https://theultimatespirits.jp/products/laphroaig-ラフロイグ-1991-34年-whiskyland-chapter-23,True,186120.0,JPY,1605211
2026-10-02 16:55,3e76ba9a-b62d-81ef-baf9-d0fc65114acc,Dashwood Sauvignon Blanc 2025,dailyshot,https://dailyshot.co/m/item/20593?item=231613,True,26000,KRW,26000
2026-10-02 17:01,3936ba9a-b62d-81ef-af94-f3c066281370,Laphroaig 1991 DeDr Whiskyland Chapter 23 700ml (48.3°),rudder,https://theultimatespirits.jp/products/laphroaig-ラフロイグ-1991-34年-whiskyland-chapter-23,True,186120.0,JPY,1605211
2026-10-02 17:01,3e76ba9a-b62d-81ef-baf9-d0fc65114acc,Dashwood Sauvignon Blanc 2025,dailyshot,https://dailyshot.co/m/item/20593?item=231613,True,26000,KRW,26000
2026-10-02 17:11,3936ba9a-b62d-81ef-af94-f3c066281370,Laphroaig 1991 DeDr Whiskyland Chapter 23 700ml (48.3°),rudder,https://theultimatespirits.jp/products/laphroaig-ラフロイグ-1991-34年-whiskyland-chapter-23,True,186120.0,JPY,1605211
2026-10-02 17:11,3e76ba9a-b62d-81ef-baf9-d0fc65114acc,Dashwood Sauvignon Blanc 2025,dailyshot,https://dailyshot.co/m/item/20593?item=231613,True,26000,KRW,26000
2026-10-02 17:21,3936ba9a-b62d-81ef-af94-f3c066281370,Laphroaig 1991 DeDr Whiskyland Chapter 23 700ml (48.3°),rudder,https://theultimatespirits.jp/products/laphroaig-ラフロイグ-1991-34年-whiskyland-chapter-23,True,186120.0,JPY,1605211
2026-10-02 17:21,3e76ba9a-b62d-81ef-baf9-d0fc65114acc,Dashwood Sauvignon Blanc 2025,dailyshot,https://dailyshot.co/m/item/20593?item=231613,True,26000,KRW,26000
2026-10-02 17:31,3936ba9a-b62d-81ef-af94-f3c066281370,Laphroaig 1991 DeDr Whiskyland Chapter 23 700ml (48.3°),rudder,https://theultimatespirits.jp/products/laphroaig-ラフロイグ-1991-34年-whiskyland-chapter-23,True,186120.0,JPY,1605211
2026-10-02 17:31,3e76ba9a-b62d-81ef-baf9-d0fc65114acc,Dashwood Sauvignon Blanc 2025,dailyshot,https://dailyshot.co/m/item/20593?item=231613,True,26000,KRW,26000
2026-10-02 17:41,3936ba9a-b62d-81ef-af94-f3c066281370,Laphroaig 1991 DeDr Whiskyland Chapter 23 700ml (48.3°),rudder,https://theultimatespirits.jp/products/laphroaig-ラフロイグ-1991-34年-whiskyland-chapter-23,True,186120.0,JPY,1605211
2026-10-02 17:41,3e76ba9a-b62d-81ef-baf9-d0fc65114acc,Dashwood Sauvignon Blanc 2025,dailyshot,https://dailyshot.co/m/item/20593?item=231613,True,26000,KRW,26000
2026-10-02 17:51,3936ba9a-b62d-81ef-af94-f3c066281370,Laphroaig 1991 DeDr Whiskyland Chapter 23 700ml (48.3°),rudder,https://theultimatespirits.jp/products/laphroaig-ラフロイグ-1991-34年-whiskyland-chapter-23,True,186120.0,JPY,1605211
2026-10-02 17:51,3e76ba9a-b62d-81ef-baf9-d0fc65114acc,Dashwood Sauvignon Blanc 2025,dailyshot,https://dailyshot.co/m/item/20593?item=231613,True,26000,KRW,26000
2026-10-02 18:01,3936ba9a-b62d-81ef-af94-f3c066281370,Laphroaig 1991 DeDr Whiskyland Chapter 23 700ml (48.3°),rudder,https://theultimatespirits.jp/products/laphroaig-ラフロイグ-1991-34年-whiskyland-chapter-23,True,186120.0,JPY,1605211
2026-10-02 18:01,3e76ba9a-b62d-81ef-baf9-d0fc65114acc,Dashwood Sauvignon Blanc 2025,dailyshot,https://dailyshot.co/m/item/20593?item=231613,True,26000,KRW,26000
2026-10-02 18:11,3936ba9a-b62d-81ef-af94-f3c066281370,Laphroaig 1991 DeDr Whiskyland Chapter 23 700ml (48.3°),rudder,https://theultimatespirits.jp/products/laphroaig-ラフロイグ-1991-34年-whiskyland-chapter-23,True,186120.0,JPY,1605211
2026-10-02 18:11,3e76ba9a-b62d-81ef-baf9-d0fc65114acc,Dashwood Sauvignon Blanc 2025,dailyshot,https://dailyshot.co/m/item/20593?item=231613,True,26000,KRW,26000
2026-10-02 18:21,3936ba9a-b62d-81ef-af94-f3c066281370,Laphroaig 1991 DeDr Whiskyland Chapter 23 700ml (48.3°),rudder,https://theultimatespirits.jp/products/laphroaig-ラフロイグ-1991-34年-whiskyland-chapter-23,True,186120.0,JPY,1605211
2026-10-02 18:21,3e76ba9a-b62d-81ef-baf9-d0fc65114acc,Dashwood Sauvignon Blanc 2025,dailyshot,https://dailyshot.co/m/item/20593?item=231613,True,26000,KRW,26000
2026-10-02 18:31,3936ba9a-b62d-81ef-af94-f3c066281370,Laphroaig 1991 DeDr Whiskyland Chapter 23 700ml (48.3°),rudder,https://theultimatespirits.jp/products/laphroaig-ラフロイグ-1991-34年-whiskyland-chapter-23,True,186120.0,JPY,1605211
2026-10-02 18:31,3e76ba9a-b62d-81ef-baf9-d0fc65114acc,Dashwood Sauvignon Blanc 2025,dailyshot,https://dailyshot.co/m/item/20593?item=231613,True,26000,KRW,26000
2026-10-02 18:57,3936ba9a-b62d-81ef-af94-f3c066281370,Laphroaig 1991 DeDr Whiskyland Chapter 23 700ml (48.3°),rudder,https://theultimatespirits.jp/products/laphroaig-ラフロイグ-1991-34年-whiskyland-chapter-23,True,186120.0,JPY,1605211
2026-10-02 18:57,3e76ba9a-b62d-81ef-baf9-d0fc65114acc,Dashwood Sauvignon Blanc 2025,dailyshot,https://dailyshot.co/m/item/20593?item=231613,True,26000,KRW,26000
2026-10-02 19:01,3936ba9a-b62d-81ef-af94-f3c066281370,Laphroaig 1991 DeDr Whiskyland Chapter 23 700ml (48.3°),rudder,https://theultimatespirits.jp/products/laphroaig-ラフロイグ-1991-34年-whiskyland-chapter-23,True,186120.0,JPY,1605211
2026-10-02 19:01,3e76ba9a-b62d-81ef-baf9-d0fc65114acc,Dashwood Sauvignon Blanc 2025,dailyshot,https://dailyshot.co/m/item/20593?item=231613,True,26000,KRW,26000
2026-10-02 19:31,3936ba9a-b62d-81ef-af94-f3c066281370,Laphroaig 1991 DeDr Whiskyland Chapter 23 700ml (48.3°),rudder,https://theultimatespirits.jp/products/laphroaig-ラフロイグ-1991-34年-whiskyland-chapter-23,True,186120.0,JPY,1605211
2026-10-02 19:31,3e76ba9a-b62d-81ef-baf9-d0fc65114acc,Dashwood Sauvignon Blanc 2025,dailyshot,https://dailyshot.co/m/item/20593?item=231613,True,26000,KRW,26000
2026-10-02 20:01,3936ba9a-b62d-81ef-af94-f3c066281370,Laphroaig 1991 DeDr Whiskyland Chapter 23 700ml (48.3°),rudder,https://theultimatespirits.jp/products/laphroaig-ラフロイグ-1991-34年-whiskyland-chapter-23,True,186120.0,JPY,1605211
2026-10-02 20:01,3e76ba9a-b62d-81ef-baf9-d0fc65114acc,Dashwood Sauvignon Blanc 2025,dailyshot,https://dailyshot.co/m/item/20593?item=231613,True,26000,KRW,26000
2026-10-02 20:31,3936ba9a-b62d-81ef-af94-f3c066281370,Laphroaig 1991 DeDr Whiskyland Chapter 23 700ml (48.3°),rudder,https://theultimatespirits.jp/products/laphroaig-ラフロイグ-1991-34年-whiskyland-chapter-23,True,186120.0,JPY,1605211
2026-10-02 20:31,3e76ba9a-b62d-81ef-baf9-d0fc65114acc,Dashwood Sauvignon Blanc 2025,dailyshot,https://dailyshot.co/m/item/20593?item=231613,True,26000,KRW,26000
2026-10-02 21:01,3936ba9a-b62d-81ef-af94-f3c066281370,Laphroaig 1991 DeDr Whiskyland Chapter 23 700ml (48.3°),rudder,https://theultimatespirits.jp/products/laphroaig-ラフロイグ-1991-34年-whiskyland-chapter-23,True,186120.0,JPY,1605211
2026-10-02 21:01,3e76ba9a-b62d-81ef-baf9-d0fc65114acc,Dashwood Sauvignon Blanc 2025,dailyshot,https://dailyshot.co/m/item/20593?item=231613,True,26000,KRW,26000
2026-10-02 21:31,3936ba9a-b62d-81ef-af94-f3c066281370,Laphroaig 1991 DeDr Whiskyland Chapter 23 700ml (48.3°),rudder,https://theultimatespirits.jp/products/laphroaig-ラフロイグ-1991-34年-whiskyland-chapter-23,True,186120.0,JPY,1605211
2026-10-02 21:31,3e76ba9a-b62d-81ef-baf9-d0fc65114acc,Dashwood Sauvignon Blanc 2025,dailyshot,https://dailyshot.co/m/item/20593?item=231613,True,26000,KRW,26000
2026-10-02 22:01,3936ba9a-b62d-81ef-af94-f3c066281370,Laphroaig 1991 DeDr Whiskyland Chapter 23 700ml (48.3°),rudder,https://theultimatespirits.jp/products/laphroaig-ラフロイグ-1991-34年-whiskyland-chapter-23,True,186120.0,JPY,1605211
2026-10-02 22:01,3e76ba9a-b62d-81ef-baf9-d0fc65114acc,Dashwood Sauvignon Blanc 2025,dailyshot,https://dailyshot.co/m/item/20593?item=231613,True,26000,KRW,26000
2026-10-02 22:05,3936ba9a-b62d-81ef-af94-f3c066281370,Laphroaig 1991 DeDr Whiskyland Chapter 23 700ml (48.3°),rudder,https://theultimatespirits.jp/products/laphroaig-ラフロイグ-1991-34年-whiskyland-chapter-23,True,186120.0,JPY,1605211
2026-10-02 22:05,3e76ba9a-b62d-81ef-baf9-d0fc65114acc,Dashwood Sauvignon Blanc 2025,dailyshot,https://dailyshot.co/m/item/20593?item=231613,True,26000,KRW,26000
2026-10-02 22:31,3936ba9a-b62d-81ef-af94-f3c066281370,Laphroaig 1991 DeDr Whiskyland Chapter 23 700ml (48.3°),rudder,https://theultimatespirits.jp/products/laphroaig-ラフロイグ-1991-34年-whiskyland-chapter-23,True,186120.0,JPY,1605211
2026-10-02 22:31,3e76ba9a-b62d-81ef-baf9-d0fc65114acc,Dashwood Sauvignon Blanc 2025,dailyshot,https://dailyshot.co/m/item/20593?item=231613,True,26000,KRW,26000
2026-10-02 23:01,3936ba9a-b62d-81ef-af94-f3c066281370,Laphroaig 1991 DeDr Whiskyland Chapter 23 700ml (48.3°),rudder,https://theultimatespirits.jp/products/laphroaig-ラフロイグ-1991-34年-whiskyland-chapter-23,True,186120.0,JPY,1605211
2026-10-02 23:01,3e76ba9a-b62d-81ef-baf9-d0fc65114acc,Dashwood Sauvignon Blanc 2025,dailyshot,https://dailyshot.co/m/item/20593?item=231613,True,26000,KRW,26000
2026-10-02 23:31,3936ba9a-b62d-81ef-af94-f3c066281370,Laphroaig 1991 DeDr Whiskyland Chapter 23 700ml (48.3°),rudder,https://theultimatespirits.jp/products/laphroaig-ラフロイグ-1991-34年-whiskyland-chapter-23,True,186120.0,JPY,1605211
2026-10-02 23:31,3e76ba9a-b62d-81ef-baf9-d0fc65114acc,Dashwood Sauvignon Blanc 2025,dailyshot,https://dailyshot.co/m/item/20593?item=231613,True,26000,KRW,26000
2026-10-03 00:11,3936ba9a-b62d-81ef-af94-f3c066281370,Laphroaig 1991 DeDr Whiskyland Chapter 23 700ml (48.3°),rudder,https://theultimatespirits.jp/products/laphroaig-ラフロイグ-1991-34年-whiskyland-chapter-23,True,186120.0,JPY,1604131
2026-10-03 00:11,3e76ba9a-b62d-81ef-baf9-d0fc65114acc,Dashwood Sauvignon Blanc 2025,dailyshot,https://dailyshot.co/m/item/20593?item=231613,True,26000,KRW,26000
2026-10-03 00:56,3936ba9a-b62d-81ef-af94-f3c066281370,Laphroaig 1991 DeDr Whiskyland Chapter 23 700ml (48.3°),rudder,https://theultimatespirits.jp/products/laphroaig-ラフロイグ-1991-34年-whiskyland-chapter-23,True,186120.0,JPY,1604131
2026-10-03 00:56,3e76ba9a-b62d-81ef-baf9-d0fc65114acc,Dashwood Sauvignon Blanc 2025,dailyshot,https://dailyshot.co/m/item/20593?item=231613,True,26000,KRW,26000
2026-10-03 02:11,3936ba9a-b62d-81ef-af94-f3c066281370,Laphroaig 1991 DeDr Whiskyland Chapter 23 700ml (48.3°),rudder,https://theultimatespirits.jp/products/laphroaig-ラフロイグ-1991-34年-whiskyland-chapter-23,True,186120.0,JPY,1604131
2026-10-03 02:11,3e76ba9a-b62d-81ef-baf9-d0fc65114acc,Dashwood Sauvignon Blanc 2025,dailyshot,https://dailyshot.co/m/item/20593?item=231613,True,26000,KRW,26000
2026-10-03 02:58,3936ba9a-b62d-81ef-af94-f3c066281370,Laphroaig 1991 DeDr Whiskyland Chapter 23 700ml (48.3°),rudder,https://theultimatespirits.jp/products/laphroaig-ラフロイグ-1991-34年-whiskyland-chapter-23,True,186120.0,JPY,1604131
2026-10-03 02:58,3e76ba9a-b62d-81ef-baf9-d0fc65114acc,Dashwood Sauvignon Blanc 2025,dailyshot,https://dailyshot.co/m/item/20593?item=231613,True,26000,KRW,26000
2026-10-03 04:11,3936ba9a-b62d-81ef-af94-f3c066281370,Laphroaig 1991 DeDr Whiskyland Chapter 23 700ml (48.3°),rudder,https://theultimatespirits.jp/products/laphroaig-ラフロイグ-1991-34年-whiskyland-chapter-23,True,186120.0,JPY,1604131
2026-10-03 04:11,3e76ba9a-b62d-81ef-baf9-d0fc65114acc,Dashwood Sauvignon Blanc 2025,dailyshot,https://dailyshot.co/m/item/20593?item=231613,True,26000,KRW,26000
2026-10-03 06:11,3936ba9a-b62d-81ef-af94-f3c066281370,Laphroaig 1991 DeDr Whiskyland Chapter 23 700ml (48.3°),rudder,https://theultimatespirits.jp/products/laphroaig-ラフロイグ-1991-34年-whiskyland-chapter-23,True,186120.0,JPY,1604131
2026-10-03 06:11,3e76ba9a-b62d-81ef-baf9-d0fc65114acc,Dashwood Sauvignon Blanc 2025,dailyshot,https://dailyshot.co/m/item/20593?item=231613,True,26000,KRW,26000
2026-10-03 07:30,3936ba9a-b62d-81ef-af94-f3c066281370,Laphroaig 1991 DeDr Whiskyland Chapter 23 700ml (48.3°),rudder,https://theultimatespirits.jp/products/laphroaig-ラフロイグ-1991-34年-whiskyland-chapter-23,True,186120.0,JPY,1604131
2026-10-03 07:30,3e76ba9a-b62d-81ef-baf9-d0fc65114acc,Dashwood Sauvignon Blanc 2025,dailyshot,https://dailyshot.co/m/item/20593?item=231613,True,26000,KRW,26000
2026-10-03 07:58,3936ba9a-b62d-81ef-af94-f3c066281370,Laphroaig 1991 DeDr Whiskyland Chapter 23 700ml (48.3°),rudder,https://theultimatespirits.jp/products/laphroaig-ラフロイグ-1991-34年-whiskyland-chapter-23,True,186120.0,JPY,1604131
2026-10-03 07:58,3e76ba9a-b62d-81ef-baf9-d0fc65114acc,Dashwood Sauvignon Blanc 2025,dailyshot,https://dailyshot.co/m/item/20593?item=231613,True,26000,KRW,26000
2026-10-03 08:01,3936ba9a-b62d-81ef-af94-f3c066281370,Laphroaig 1991 DeDr Whiskyland Chapter 23 700ml (48.3°),rudder,https://theultimatespirits.jp/products/laphroaig-ラフロイグ-1991-34年-whiskyland-chapter-23,True,186120.0,JPY,1604131
2026-10-03 08:01,3e76ba9a-b62d-81ef-baf9-d0fc65114acc,Dashwood Sauvignon Blanc 2025,dailyshot,https://dailyshot.co/m/item/20593?item=231613,True,26000,KRW,26000
2026-10-03 08:31,3936ba9a-b62d-81ef-af94-f3c066281370,Laphroaig 1991 DeDr Whiskyland Chapter 23 700ml (48.3°),rudder,https://theultimatespirits.jp/products/laphroaig-ラフロイグ-1991-34年-whiskyland-chapter-23,True,186120.0,JPY,1604131
2026-10-03 08:31,3e76ba9a-b62d-81ef-baf9-d0fc65114acc,Dashwood Sauvignon Blanc 2025,dailyshot,https://dailyshot.co/m/item/20593?item=231613,True,26000,KRW,26000
2026-10-03 09:01,3936ba9a-b62d-81ef-af94-f3c066281370,Laphroaig 1991 DeDr Whiskyland Chapter 23 700ml (48.3°),rudder,https://theultimatespirits.jp/products/laphroaig-ラフロイグ-1991-34年-whiskyland-chapter-23,True,186120.0,JPY,1604131
2026-10-03 09:01,3e76ba9a-b62d-81ef-baf9-d0fc65114acc,Dashwood Sauvignon Blanc 2025,dailyshot,https://dailyshot.co/m/item/20593?item=231613,True,26000,KRW,26000
2026-10-03 09:31,3936ba9a-b62d-81ef-af94-f3c066281370,Laphroaig 1991 DeDr Whiskyland Chapter 23 700ml (48.3°),rudder,https://theultimatespirits.jp/products/laphroaig-ラフロイグ-1991-34年-whiskyland-chapter-23,True,186120.0,JPY,1604131
2026-10-03 09:31,3e76ba9a-b62d-81ef-baf9-d0fc65114acc,Dashwood Sauvignon Blanc 2025,dailyshot,https://dailyshot.co/m/item/20593?item=231613,True,26000,KRW,26000
2026-10-03 10:01,3936ba9a-b62d-81ef-af94-f3c066281370,Laphroaig 1991 DeDr Whiskyland Chapter 23 700ml (48.3°),rudder,https://theultimatespirits.jp/products/laphroaig-ラフロイグ-1991-34年-whiskyland-chapter-23,True,186120.0,JPY,1604131
2026-10-03 10:01,3e76ba9a-b62d-81ef-baf9-d0fc65114acc,Dashwood Sauvignon Blanc 2025,dailyshot,https://dailyshot.co/m/item/20593?item=231613,True,26000,KRW,26000
2026-10-03 10:31,3936ba9a-b62d-81ef-af94-f3c066281370,Laphroaig 1991 DeDr Whiskyland Chapter 23 700ml (48.3°),rudder,https://theultimatespirits.jp/products/laphroaig-ラフロイグ-1991-34年-whiskyland-chapter-23,True,186120.0,JPY,1604131
2026-10-03 10:31,3e76ba9a-b62d-81ef-baf9-d0fc65114acc,Dashwood Sauvignon Blanc 2025,dailyshot,https://dailyshot.co/m/item/20593?item=231613,True,26000,KRW,26000
2026-10-03 11:01,3936ba9a-b62d-81ef-af94-f3c066281370,Laphroaig 1991 DeDr Whiskyland Chapter 23 700ml (48.3°),rudder,https://theultimatespirits.jp/products/laphroaig-ラフロイグ-1991-34年-whiskyland-chapter-23,True,186120.0,JPY,1604131
2026-10-03 11:01,3e76ba9a-b62d-81ef-baf9-d0fc65114acc,Dashwood Sauvignon Blanc 2025,dailyshot,https://dailyshot.co/m/item/20593?item=231613,True,26000,KRW,26000
2026-10-03 11:31,3936ba9a-b62d-81ef-af94-f3c066281370,Laphroaig 1991 DeDr Whiskyland Chapter 23 700ml (48.3°),rudder,https://theultimatespirits.jp/products/laphroaig-ラフロイグ-1991-34年-whiskyland-chapter-23,True,186120.0,JPY,1604131
2026-10-03 11:31,3e76ba9a-b62d-81ef-baf9-d0fc65114acc,Dashwood Sauvignon Blanc 2025,dailyshot,https://dailyshot.co/m/item/20593?item=231613,True,26000,KRW,26000
2026-10-03 12:01,3936ba9a-b62d-81ef-af94-f3c066281370,Laphroaig 1991 DeDr Whiskyland Chapter 23 700ml (48.3°),rudder,https://theultimatespirits.jp/products/laphroaig-ラフロイグ-1991-34年-whiskyland-chapter-23,True,186120.0,JPY,1604131
2026-10-03 12:01,3e76ba9a-b62d-81ef-baf9-d0fc65114acc,Dashwood Sauvignon Blanc 2025,dailyshot,https://dailyshot.co/m/item/20593?item=231613,True,26000,KRW,26000
2026-10-03 12:31,3936ba9a-b62d-81ef-af94-f3c066281370,Laphroaig 1991 DeDr Whiskyland Chapter 23 700ml (48.3°),rudder,https://theultimatespirits.jp/products/laphroaig-ラフロイグ-1991-34年-whiskyland-chapter-23,True,186120.0,JPY,1604131
2026-10-03 12:31,3e76ba9a-b62d-81ef-baf9-d0fc65114acc,Dashwood Sauvignon Blanc 2025,dailyshot,https://dailyshot.co/m/item/20593?item=231613,True,26000,KRW,26000
2026-10-03 13:01,3936ba9a-b62d-81ef-af94-f3c066281370,Laphroaig 1991 DeDr Whiskyland Chapter 23 700ml (48.3°),rudder,https://theultimatespirits.jp/products/laphroaig-ラフロイグ-1991-34年-whiskyland-chapter-23,True,186120.0,JPY,1604131
2026-10-03 13:01,3e76ba9a-b62d-81ef-baf9-d0fc65114acc,Dashwood Sauvignon Blanc 2025,dailyshot,https://dailyshot.co/m/item/20593?item=231613,True,26000,KRW,26000
2026-10-03 13:32,3936ba9a-b62d-81ef-af94-f3c066281370,Laphroaig 1991 DeDr Whiskyland Chapter 23 700ml (48.3°),rudder,https://theultimatespirits.jp/products/laphroaig-ラフロイグ-1991-34年-whiskyland-chapter-23,True,186120.0,JPY,1604131
2026-10-03 13:32,3e76ba9a-b62d-81ef-baf9-d0fc65114acc,Dashwood Sauvignon Blanc 2025,dailyshot,https://dailyshot.co/m/item/20593?item=231613,True,26000,KRW,26000
2026-10-03 14:01,3936ba9a-b62d-81ef-af94-f3c066281370,Laphroaig 1991 DeDr Whiskyland Chapter 23 700ml (48.3°),rudder,https://theultimatespirits.jp/products/laphroaig-ラフロイグ-1991-34年-whiskyland-chapter-23,True,186120.0,JPY,1604131
2026-10-03 14:01,3e76ba9a-b62d-81ef-baf9-d0fc65114acc,Dashwood Sauvignon Blanc 2025,dailyshot,https://dailyshot.co/m/item/20593?item=231613,True,26000,KRW,26000
2026-10-03 14:31,3936ba9a-b62d-81ef-af94-f3c066281370,Laphroaig 1991 DeDr Whiskyland Chapter 23 700ml (48.3°),rudder,https://theultimatespirits.jp/products/laphroaig-ラフロイグ-1991-34年-whiskyland-chapter-23,True,186120.0,JPY,1604131
2026-10-03 14:31,3e76ba9a-b62d-81ef-baf9-d0fc65114acc,Dashwood Sauvignon Blanc 2025,dailyshot,https://dailyshot.co/m/item/20593?item=231613,True,26000,KRW,26000
2026-10-03 14:40,3936ba9a-b62d-81ef-af94-f3c066281370,Laphroaig 1991 DeDr Whiskyland Chapter 23 700ml (48.3°),rudder,https://theultimatespirits.jp/products/laphroaig-ラフロイグ-1991-34年-whiskyland-chapter-23,True,186120.0,JPY,1604131
2026-10-03 14:40,3e76ba9a-b62d-81ef-baf9-d0fc65114acc,Dashwood Sauvignon Blanc 2025,dailyshot,https://dailyshot.co/m/item/20593?item=231613,True,26000,KRW,26000
2026-10-03 15:01,3936ba9a-b62d-81ef-af94-f3c066281370,Laphroaig 1991 DeDr Whiskyland Chapter 23 700ml (48.3°),rudder,https://theultimatespirits.jp/products/laphroaig-ラフロイグ-1991-34年-whiskyland-chapter-23,True,186120.0,JPY,1604131
2026-10-03 15:01,3e76ba9a-b62d-81ef-baf9-d0fc65114acc,Dashwood Sauvignon Blanc 2025,dailyshot,https://dailyshot.co/m/item/20593?item=231613,True,26000,KRW,26000
2026-10-03 15:31,3936ba9a-b62d-81ef-af94-f3c066281370,Laphroaig 1991 DeDr Whiskyland Chapter 23 700ml (48.3°),rudder,https://theultimatespirits.jp/products/laphroaig-ラフロイグ-1991-34年-whiskyland-chapter-23,True,186120.0,JPY,1604131
2026-10-03 15:31,3e76ba9a-b62d-81ef-baf9-d0fc65114acc,Dashwood Sauvignon Blanc 2025,dailyshot,https://dailyshot.co/m/item/20593?item=231613,True,26000,KRW,26000
2026-10-03 16:01,3936ba9a-b62d-81ef-af94-f3c066281370,Laphroaig 1991 DeDr Whiskyland Chapter 23 700ml (48.3°),rudder,https://theultimatespirits.jp/products/laphroaig-ラフロイグ-1991-34年-whiskyland-chapter-23,True,186120.0,JPY,1604131
2026-10-03 16:01,3e76ba9a-b62d-81ef-baf9-d0fc65114acc,Dashwood Sauvignon Blanc 2025,dailyshot,https://dailyshot.co/m/item/20593?item=231613,True,26000,KRW,26000
2026-10-03 16:31,3936ba9a-b62d-81ef-af94-f3c066281370,Laphroaig 1991 DeDr Whiskyland Chapter 23 700ml (48.3°),rudder,https://theultimatespirits.jp/products/laphroaig-ラフロイグ-1991-34年-whiskyland-chapter-23,True,186120.0,JPY,1604131
2026-10-03 16:31,3e76ba9a-b62d-81ef-baf9-d0fc65114acc,Dashwood Sauvignon Blanc 2025,dailyshot,https://dailyshot.co/m/item/20593?item=231613,True,26000,KRW,26000
2026-10-03 16:41,3936ba9a-b62d-81ef-af94-f3c066281370,Laphroaig 1991 DeDr Whiskyland Chapter 23 700ml (48.3°),rudder,https://theultimatespirits.jp/products/laphroaig-ラフロイグ-1991-34年-whiskyland-chapter-23,True,186120.0,JPY,1604131
2026-10-03 16:41,3e76ba9a-b62d-81ef-baf9-d0fc65114acc,Dashwood Sauvignon Blanc 2025,dailyshot,https://dailyshot.co/m/item/20593?item=231613,True,26000,KRW,26000
2026-10-03 16:51,3936ba9a-b62d-81ef-af94-f3c066281370,Laphroaig 1991 DeDr Whiskyland Chapter 23 700ml (48.3°),rudder,https://theultimatespirits.jp/products/laphroaig-ラフロイグ-1991-34年-whiskyland-chapter-23,True,186120.0,JPY,1604131
2026-10-03 16:51,3e76ba9a-b62d-81ef-baf9-d0fc65114acc,Dashwood Sauvignon Blanc 2025,dailyshot,https://dailyshot.co/m/item/20593?item=231613,True,26000,KRW,26000
2026-10-03 17:01,3936ba9a-b62d-81ef-af94-f3c066281370,Laphroaig 1991 DeDr Whiskyland Chapter 23 700ml (48.3°),rudder,https://theultimatespirits.jp/products/laphroaig-ラフロイグ-1991-34年-whiskyland-chapter-23,True,186120.0,JPY,1604131
2026-10-03 17:01,3e76ba9a-b62d-81ef-baf9-d0fc65114acc,Dashwood Sauvignon Blanc 2025,dailyshot,https://dailyshot.co/m/item/20593?item=231613,True,26000,KRW,26000
2026-10-03 17:11,3936ba9a-b62d-81ef-af94-f3c066281370,Laphroaig 1991 DeDr Whiskyland Chapter 23 700ml (48.3°),rudder,https://theultimatespirits.jp/products/laphroaig-ラフロイグ-1991-34年-whiskyland-chapter-23,True,186120.0,JPY,1604131
2026-10-03 17:11,3e76ba9a-b62d-81ef-baf9-d0fc65114acc,Dashwood Sauvignon Blanc 2025,dailyshot,https://dailyshot.co/m/item/20593?item=231613,True,26000,KRW,26000
2026-10-03 17:21,3936ba9a-b62d-81ef-af94-f3c066281370,Laphroaig 1991 DeDr Whiskyland Chapter 23 700ml (48.3°),rudder,https://theultimatespirits.jp/products/laphroaig-ラフロイグ-1991-34年-whiskyland-chapter-23,True,186120.0,JPY,1604131
2026-10-03 17:21,3e76ba9a-b62d-81ef-baf9-d0fc65114acc,Dashwood Sauvignon Blanc 2025,dailyshot,https://dailyshot.co/m/item/20593?item=231613,True,26000,KRW,26000
2026-10-03 17:31,3936ba9a-b62d-81ef-af94-f3c066281370,Laphroaig 1991 DeDr Whiskyland Chapter 23 700ml (48.3°),rudder,https://theultimatespirits.jp/products/laphroaig-ラフロイグ-1991-34年-whiskyland-chapter-23,True,186120.0,JPY,1604131
2026-10-03 17:31,3e76ba9a-b62d-81ef-baf9-d0fc65114acc,Dashwood Sauvignon Blanc 2025,dailyshot,https://dailyshot.co/m/item/20593?item=231613,True,26000,KRW,26000
2026-10-03 17:41,3936ba9a-b62d-81ef-af94-f3c066281370,Laphroaig 1991 DeDr Whiskyland Chapter 23 700ml (48.3°),rudder,https://theultimatespirits.jp/products/laphroaig-ラフロイグ-1991-34年-whiskyland-chapter-23,True,186120.0,JPY,1604131
2026-10-03 17:41,3e76ba9a-b62d-81ef-baf9-d0fc65114acc,Dashwood Sauvignon Blanc 2025,dailyshot,https://dailyshot.co/m/item/20593?item=231613,True,26000,KRW,26000
2026-10-03 17:51,3936ba9a-b62d-81ef-af94-f3c066281370,Laphroaig 1991 DeDr Whiskyland Chapter 23 700ml (48.3°),rudder,https://theultimatespirits.jp/products/laphroaig-ラフロイグ-1991-34年-whiskyland-chapter-23,True,186120.0,JPY,1604131
2026-10-03 17:51,3e76ba9a-b62d-81ef-baf9-d0fc65114acc,Dashwood Sauvignon Blanc 2025,dailyshot,https://dailyshot.co/m/item/20593?item=231613,True,26000,KRW,26000
2026-10-03 18:01,3936ba9a-b62d-81ef-af94-f3c066281370,Laphroaig 1991 DeDr Whiskyland Chapter 23 700ml (48.3°),rudder,https://theultimatespirits.jp/products/laphroaig-ラフロイグ-1991-34年-whiskyland-chapter-23,True,186120.0,JPY,1604131
2026-10-03 18:01,3e76ba9a-b62d-81ef-baf9-d0fc65114acc,Dashwood Sauvignon Blanc 2025,dailyshot,https://dailyshot.co/m/item/20593?item=231613,True,26000,KRW,26000
2026-10-03 18:11,3936ba9a-b62d-81ef-af94-f3c066281370,Laphroaig 1991 DeDr Whiskyland Chapter 23 700ml (48.3°),rudder,https://theultimatespirits.jp/products/laphroaig-ラフロイグ-1991-34年-whiskyland-chapter-23,True,186120.0,JPY,1604131
2026-10-03 18:11,3e76ba9a-b62d-81ef-baf9-d0fc65114acc,Dashwood Sauvignon Blanc 2025,dailyshot,https://dailyshot.co/m/item/20593?item=231613,True,26000,KRW,26000
2026-10-03 18:21,3936ba9a-b62d-81ef-af94-f3c066281370,Laphroaig 1991 DeDr Whiskyland Chapter 23 700ml (48.3°),rudder,https://theultimatespirits.jp/products/laphroaig-ラフロイグ-1991-34年-whiskyland-chapter-23,True,186120.0,JPY,1604131
2026-10-03 18:21,3e76ba9a-b62d-81ef-baf9-d0fc65114acc,Dashwood Sauvignon Blanc 2025,dailyshot,https://dailyshot.co/m/item/20593?item=231613,True,26000,KRW,26000
2026-10-03 18:31,3936ba9a-b62d-81ef-af94-f3c066281370,Laphroaig 1991 DeDr Whiskyland Chapter 23 700ml (48.3°),rudder,https://theultimatespirits.jp/products/laphroaig-ラフロイグ-1991-34年-whiskyland-chapter-23,True,186120.0,JPY,1604131
2026-10-03 18:31,3e76ba9a-b62d-81ef-baf9-d0fc65114acc,Dashwood Sauvignon Blanc 2025,dailyshot,https://dailyshot.co/m/item/20593?item=231613,True,26000,KRW,26000
2026-10-03 18:58,3936ba9a-b62d-81ef-af94-f3c066281370,Laphroaig 1991 DeDr Whiskyland Chapter 23 700ml (48.3°),rudder,https://theultimatespirits.jp/products/laphroaig-ラフロイグ-1991-34年-whiskyland-chapter-23,True,186120.0,JPY,1604131
2026-10-03 18:58,3e76ba9a-b62d-81ef-baf9-d0fc65114acc,Dashwood Sauvignon Blanc 2025,dailyshot,https://dailyshot.co/m/item/20593?item=231613,True,26000,KRW,26000
2026-10-03 19:01,3936ba9a-b62d-81ef-af94-f3c066281370,Laphroaig 1991 DeDr Whiskyland Chapter 23 700ml (48.3°),rudder,https://theultimatespirits.jp/products/laphroaig-ラフロイグ-1991-34年-whiskyland-chapter-23,True,186120.0,JPY,1604131
2026-10-03 19:01,3e76ba9a-b62d-81ef-baf9-d0fc65114acc,Dashwood Sauvignon Blanc 2025,dailyshot,https://dailyshot.co/m/item/20593?item=231613,True,26000,KRW,26000
2026-10-03 19:31,3936ba9a-b62d-81ef-af94-f3c066281370,Laphroaig 1991 DeDr Whiskyland Chapter 23 700ml (48.3°),rudder,https://theultimatespirits.jp/products/laphroaig-ラフロイグ-1991-34年-whiskyland-chapter-23,True,186120.0,JPY,1604131
2026-10-03 19:31,3e76ba9a-b62d-81ef-baf9-d0fc65114acc,Dashwood Sauvignon Blanc 2025,dailyshot,https://dailyshot.co/m/item/20593?item=231613,True,26000,KRW,26000
2026-10-03 20:01,3936ba9a-b62d-81ef-af94-f3c066281370,Laphroaig 1991 DeDr Whiskyland Chapter 23 700ml (48.3°),rudder,https://theultimatespirits.jp/products/laphroaig-ラフロイグ-1991-34年-whiskyland-chapter-23,True,186120.0,JPY,1604131
2026-10-03 20:01,3e76ba9a-b62d-81ef-baf9-d0fc65114acc,Dashwood Sauvignon Blanc 2025,dailyshot,https://dailyshot.co/m/item/20593?item=231613,True,26000,KRW,26000
2026-10-03 20:31,3936ba9a-b62d-81ef-af94-f3c066281370,Laphroaig 1991 DeDr Whiskyland Chapter 23 700ml (48.3°),rudder,https://theultimatespirits.jp/products/laphroaig-ラフロイグ-1991-34年-whiskyland-chapter-23,True,186120.0,JPY,1604131
2026-10-03 20:31,3e76ba9a-b62d-81ef-baf9-d0fc65114acc,Dashwood Sauvignon Blanc 2025,dailyshot,https://dailyshot.co/m/item/20593?item=231613,True,26000,KRW,26000
2026-10-03 20:58,3936ba9a-b62d-81ef-af94-f3c066281370,Laphroaig 1991 DeDr Whiskyland Chapter 23 700ml (48.3°),rudder,https://theultimatespirits.jp/products/laphroaig-ラフロイグ-1991-34年-whiskyland-chapter-23,True,186120.0,JPY,1604131
2026-10-03 20:58,3e76ba9a-b62d-81ef-baf9-d0fc65114acc,Dashwood Sauvignon Blanc 2025,dailyshot,https://dailyshot.co/m/item/20593?item=231613,True,26000,KRW,26000
2026-10-03 21:01,3936ba9a-b62d-81ef-af94-f3c066281370,Laphroaig 1991 DeDr Whiskyland Chapter 23 700ml (48.3°),rudder,https://theultimatespirits.jp/products/laphroaig-ラフロイグ-1991-34年-whiskyland-chapter-23,True,186120.0,JPY,1604131
2026-10-03 21:01,3e76ba9a-b62d-81ef-baf9-d0fc65114acc,Dashwood Sauvignon Blanc 2025,dailyshot,https://dailyshot.co/m/item/20593?item=231613,True,26000,KRW,26000
2026-10-03 21:31,3936ba9a-b62d-81ef-af94-f3c066281370,Laphroaig 1991 DeDr Whiskyland Chapter 23 700ml (48.3°),rudder,https://theultimatespirits.jp/products/laphroaig-ラフロイグ-1991-34年-whiskyland-chapter-23,True,186120.0,JPY,1604131
2026-10-03 21:31,3e76ba9a-b62d-81ef-baf9-d0fc65114acc,Dashwood Sauvignon Blanc 2025,dailyshot,https://dailyshot.co/m/item/20593?item=231613,True,26000,KRW,26000
2026-10-03 22:01,3936ba9a-b62d-81ef-af94-f3c066281370,Laphroaig 1991 DeDr Whiskyland Chapter 23 700ml (48.3°),rudder,https://theultimatespirits.jp/products/laphroaig-ラフロイグ-1991-34年-whiskyland-chapter-23,True,186120.0,JPY,1604131
2026-10-03 22:01,3e76ba9a-b62d-81ef-baf9-d0fc65114acc,Dashwood Sauvignon Blanc 2025,dailyshot,https://dailyshot.co/m/item/20593?item=231613,True,26000,KRW,26000
2026-10-03 22:31,3936ba9a-b62d-81ef-af94-f3c066281370,Laphroaig 1991 DeDr Whiskyland Chapter 23 700ml (48.3°),rudder,https://theultimatespirits.jp/products/laphroaig-ラフロイグ-1991-34年-whiskyland-chapter-23,True,186120.0,JPY,1604131
2026-10-03 22:31,3e76ba9a-b62d-81ef-baf9-d0fc65114acc,Dashwood Sauvignon Blanc 2025,dailyshot,https://dailyshot.co/m/item/20593?item=231613,True,26000,KRW,26000
2026-10-03 23:01,3936ba9a-b62d-81ef-af94-f3c066281370,Laphroaig 1991 DeDr Whiskyland Chapter 23 700ml (48.3°),rudder,https://theultimatespirits.jp/products/laphroaig-ラフロイグ-1991-34年-whiskyland-chapter-23,True,186120.0,JPY,1604131
2026-10-03 23:01,3e76ba9a-b62d-81ef-baf9-d0fc65114acc,Dashwood Sauvignon Blanc 2025,dailyshot,https://dailyshot.co/m/item/20593?item=231613,True,26000,KRW,26000
2026-10-03 23:31,3936ba9a-b62d-81ef-af94-f3c066281370,Laphroaig 1991 DeDr Whiskyland Chapter 23 700ml (48.3°),rudder,https://theultimatespirits.jp/products/laphroaig-ラフロイグ-1991-34年-whiskyland-chapter-23,True,186120.0,JPY,1604131
2026-10-03 23:31,3e76ba9a-b62d-81ef-baf9-d0fc65114acc,Dashwood Sauvignon Blanc 2025,dailyshot,https://dailyshot.co/m/item/20593?item=231613,True,26000,KRW,26000
2026-10-04 00:11,3936ba9a-b62d-81ef-af94-f3c066281370,Laphroaig 1991 DeDr Whiskyland Chapter 23 700ml (48.3°),rudder,https://theultimatespirits.jp/products/laphroaig-ラフロイグ-1991-34年-whiskyland-chapter-23,True,186120.0,JPY,1591252
2026-10-04 00:11,3e76ba9a-b62d-81ef-baf9-d0fc65114acc,Dashwood Sauvignon Blanc 2025,dailyshot,https://dailyshot.co/m/item/20593?item=231613,True,26000,KRW,26000
2026-10-04 01:39,3936ba9a-b62d-81ef-af94-f3c066281370,Laphroaig 1991 DeDr Whiskyland Chapter 23 700ml (48.3°),rudder,https://theultimatespirits.jp/products/laphroaig-ラフロイグ-1991-34年-whiskyland-chapter-23,True,186120.0,JPY,1591252
2026-10-04 01:39,3e76ba9a-b62d-81ef-baf9-d0fc65114acc,Dashwood Sauvignon Blanc 2025,dailyshot,https://dailyshot.co/m/item/20593?item=231613,True,26000,KRW,26000
2026-10-04 02:11,3936ba9a-b62d-81ef-af94-f3c066281370,Laphroaig 1991 DeDr Whiskyland Chapter 23 700ml (48.3°),rudder,https://theultimatespirits.jp/products/laphroaig-ラフロイグ-1991-34年-whiskyland-chapter-23,True,186120.0,JPY,1591252
2026-10-04 02:11,3e76ba9a-b62d-81ef-baf9-d0fc65114acc,Dashwood Sauvignon Blanc 2025,dailyshot,https://dailyshot.co/m/item/20593?item=231613,True,26000,KRW,26000
2026-10-04 04:11,3936ba9a-b62d-81ef-af94-f3c066281370,Laphroaig 1991 DeDr Whiskyland Chapter 23 700ml (48.3°),rudder,https://theultimatespirits.jp/products/laphroaig-ラフロイグ-1991-34年-whiskyland-chapter-23,True,186120.0,JPY,1591252
2026-10-04 04:11,3e76ba9a-b62d-81ef-baf9-d0fc65114acc,Dashwood Sauvignon Blanc 2025,dailyshot,https://dailyshot.co/m/item/20593?item=231613,True,26000,KRW,26000
2026-10-04 06:11,3936ba9a-b62d-81ef-af94-f3c066281370,Laphroaig 1991 DeDr Whiskyland Chapter 23 700ml (48.3°),rudder,https://theultimatespirits.jp/products/laphroaig-ラフロイグ-1991-34年-whiskyland-chapter-23,True,186120.0,JPY,1591252
2026-10-04 06:11,3e76ba9a-b62d-81ef-baf9-d0fc65114acc,Dashwood Sauvignon Blanc 2025,dailyshot,https://dailyshot.co/m/item/20593?item=231613,True,26000,KRW,26000
2026-10-04 06:42,3936ba9a-b62d-81ef-af94-f3c066281370,Laphroaig 1991 DeDr Whiskyland Chapter 23 700ml (48.3°),rudder,https://theultimatespirits.jp/products/laphroaig-ラフロイグ-1991-34年-whiskyland-chapter-23,True,186120.0,JPY,1591252
2026-10-04 06:42,3e76ba9a-b62d-81ef-baf9-d0fc65114acc,Dashwood Sauvignon Blanc 2025,dailyshot,https://dailyshot.co/m/item/20593?item=231613,True,26000,KRW,26000
2026-10-04 07:56,3936ba9a-b62d-81ef-af94-f3c066281370,Laphroaig 1991 DeDr Whiskyland Chapter 23 700ml (48.3°),rudder,https://theultimatespirits.jp/products/laphroaig-ラフロイグ-1991-34年-whiskyland-chapter-23,True,186120.0,JPY,1591252
2026-10-04 07:56,3e76ba9a-b62d-81ef-baf9-d0fc65114acc,Dashwood Sauvignon Blanc 2025,dailyshot,https://dailyshot.co/m/item/20593?item=231613,True,26000,KRW,26000
2026-10-04 08:01,3936ba9a-b62d-81ef-af94-f3c066281370,Laphroaig 1991 DeDr Whiskyland Chapter 23 700ml (48.3°),rudder,https://theultimatespirits.jp/products/laphroaig-ラフロイグ-1991-34年-whiskyland-chapter-23,True,186120.0,JPY,1591252
2026-10-04 08:01,3e76ba9a-b62d-81ef-baf9-d0fc65114acc,Dashwood Sauvignon Blanc 2025,dailyshot,https://dailyshot.co/m/item/20593?item=231613,True,26000,KRW,26000
2026-10-04 08:31,3936ba9a-b62d-81ef-af94-f3c066281370,Laphroaig 1991 DeDr Whiskyland Chapter 23 700ml (48.3°),rudder,https://theultimatespirits.jp/products/laphroaig-ラフロイグ-1991-34年-whiskyland-chapter-23,True,186120.0,JPY,1591252
2026-10-04 08:31,3e76ba9a-b62d-81ef-baf9-d0fc65114acc,Dashwood Sauvignon Blanc 2025,dailyshot,https://dailyshot.co/m/item/20593?item=231613,True,26000,KRW,26000
2026-10-04 09:01,3936ba9a-b62d-81ef-af94-f3c066281370,Laphroaig 1991 DeDr Whiskyland Chapter 23 700ml (48.3°),rudder,https://theultimatespirits.jp/products/laphroaig-ラフロイグ-1991-34年-whiskyland-chapter-23,True,186120.0,JPY,1591252
2026-10-04 09:01,3e76ba9a-b62d-81ef-baf9-d0fc65114acc,Dashwood Sauvignon Blanc 2025,dailyshot,https://dailyshot.co/m/item/20593?item=231613,True,26000,KRW,26000
2026-10-04 09:31,3936ba9a-b62d-81ef-af94-f3c066281370,Laphroaig 1991 DeDr Whiskyland Chapter 23 700ml (48.3°),rudder,https://theultimatespirits.jp/products/laphroaig-ラフロイグ-1991-34年-whiskyland-chapter-23,True,186120.0,JPY,1591252
2026-10-04 09:31,3e76ba9a-b62d-81ef-baf9-d0fc65114acc,Dashwood Sauvignon Blanc 2025,dailyshot,https://dailyshot.co/m/item/20593?item=231613,True,26000,KRW,26000
2026-10-04 10:01,3936ba9a-b62d-81ef-af94-f3c066281370,Laphroaig 1991 DeDr Whiskyland Chapter 23 700ml (48.3°),rudder,https://theultimatespirits.jp/products/laphroaig-ラフロイグ-1991-34年-whiskyland-chapter-23,True,186120.0,JPY,1591252
2026-10-04 10:01,3e76ba9a-b62d-81ef-baf9-d0fc65114acc,Dashwood Sauvignon Blanc 2025,dailyshot,https://dailyshot.co/m/item/20593?item=231613,True,26000,KRW,26000
2026-10-04 10:31,3936ba9a-b62d-81ef-af94-f3c066281370,Laphroaig 1991 DeDr Whiskyland Chapter 23 700ml (48.3°),rudder,https://theultimatespirits.jp/products/laphroaig-ラフロイグ-1991-34年-whiskyland-chapter-23,True,186120.0,JPY,1591252
2026-10-04 10:31,3e76ba9a-b62d-81ef-baf9-d0fc65114acc,Dashwood Sauvignon Blanc 2025,dailyshot,https://dailyshot.co/m/item/20593?item=231613,True,26000,KRW,26000
2026-10-04 11:01,3936ba9a-b62d-81ef-af94-f3c066281370,Laphroaig 1991 DeDr Whiskyland Chapter 23 700ml (48.3°),rudder,https://theultimatespirits.jp/products/laphroaig-ラフロイグ-1991-34年-whiskyland-chapter-23,True,186120.0,JPY,1591252
2026-10-04 11:01,3e76ba9a-b62d-81ef-baf9-d0fc65114acc,Dashwood Sauvignon Blanc 2025,dailyshot,https://dailyshot.co/m/item/20593?item=231613,True,26000,KRW,26000
2026-10-04 11:31,3936ba9a-b62d-81ef-af94-f3c066281370,Laphroaig 1991 DeDr Whiskyland Chapter 23 700ml (48.3°),rudder,https://theultimatespirits.jp/products/laphroaig-ラフロイグ-1991-34年-whiskyland-chapter-23,True,186120.0,JPY,1591252
2026-10-04 11:31,3e76ba9a-b62d-81ef-baf9-d0fc65114acc,Dashwood Sauvignon Blanc 2025,dailyshot,https://dailyshot.co/m/item/20593?item=231613,True,26000,KRW,26000
2026-10-04 12:01,3936ba9a-b62d-81ef-af94-f3c066281370,Laphroaig 1991 DeDr Whiskyland Chapter 23 700ml (48.3°),rudder,https://theultimatespirits.jp/products/laphroaig-ラフロイグ-1991-34年-whiskyland-chapter-23,True,186120.0,JPY,1591252
2026-10-04 12:01,3e76ba9a-b62d-81ef-baf9-d0fc65114acc,Dashwood Sauvignon Blanc 2025,dailyshot,https://dailyshot.co/m/item/20593?item=231613,True,26000,KRW,26000
2026-10-04 12:31,3936ba9a-b62d-81ef-af94-f3c066281370,Laphroaig 1991 DeDr Whiskyland Chapter 23 700ml (48.3°),rudder,https://theultimatespirits.jp/products/laphroaig-ラフロイグ-1991-34年-whiskyland-chapter-23,True,186120.0,JPY,1591252
2026-10-04 12:31,3e76ba9a-b62d-81ef-baf9-d0fc65114acc,Dashwood Sauvignon Blanc 2025,dailyshot,https://dailyshot.co/m/item/20593?item=231613,True,26000,KRW,26000
2026-10-04 13:01,3936ba9a-b62d-81ef-af94-f3c066281370,Laphroaig 1991 DeDr Whiskyland Chapter 23 700ml (48.3°),rudder,https://theultimatespirits.jp/products/laphroaig-ラフロイグ-1991-34年-whiskyland-chapter-23,True,186120.0,JPY,1591252
2026-10-04 13:01,3e76ba9a-b62d-81ef-baf9-d0fc65114acc,Dashwood Sauvignon Blanc 2025,dailyshot,https://dailyshot.co/m/item/20593?item=231613,True,26000,KRW,26000
2026-10-04 13:31,3936ba9a-b62d-81ef-af94-f3c066281370,Laphroaig 1991 DeDr Whiskyland Chapter 23 700ml (48.3°),rudder,https://theultimatespirits.jp/products/laphroaig-ラフロイグ-1991-34年-whiskyland-chapter-23,True,186120.0,JPY,1591252
2026-10-04 13:31,3e76ba9a-b62d-81ef-baf9-d0fc65114acc,Dashwood Sauvignon Blanc 2025,dailyshot,https://dailyshot.co/m/item/20593?item=231613,True,26000,KRW,26000
2026-10-04 14:01,3936ba9a-b62d-81ef-af94-f3c066281370,Laphroaig 1991 DeDr Whiskyland Chapter 23 700ml (48.3°),rudder,https://theultimatespirits.jp/products/laphroaig-ラフロイグ-1991-34年-whiskyland-chapter-23,True,186120.0,JPY,1591252
2026-10-04 14:01,3e76ba9a-b62d-81ef-baf9-d0fc65114acc,Dashwood Sauvignon Blanc 2025,dailyshot,https://dailyshot.co/m/item/20593?item=231613,True,26000,KRW,26000
2026-10-04 14:31,3936ba9a-b62d-81ef-af94-f3c066281370,Laphroaig 1991 DeDr Whiskyland Chapter 23 700ml (48.3°),rudder,https://theultimatespirits.jp/products/laphroaig-ラフロイグ-1991-34年-whiskyland-chapter-23,True,186120.0,JPY,1591252
2026-10-04 14:31,3e76ba9a-b62d-81ef-baf9-d0fc65114acc,Dashwood Sauvignon Blanc 2025,dailyshot,https://dailyshot.co/m/item/20593?item=231613,True,26000,KRW,26000
2026-10-04 15:01,3936ba9a-b62d-81ef-af94-f3c066281370,Laphroaig 1991 DeDr Whiskyland Chapter 23 700ml (48.3°),rudder,https://theultimatespirits.jp/products/laphroaig-ラフロイグ-1991-34年-whiskyland-chapter-23,True,186120.0,JPY,1591252
2026-10-04 15:01,3e76ba9a-b62d-81ef-baf9-d0fc65114acc,Dashwood Sauvignon Blanc 2025,dailyshot,https://dailyshot.co/m/item/20593?item=231613,True,26000,KRW,26000
2026-10-04 15:16,3936ba9a-b62d-81ef-af94-f3c066281370,Laphroaig 1991 DeDr Whiskyland Chapter 23 700ml (48.3°),rudder,https://theultimatespirits.jp/products/laphroaig-ラフロイグ-1991-34年-whiskyland-chapter-23,True,186120.0,JPY,1591252
2026-10-04 15:16,3e76ba9a-b62d-81ef-baf9-d0fc65114acc,Dashwood Sauvignon Blanc 2025,dailyshot,https://dailyshot.co/m/item/20593?item=231613,True,26000,KRW,26000
2026-10-04 15:31,3936ba9a-b62d-81ef-af94-f3c066281370,Laphroaig 1991 DeDr Whiskyland Chapter 23 700ml (48.3°),rudder,https://theultimatespirits.jp/products/laphroaig-ラフロイグ-1991-34年-whiskyland-chapter-23,True,186120.0,JPY,1591252
2026-10-04 15:31,3e76ba9a-b62d-81ef-baf9-d0fc65114acc,Dashwood Sauvignon Blanc 2025,dailyshot,https://dailyshot.co/m/item/20593?item=231613,True,26000,KRW,26000
2026-10-04 16:01,3936ba9a-b62d-81ef-af94-f3c066281370,Laphroaig 1991 DeDr Whiskyland Chapter 23 700ml (48.3°),rudder,https://theultimatespirits.jp/products/laphroaig-ラフロイグ-1991-34年-whiskyland-chapter-23,True,186120.0,JPY,1591252
2026-10-04 16:01,3e76ba9a-b62d-81ef-baf9-d0fc65114acc,Dashwood Sauvignon Blanc 2025,dailyshot,https://dailyshot.co/m/item/20593?item=231613,True,26000,KRW,26000
2026-10-04 16:31,3936ba9a-b62d-81ef-af94-f3c066281370,Laphroaig 1991 DeDr Whiskyland Chapter 23 700ml (48.3°),rudder,https://theultimatespirits.jp/products/laphroaig-ラフロイグ-1991-34年-whiskyland-chapter-23,True,186120.0,JPY,1591252
2026-10-04 16:31,3e76ba9a-b62d-81ef-baf9-d0fc65114acc,Dashwood Sauvignon Blanc 2025,dailyshot,https://dailyshot.co/m/item/20593?item=231613,True,26000,KRW,26000
2026-10-04 16:41,3936ba9a-b62d-81ef-af94-f3c066281370,Laphroaig 1991 DeDr Whiskyland Chapter 23 700ml (48.3°),rudder,https://theultimatespirits.jp/products/laphroaig-ラフロイグ-1991-34年-whiskyland-chapter-23,True,186120.0,JPY,1591252
2026-10-04 16:41,3e76ba9a-b62d-81ef-baf9-d0fc65114acc,Dashwood Sauvignon Blanc 2025,dailyshot,https://dailyshot.co/m/item/20593?item=231613,True,26000,KRW,26000
2026-10-04 16:51,3936ba9a-b62d-81ef-af94-f3c066281370,Laphroaig 1991 DeDr Whiskyland Chapter 23 700ml (48.3°),rudder,https://theultimatespirits.jp/products/laphroaig-ラフロイグ-1991-34年-whiskyland-chapter-23,True,186120.0,JPY,1591252
2026-10-04 16:51,3e76ba9a-b62d-81ef-baf9-d0fc65114acc,Dashwood Sauvignon Blanc 2025,dailyshot,https://dailyshot.co/m/item/20593?item=231613,True,26000,KRW,26000
2026-10-04 17:01,3936ba9a-b62d-81ef-af94-f3c066281370,Laphroaig 1991 DeDr Whiskyland Chapter 23 700ml (48.3°),rudder,https://theultimatespirits.jp/products/laphroaig-ラフロイグ-1991-34年-whiskyland-chapter-23,True,186120.0,JPY,1591252
2026-10-04 17:01,3e76ba9a-b62d-81ef-baf9-d0fc65114acc,Dashwood Sauvignon Blanc 2025,dailyshot,https://dailyshot.co/m/item/20593?item=231613,True,26000,KRW,26000
2026-10-04 17:11,3936ba9a-b62d-81ef-af94-f3c066281370,Laphroaig 1991 DeDr Whiskyland Chapter 23 700ml (48.3°),rudder,https://theultimatespirits.jp/products/laphroaig-ラフロイグ-1991-34年-whiskyland-chapter-23,True,186120.0,JPY,1591252
2026-10-04 17:11,3e76ba9a-b62d-81ef-baf9-d0fc65114acc,Dashwood Sauvignon Blanc 2025,dailyshot,https://dailyshot.co/m/item/20593?item=231613,True,26000,KRW,26000
2026-10-04 17:21,3936ba9a-b62d-81ef-af94-f3c066281370,Laphroaig 1991 DeDr Whiskyland Chapter 23 700ml (48.3°),rudder,https://theultimatespirits.jp/products/laphroaig-ラフロイグ-1991-34年-whiskyland-chapter-23,True,186120.0,JPY,1591252
2026-10-04 17:21,3e76ba9a-b62d-81ef-baf9-d0fc65114acc,Dashwood Sauvignon Blanc 2025,dailyshot,https://dailyshot.co/m/item/20593?item=231613,True,26000,KRW,26000
2026-10-04 17:31,3936ba9a-b62d-81ef-af94-f3c066281370,Laphroaig 1991 DeDr Whiskyland Chapter 23 700ml (48.3°),rudder,https://theultimatespirits.jp/products/laphroaig-ラフロイグ-1991-34年-whiskyland-chapter-23,True,186120.0,JPY,1591252
2026-10-04 17:31,3e76ba9a-b62d-81ef-baf9-d0fc65114acc,Dashwood Sauvignon Blanc 2025,dailyshot,https://dailyshot.co/m/item/20593?item=231613,True,26000,KRW,26000
2026-10-04 17:41,3936ba9a-b62d-81ef-af94-f3c066281370,Laphroaig 1991 DeDr Whiskyland Chapter 23 700ml (48.3°),rudder,https://theultimatespirits.jp/products/laphroaig-ラフロイグ-1991-34年-whiskyland-chapter-23,True,186120.0,JPY,1591252
2026-10-04 17:41,3e76ba9a-b62d-81ef-baf9-d0fc65114acc,Dashwood Sauvignon Blanc 2025,dailyshot,https://dailyshot.co/m/item/20593?item=231613,True,26000,KRW,26000
2026-10-04 17:51,3936ba9a-b62d-81ef-af94-f3c066281370,Laphroaig 1991 DeDr Whiskyland Chapter 23 700ml (48.3°),rudder,https://theultimatespirits.jp/products/laphroaig-ラフロイグ-1991-34年-whiskyland-chapter-23,True,186120.0,JPY,1591252
2026-10-04 17:51,3e76ba9a-b62d-81ef-baf9-d0fc65114acc,Dashwood Sauvignon Blanc 2025,dailyshot,https://dailyshot.co/m/item/20593?item=231613,True,26000,KRW,26000
2026-10-04 18:01,3936ba9a-b62d-81ef-af94-f3c066281370,Laphroaig 1991 DeDr Whiskyland Chapter 23 700ml (48.3°),rudder,https://theultimatespirits.jp/products/laphroaig-ラフロイグ-1991-34年-whiskyland-chapter-23,True,186120.0,JPY,1591252
2026-10-04 18:01,3e76ba9a-b62d-81ef-baf9-d0fc65114acc,Dashwood Sauvignon Blanc 2025,dailyshot,https://dailyshot.co/m/item/20593?item=231613,True,26000,KRW,26000
2026-10-04 18:11,3936ba9a-b62d-81ef-af94-f3c066281370,Laphroaig 1991 DeDr Whiskyland Chapter 23 700ml (48.3°),rudder,https://theultimatespirits.jp/products/laphroaig-ラフロイグ-1991-34年-whiskyland-chapter-23,True,186120.0,JPY,1591252
2026-10-04 18:11,3e76ba9a-b62d-81ef-baf9-d0fc65114acc,Dashwood Sauvignon Blanc 2025,dailyshot,https://dailyshot.co/m/item/20593?item=231613,True,26000,KRW,26000
2026-10-04 18:21,3936ba9a-b62d-81ef-af94-f3c066281370,Laphroaig 1991 DeDr Whiskyland Chapter 23 700ml (48.3°),rudder,https://theultimatespirits.jp/products/laphroaig-ラフロイグ-1991-34年-whiskyland-chapter-23,True,186120.0,JPY,1591252
2026-10-04 18:21,3e76ba9a-b62d-81ef-baf9-d0fc65114acc,Dashwood Sauvignon Blanc 2025,dailyshot,https://dailyshot.co/m/item/20593?item=231613,True,26000,KRW,26000
2026-10-04 18:31,3936ba9a-b62d-81ef-af94-f3c066281370,Laphroaig 1991 DeDr Whiskyland Chapter 23 700ml (48.3°),rudder,https://theultimatespirits.jp/products/laphroaig-ラフロイグ-1991-34年-whiskyland-chapter-23,True,186120.0,JPY,1591252
2026-10-04 18:31,3e76ba9a-b62d-81ef-baf9-d0fc65114acc,Dashwood Sauvignon Blanc 2025,dailyshot,https://dailyshot.co/m/item/20593?item=231613,True,26000,KRW,26000
2026-10-04 18:58,3936ba9a-b62d-81ef-af94-f3c066281370,Laphroaig 1991 DeDr Whiskyland Chapter 23 700ml (48.3°),rudder,https://theultimatespirits.jp/products/laphroaig-ラフロイグ-1991-34年-whiskyland-chapter-23,True,186120.0,JPY,1591252
2026-10-04 18:58,3e76ba9a-b62d-81ef-baf9-d0fc65114acc,Dashwood Sauvignon Blanc 2025,dailyshot,https://dailyshot.co/m/item/20593?item=231613,True,26000,KRW,26000
2026-10-04 19:02,3936ba9a-b62d-81ef-af94-f3c066281370,Laphroaig 1991 DeDr Whiskyland Chapter 23 700ml (48.3°),rudder,https://theultimatespirits.jp/products/laphroaig-ラフロイグ-1991-34年-whiskyland-chapter-23,True,186120.0,JPY,1591252
2026-10-04 19:02,3e76ba9a-b62d-81ef-baf9-d0fc65114acc,Dashwood Sauvignon Blanc 2025,dailyshot,https://dailyshot.co/m/item/20593?item=231613,True,26000,KRW,26000
2026-10-04 19:31,3936ba9a-b62d-81ef-af94-f3c066281370,Laphroaig 1991 DeDr Whiskyland Chapter 23 700ml (48.3°),rudder,https://theultimatespirits.jp/products/laphroaig-ラフロイグ-1991-34年-whiskyland-chapter-23,True,186120.0,JPY,1591252
2026-10-04 19:31,3e76ba9a-b62d-81ef-baf9-d0fc65114acc,Dashwood Sauvignon Blanc 2025,dailyshot,https://dailyshot.co/m/item/20593?item=231613,True,26000,KRW,26000
2026-10-04 20:01,3936ba9a-b62d-81ef-af94-f3c066281370,Laphroaig 1991 DeDr Whiskyland Chapter 23 700ml (48.3°),rudder,https://theultimatespirits.jp/products/laphroaig-ラフロイグ-1991-34年-whiskyland-chapter-23,True,186120.0,JPY,1591252
2026-10-04 20:01,3e76ba9a-b62d-81ef-baf9-d0fc65114acc,Dashwood Sauvignon Blanc 2025,dailyshot,https://dailyshot.co/m/item/20593?item=231613,True,26000,KRW,26000
2026-10-04 20:31,3936ba9a-b62d-81ef-af94-f3c066281370,Laphroaig 1991 DeDr Whiskyland Chapter 23 700ml (48.3°),rudder,https://theultimatespirits.jp/products/laphroaig-ラフロイグ-1991-34年-whiskyland-chapter-23,True,186120.0,JPY,1591252
2026-10-04 20:31,3e76ba9a-b62d-81ef-baf9-d0fc65114acc,Dashwood Sauvignon Blanc 2025,dailyshot,https://dailyshot.co/m/item/20593?item=231613,True,26000,KRW,26000
2026-10-04 21:01,3936ba9a-b62d-81ef-af94-f3c066281370,Laphroaig 1991 DeDr Whiskyland Chapter 23 700ml (48.3°),rudder,https://theultimatespirits.jp/products/laphroaig-ラフロイグ-1991-34年-whiskyland-chapter-23,True,186120.0,JPY,1591252
2026-10-04 21:01,3e76ba9a-b62d-81ef-baf9-d0fc65114acc,Dashwood Sauvignon Blanc 2025,dailyshot,https://dailyshot.co/m/item/20593?item=231613,True,26000,KRW,26000
2026-10-04 21:31,3936ba9a-b62d-81ef-af94-f3c066281370,Laphroaig 1991 DeDr Whiskyland Chapter 23 700ml (48.3°),rudder,https://theultimatespirits.jp/products/laphroaig-ラフロイグ-1991-34年-whiskyland-chapter-23,True,186120.0,JPY,1591252
2026-10-04 21:31,3e76ba9a-b62d-81ef-baf9-d0fc65114acc,Dashwood Sauvignon Blanc 2025,dailyshot,https://dailyshot.co/m/item/20593?item=231613,True,26000,KRW,26000
2026-10-04 21:50,3936ba9a-b62d-81ef-af94-f3c066281370,Laphroaig 1991 DeDr Whiskyland Chapter 23 700ml (48.3°),rudder,https://theultimatespirits.jp/products/laphroaig-ラフロイグ-1991-34年-whiskyland-chapter-23,True,186120.0,JPY,1591252
2026-10-04 21:50,3e76ba9a-b62d-81ef-baf9-d0fc65114acc,Dashwood Sauvignon Blanc 2025,dailyshot,https://dailyshot.co/m/item/20593?item=231613,True,26000,KRW,26000
2026-10-04 22:01,3936ba9a-b62d-81ef-af94-f3c066281370,Laphroaig 1991 DeDr Whiskyland Chapter 23 700ml (48.3°),rudder,https://theultimatespirits.jp/products/laphroaig-ラフロイグ-1991-34年-whiskyland-chapter-23,True,186120.0,JPY,1591252
2026-10-04 22:01,3e76ba9a-b62d-81ef-baf9-d0fc65114acc,Dashwood Sauvignon Blanc 2025,dailyshot,https://dailyshot.co/m/item/20593?item=231613,True,26000,KRW,26000
2026-10-04 22:31,3936ba9a-b62d-81ef-af94-f3c066281370,Laphroaig 1991 DeDr Whiskyland Chapter 23 700ml (48.3°),rudder,https://theultimatespirits.jp/products/laphroaig-ラフロイグ-1991-34年-whiskyland-chapter-23,True,186120.0,JPY,1591252
2026-10-04 22:31,3e76ba9a-b62d-81ef-baf9-d0fc65114acc,Dashwood Sauvignon Blanc 2025,dailyshot,https://dailyshot.co/m/item/20593?item=231613,True,26000,KRW,26000
2026-10-04 23:01,3936ba9a-b62d-81ef-af94-f3c066281370,Laphroaig 1991 DeDr Whiskyland Chapter 23 700ml (48.3°),rudder,https://theultimatespirits.jp/products/laphroaig-ラフロイグ-1991-34年-whiskyland-chapter-23,True,186120.0,JPY,1591252
2026-10-04 23:01,3e76ba9a-b62d-81ef-baf9-d0fc65114acc,Dashwood Sauvignon Blanc 2025,dailyshot,https://dailyshot.co/m/item/20593?item=231613,True,26000,KRW,26000
2026-10-04 23:31,3936ba9a-b62d-81ef-af94-f3c066281370,Laphroaig 1991 DeDr Whiskyland Chapter 23 700ml (48.3°),rudder,https://theultimatespirits.jp/products/laphroaig-ラフロイグ-1991-34年-whiskyland-chapter-23,True,186120.0,JPY,1591252
2026-10-04 23:31,3e76ba9a-b62d-81ef-baf9-d0fc65114acc,Dashwood Sauvignon Blanc 2025,dailyshot,https://dailyshot.co/m/item/20593?item=231613,True,26000,KRW,26000
2026-10-05 00:11,3936ba9a-b62d-81ef-af94-f3c066281370,Laphroaig 1991 DeDr Whiskyland Chapter 23 700ml (48.3°),rudder,https://theultimatespirits.jp/products/laphroaig-ラフロイグ-1991-34年-whiskyland-chapter-23,True,186120.0,JPY,1592517
2026-10-05 00:11,3e76ba9a-b62d-81ef-baf9-d0fc65114acc,Dashwood Sauvignon Blanc 2025,dailyshot,https://dailyshot.co/m/item/20593?item=231613,True,26000,KRW,26000
2026-10-05 02:11,3936ba9a-b62d-81ef-af94-f3c066281370,Laphroaig 1991 DeDr Whiskyland Chapter 23 700ml (48.3°),rudder,https://theultimatespirits.jp/products/laphroaig-ラフロイグ-1991-34年-whiskyland-chapter-23,True,186120.0,JPY,1592517
2026-10-05 02:11,3e76ba9a-b62d-81ef-baf9-d0fc65114acc,Dashwood Sauvignon Blanc 2025,dailyshot,https://dailyshot.co/m/item/20593?item=231613,True,26000,KRW,26000
2026-10-05 04:11,3936ba9a-b62d-81ef-af94-f3c066281370,Laphroaig 1991 DeDr Whiskyland Chapter 23 700ml (48.3°),rudder,https://theultimatespirits.jp/products/laphroaig-ラフロイグ-1991-34年-whiskyland-chapter-23,True,186120.0,JPY,1592517
2026-10-05 04:11,3e76ba9a-b62d-81ef-baf9-d0fc65114acc,Dashwood Sauvignon Blanc 2025,dailyshot,https://dailyshot.co/m/item/20593?item=231613,True,26000,KRW,26000
2026-10-05 06:11,3936ba9a-b62d-81ef-af94-f3c066281370,Laphroaig 1991 DeDr Whiskyland Chapter 23 700ml (48.3°),rudder,https://theultimatespirits.jp/products/laphroaig-ラフロイグ-1991-34年-whiskyland-chapter-23,True,186120.0,JPY,1592517
2026-10-05 06:11,3e76ba9a-b62d-81ef-baf9-d0fc65114acc,Dashwood Sauvignon Blanc 2025,dailyshot,https://dailyshot.co/m/item/20593?item=231613,True,26000,KRW,26000
2026-10-05 06:52,3936ba9a-b62d-81ef-af94-f3c066281370,Laphroaig 1991 DeDr Whiskyland Chapter 23 700ml (48.3°),rudder,https://theultimatespirits.jp/products/laphroaig-ラフロイグ-1991-34年-whiskyland-chapter-23,True,186120.0,JPY,1592517
2026-10-05 06:52,3e76ba9a-b62d-81ef-baf9-d0fc65114acc,Dashwood Sauvignon Blanc 2025,dailyshot,https://dailyshot.co/m/item/20593?item=231613,True,26000,KRW,26000
2026-10-05 07:57,3936ba9a-b62d-81ef-af94-f3c066281370,Laphroaig 1991 DeDr Whiskyland Chapter 23 700ml (48.3°),rudder,https://theultimatespirits.jp/products/laphroaig-ラフロイグ-1991-34年-whiskyland-chapter-23,True,186120.0,JPY,1592517
2026-10-05 07:57,3e76ba9a-b62d-81ef-baf9-d0fc65114acc,Dashwood Sauvignon Blanc 2025,dailyshot,https://dailyshot.co/m/item/20593?item=231613,True,26000,KRW,26000
2026-10-05 08:01,3936ba9a-b62d-81ef-af94-f3c066281370,Laphroaig 1991 DeDr Whiskyland Chapter 23 700ml (48.3°),rudder,https://theultimatespirits.jp/products/laphroaig-ラフロイグ-1991-34年-whiskyland-chapter-23,True,186120.0,JPY,1592517
2026-10-05 08:01,3e76ba9a-b62d-81ef-baf9-d0fc65114acc,Dashwood Sauvignon Blanc 2025,dailyshot,https://dailyshot.co/m/item/20593?item=231613,True,26000,KRW,26000
2026-10-05 08:31,3936ba9a-b62d-81ef-af94-f3c066281370,Laphroaig 1991 DeDr Whiskyland Chapter 23 700ml (48.3°),rudder,https://theultimatespirits.jp/products/laphroaig-ラフロイグ-1991-34年-whiskyland-chapter-23,True,186120.0,JPY,1592517
2026-10-05 08:31,3e76ba9a-b62d-81ef-baf9-d0fc65114acc,Dashwood Sauvignon Blanc 2025,dailyshot,https://dailyshot.co/m/item/20593?item=231613,True,26000,KRW,26000
2026-10-05 09:01,3936ba9a-b62d-81ef-af94-f3c066281370,Laphroaig 1991 DeDr Whiskyland Chapter 23 700ml (48.3°),rudder,https://theultimatespirits.jp/products/laphroaig-ラフロイグ-1991-34年-whiskyland-chapter-23,True,186120.0,JPY,1592517
2026-10-05 09:01,3e76ba9a-b62d-81ef-baf9-d0fc65114acc,Dashwood Sauvignon Blanc 2025,dailyshot,https://dailyshot.co/m/item/20593?item=231613,True,26000,KRW,26000
2026-10-05 09:31,3936ba9a-b62d-81ef-af94-f3c066281370,Laphroaig 1991 DeDr Whiskyland Chapter 23 700ml (48.3°),rudder,https://theultimatespirits.jp/products/laphroaig-ラフロイグ-1991-34年-whiskyland-chapter-23,True,186120.0,JPY,1592517
2026-10-05 09:31,3e76ba9a-b62d-81ef-baf9-d0fc65114acc,Dashwood Sauvignon Blanc 2025,dailyshot,https://dailyshot.co/m/item/20593?item=231613,True,26000,KRW,26000
2026-10-05 10:01,3936ba9a-b62d-81ef-af94-f3c066281370,Laphroaig 1991 DeDr Whiskyland Chapter 23 700ml (48.3°),rudder,https://theultimatespirits.jp/products/laphroaig-ラフロイグ-1991-34年-whiskyland-chapter-23,True,186120.0,JPY,1592517
2026-10-05 10:01,3e76ba9a-b62d-81ef-baf9-d0fc65114acc,Dashwood Sauvignon Blanc 2025,dailyshot,https://dailyshot.co/m/item/20593?item=231613,True,26000,KRW,26000
2026-10-05 10:31,3936ba9a-b62d-81ef-af94-f3c066281370,Laphroaig 1991 DeDr Whiskyland Chapter 23 700ml (48.3°),rudder,https://theultimatespirits.jp/products/laphroaig-ラフロイグ-1991-34年-whiskyland-chapter-23,True,186120.0,JPY,1592517
2026-10-05 10:31,3e76ba9a-b62d-81ef-baf9-d0fc65114acc,Dashwood Sauvignon Blanc 2025,dailyshot,https://dailyshot.co/m/item/20593?item=231613,True,26000,KRW,26000
2026-10-05 11:01,3936ba9a-b62d-81ef-af94-f3c066281370,Laphroaig 1991 DeDr Whiskyland Chapter 23 700ml (48.3°),rudder,https://theultimatespirits.jp/products/laphroaig-ラフロイグ-1991-34年-whiskyland-chapter-23,True,186120.0,JPY,1592517
2026-10-05 11:01,3e76ba9a-b62d-81ef-baf9-d0fc65114acc,Dashwood Sauvignon Blanc 2025,dailyshot,https://dailyshot.co/m/item/20593?item=231613,True,26000,KRW,26000
2026-10-05 11:31,3936ba9a-b62d-81ef-af94-f3c066281370,Laphroaig 1991 DeDr Whiskyland Chapter 23 700ml (48.3°),rudder,https://theultimatespirits.jp/products/laphroaig-ラフロイグ-1991-34年-whiskyland-chapter-23,True,186120.0,JPY,1592517
2026-10-05 11:31,3e76ba9a-b62d-81ef-baf9-d0fc65114acc,Dashwood Sauvignon Blanc 2025,dailyshot,https://dailyshot.co/m/item/20593?item=231613,True,26000,KRW,26000
2026-10-05 12:01,3936ba9a-b62d-81ef-af94-f3c066281370,Laphroaig 1991 DeDr Whiskyland Chapter 23 700ml (48.3°),rudder,https://theultimatespirits.jp/products/laphroaig-ラフロイグ-1991-34年-whiskyland-chapter-23,True,186120.0,JPY,1592517
2026-10-05 12:01,3e76ba9a-b62d-81ef-baf9-d0fc65114acc,Dashwood Sauvignon Blanc 2025,dailyshot,https://dailyshot.co/m/item/20593?item=231613,True,26000,KRW,26000
2026-10-05 12:31,3936ba9a-b62d-81ef-af94-f3c066281370,Laphroaig 1991 DeDr Whiskyland Chapter 23 700ml (48.3°),rudder,https://theultimatespirits.jp/products/laphroaig-ラフロイグ-1991-34年-whiskyland-chapter-23,True,186120.0,JPY,1592517
2026-10-05 12:31,3e76ba9a-b62d-81ef-baf9-d0fc65114acc,Dashwood Sauvignon Blanc 2025,dailyshot,https://dailyshot.co/m/item/20593?item=231613,True,26000,KRW,26000
2026-10-05 13:01,3936ba9a-b62d-81ef-af94-f3c066281370,Laphroaig 1991 DeDr Whiskyland Chapter 23 700ml (48.3°),rudder,https://theultimatespirits.jp/products/laphroaig-ラフロイグ-1991-34年-whiskyland-chapter-23,True,186120.0,JPY,1592517
2026-10-05 13:01,3e76ba9a-b62d-81ef-baf9-d0fc65114acc,Dashwood Sauvignon Blanc 2025,dailyshot,https://dailyshot.co/m/item/20593?item=231613,True,26000,KRW,26000
2026-10-05 13:31,3936ba9a-b62d-81ef-af94-f3c066281370,Laphroaig 1991 DeDr Whiskyland Chapter 23 700ml (48.3°),rudder,https://theultimatespirits.jp/products/laphroaig-ラフロイグ-1991-34年-whiskyland-chapter-23,True,186120.0,JPY,1592517
2026-10-05 13:31,3e76ba9a-b62d-81ef-baf9-d0fc65114acc,Dashwood Sauvignon Blanc 2025,dailyshot,https://dailyshot.co/m/item/20593?item=231613,True,26000,KRW,26000
2026-10-05 14:01,3936ba9a-b62d-81ef-af94-f3c066281370,Laphroaig 1991 DeDr Whiskyland Chapter 23 700ml (48.3°),rudder,https://theultimatespirits.jp/products/laphroaig-ラフロイグ-1991-34年-whiskyland-chapter-23,True,186120.0,JPY,1592517
2026-10-05 14:01,3e76ba9a-b62d-81ef-baf9-d0fc65114acc,Dashwood Sauvignon Blanc 2025,dailyshot,https://dailyshot.co/m/item/20593?item=231613,True,26000,KRW,26000
2026-10-05 14:31,3936ba9a-b62d-81ef-af94-f3c066281370,Laphroaig 1991 DeDr Whiskyland Chapter 23 700ml (48.3°),rudder,https://theultimatespirits.jp/products/laphroaig-ラフロイグ-1991-34年-whiskyland-chapter-23,True,186120.0,JPY,1592517
2026-10-05 14:31,3e76ba9a-b62d-81ef-baf9-d0fc65114acc,Dashwood Sauvignon Blanc 2025,dailyshot,https://dailyshot.co/m/item/20593?item=231613,True,26000,KRW,26000
2026-10-05 15:01,3936ba9a-b62d-81ef-af94-f3c066281370,Laphroaig 1991 DeDr Whiskyland Chapter 23 700ml (48.3°),rudder,https://theultimatespirits.jp/products/laphroaig-ラフロイグ-1991-34年-whiskyland-chapter-23,True,186120.0,JPY,1592517
2026-10-05 15:01,3e76ba9a-b62d-81ef-baf9-d0fc65114acc,Dashwood Sauvignon Blanc 2025,dailyshot,https://dailyshot.co/m/item/20593?item=231613,True,26000,KRW,26000
2026-10-05 15:08,3936ba9a-b62d-81ef-af94-f3c066281370,Laphroaig 1991 DeDr Whiskyland Chapter 23 700ml (48.3°),rudder,https://theultimatespirits.jp/products/laphroaig-ラフロイグ-1991-34年-whiskyland-chapter-23,True,186120.0,JPY,1592517
2026-10-05 15:08,3e76ba9a-b62d-81ef-baf9-d0fc65114acc,Dashwood Sauvignon Blanc 2025,dailyshot,https://dailyshot.co/m/item/20593?item=231613,True,26000,KRW,26000
2026-10-05 15:31,3936ba9a-b62d-81ef-af94-f3c066281370,Laphroaig 1991 DeDr Whiskyland Chapter 23 700ml (48.3°),rudder,https://theultimatespirits.jp/products/laphroaig-ラフロイグ-1991-34年-whiskyland-chapter-23,True,186120.0,JPY,1592517
2026-10-05 15:31,3e76ba9a-b62d-81ef-baf9-d0fc65114acc,Dashwood Sauvignon Blanc 2025,dailyshot,https://dailyshot.co/m/item/20593?item=231613,True,26000,KRW,26000
2026-10-05 16:01,3936ba9a-b62d-81ef-af94-f3c066281370,Laphroaig 1991 DeDr Whiskyland Chapter 23 700ml (48.3°),rudder,https://theultimatespirits.jp/products/laphroaig-ラフロイグ-1991-34年-whiskyland-chapter-23,True,186120.0,JPY,1592517
2026-10-05 16:01,3e76ba9a-b62d-81ef-baf9-d0fc65114acc,Dashwood Sauvignon Blanc 2025,dailyshot,https://dailyshot.co/m/item/20593?item=231613,True,26000,KRW,26000
2026-10-05 16:31,3936ba9a-b62d-81ef-af94-f3c066281370,Laphroaig 1991 DeDr Whiskyland Chapter 23 700ml (48.3°),rudder,https://theultimatespirits.jp/products/laphroaig-ラフロイグ-1991-34年-whiskyland-chapter-23,True,186120.0,JPY,1592517
2026-10-05 16:31,3e76ba9a-b62d-81ef-baf9-d0fc65114acc,Dashwood Sauvignon Blanc 2025,dailyshot,https://dailyshot.co/m/item/20593?item=231613,True,26000,KRW,26000
2026-10-05 16:41,3936ba9a-b62d-81ef-af94-f3c066281370,Laphroaig 1991 DeDr Whiskyland Chapter 23 700ml (48.3°),rudder,https://theultimatespirits.jp/products/laphroaig-ラフロイグ-1991-34年-whiskyland-chapter-23,True,186120.0,JPY,1592517
2026-10-05 16:41,3e76ba9a-b62d-81ef-baf9-d0fc65114acc,Dashwood Sauvignon Blanc 2025,dailyshot,https://dailyshot.co/m/item/20593?item=231613,True,26000,KRW,26000
2026-10-05 16:51,3936ba9a-b62d-81ef-af94-f3c066281370,Laphroaig 1991 DeDr Whiskyland Chapter 23 700ml (48.3°),rudder,https://theultimatespirits.jp/products/laphroaig-ラフロイグ-1991-34年-whiskyland-chapter-23,True,186120.0,JPY,1592517
2026-10-05 16:51,3e76ba9a-b62d-81ef-baf9-d0fc65114acc,Dashwood Sauvignon Blanc 2025,dailyshot,https://dailyshot.co/m/item/20593?item=231613,True,26000,KRW,26000
2026-10-05 17:01,3936ba9a-b62d-81ef-af94-f3c066281370,Laphroaig 1991 DeDr Whiskyland Chapter 23 700ml (48.3°),rudder,https://theultimatespirits.jp/products/laphroaig-ラフロイグ-1991-34年-whiskyland-chapter-23,True,186120.0,JPY,1592517
2026-10-05 17:01,3e76ba9a-b62d-81ef-baf9-d0fc65114acc,Dashwood Sauvignon Blanc 2025,dailyshot,https://dailyshot.co/m/item/20593?item=231613,True,26000,KRW,26000
2026-10-05 17:11,3936ba9a-b62d-81ef-af94-f3c066281370,Laphroaig 1991 DeDr Whiskyland Chapter 23 700ml (48.3°),rudder,https://theultimatespirits.jp/products/laphroaig-ラフロイグ-1991-34年-whiskyland-chapter-23,True,186120.0,JPY,1592517
2026-10-05 17:11,3e76ba9a-b62d-81ef-baf9-d0fc65114acc,Dashwood Sauvignon Blanc 2025,dailyshot,https://dailyshot.co/m/item/20593?item=231613,True,26000,KRW,26000
2026-10-05 17:21,3936ba9a-b62d-81ef-af94-f3c066281370,Laphroaig 1991 DeDr Whiskyland Chapter 23 700ml (48.3°),rudder,https://theultimatespirits.jp/products/laphroaig-ラフロイグ-1991-34年-whiskyland-chapter-23,True,186120.0,JPY,1592517
2026-10-05 17:21,3e76ba9a-b62d-81ef-baf9-d0fc65114acc,Dashwood Sauvignon Blanc 2025,dailyshot,https://dailyshot.co/m/item/20593?item=231613,True,26000,KRW,26000
2026-10-05 17:31,3936ba9a-b62d-81ef-af94-f3c066281370,Laphroaig 1991 DeDr Whiskyland Chapter 23 700ml (48.3°),rudder,https://theultimatespirits.jp/products/laphroaig-ラフロイグ-1991-34年-whiskyland-chapter-23,True,186120.0,JPY,1592517
2026-10-05 17:31,3e76ba9a-b62d-81ef-baf9-d0fc65114acc,Dashwood Sauvignon Blanc 2025,dailyshot,https://dailyshot.co/m/item/20593?item=231613,True,26000,KRW,26000
2026-10-05 17:41,3936ba9a-b62d-81ef-af94-f3c066281370,Laphroaig 1991 DeDr Whiskyland Chapter 23 700ml (48.3°),rudder,https://theultimatespirits.jp/products/laphroaig-ラフロイグ-1991-34年-whiskyland-chapter-23,True,186120.0,JPY,1592517
2026-10-05 17:41,3e76ba9a-b62d-81ef-baf9-d0fc65114acc,Dashwood Sauvignon Blanc 2025,dailyshot,https://dailyshot.co/m/item/20593?item=231613,True,26000,KRW,26000
2026-10-05 17:51,3936ba9a-b62d-81ef-af94-f3c066281370,Laphroaig 1991 DeDr Whiskyland Chapter 23 700ml (48.3°),rudder,https://theultimatespirits.jp/products/laphroaig-ラフロイグ-1991-34年-whiskyland-chapter-23,True,186120.0,JPY,1592517
2026-10-05 17:51,3e76ba9a-b62d-81ef-baf9-d0fc65114acc,Dashwood Sauvignon Blanc 2025,dailyshot,https://dailyshot.co/m/item/20593?item=231613,True,26000,KRW,26000
2026-10-05 18:01,3936ba9a-b62d-81ef-af94-f3c066281370,Laphroaig 1991 DeDr Whiskyland Chapter 23 700ml (48.3°),rudder,https://theultimatespirits.jp/products/laphroaig-ラフロイグ-1991-34年-whiskyland-chapter-23,True,186120.0,JPY,1592517
2026-10-05 18:01,3e76ba9a-b62d-81ef-baf9-d0fc65114acc,Dashwood Sauvignon Blanc 2025,dailyshot,https://dailyshot.co/m/item/20593?item=231613,True,26000,KRW,26000
2026-10-05 18:11,3936ba9a-b62d-81ef-af94-f3c066281370,Laphroaig 1991 DeDr Whiskyland Chapter 23 700ml (48.3°),rudder,https://theultimatespirits.jp/products/laphroaig-ラフロイグ-1991-34年-whiskyland-chapter-23,True,186120.0,JPY,1592517
2026-10-05 18:11,3e76ba9a-b62d-81ef-baf9-d0fc65114acc,Dashwood Sauvignon Blanc 2025,dailyshot,https://dailyshot.co/m/item/20593?item=231613,True,26000,KRW,26000
2026-10-05 18:21,3936ba9a-b62d-81ef-af94-f3c066281370,Laphroaig 1991 DeDr Whiskyland Chapter 23 700ml (48.3°),rudder,https://theultimatespirits.jp/products/laphroaig-ラフロイグ-1991-34年-whiskyland-chapter-23,True,186120.0,JPY,1592517
2026-10-05 18:21,3e76ba9a-b62d-81ef-baf9-d0fc65114acc,Dashwood Sauvignon Blanc 2025,dailyshot,https://dailyshot.co/m/item/20593?item=231613,True,26000,KRW,26000
2026-10-05 18:31,3936ba9a-b62d-81ef-af94-f3c066281370,Laphroaig 1991 DeDr Whiskyland Chapter 23 700ml (48.3°),rudder,https://theultimatespirits.jp/products/laphroaig-ラフロイグ-1991-34年-whiskyland-chapter-23,True,186120.0,JPY,1592517
2026-10-05 18:31,3e76ba9a-b62d-81ef-baf9-d0fc65114acc,Dashwood Sauvignon Blanc 2025,dailyshot,https://dailyshot.co/m/item/20593?item=231613,True,26000,KRW,26000
2026-10-05 18:58,3936ba9a-b62d-81ef-af94-f3c066281370,Laphroaig 1991 DeDr Whiskyland Chapter 23 700ml (48.3°),rudder,https://theultimatespirits.jp/products/laphroaig-ラフロイグ-1991-34年-whiskyland-chapter-23,True,186120.0,JPY,1592517
2026-10-05 18:58,3e76ba9a-b62d-81ef-baf9-d0fc65114acc,Dashwood Sauvignon Blanc 2025,dailyshot,https://dailyshot.co/m/item/20593?item=231613,True,26000,KRW,26000
2026-10-05 19:01,3936ba9a-b62d-81ef-af94-f3c066281370,Laphroaig 1991 DeDr Whiskyland Chapter 23 700ml (48.3°),rudder,https://theultimatespirits.jp/products/laphroaig-ラフロイグ-1991-34年-whiskyland-chapter-23,True,186120.0,JPY,1592517
2026-10-05 19:01,3e76ba9a-b62d-81ef-baf9-d0fc65114acc,Dashwood Sauvignon Blanc 2025,dailyshot,https://dailyshot.co/m/item/20593?item=231613,True,26000,KRW,26000
2026-10-05 19:31,3936ba9a-b62d-81ef-af94-f3c066281370,Laphroaig 1991 DeDr Whiskyland Chapter 23 700ml (48.3°),rudder,https://theultimatespirits.jp/products/laphroaig-ラフロイグ-1991-34年-whiskyland-chapter-23,True,186120.0,JPY,1592517
2026-10-05 19:31,3e76ba9a-b62d-81ef-baf9-d0fc65114acc,Dashwood Sauvignon Blanc 2025,dailyshot,https://dailyshot.co/m/item/20593?item=231613,True,26000,KRW,26000
2026-10-05 20:01,3936ba9a-b62d-81ef-af94-f3c066281370,Laphroaig 1991 DeDr Whiskyland Chapter 23 700ml (48.3°),rudder,https://theultimatespirits.jp/products/laphroaig-ラフロイグ-1991-34年-whiskyland-chapter-23,True,186120.0,JPY,1592517
2026-10-05 20:01,3e76ba9a-b62d-81ef-baf9-d0fc65114acc,Dashwood Sauvignon Blanc 2025,dailyshot,https://dailyshot.co/m/item/20593?item=231613,True,26000,KRW,26000
2026-10-05 20:31,3936ba9a-b62d-81ef-af94-f3c066281370,Laphroaig 1991 DeDr Whiskyland Chapter 23 700ml (48.3°),rudder,https://theultimatespirits.jp/products/laphroaig-ラフロイグ-1991-34年-whiskyland-chapter-23,True,186120.0,JPY,1592517
2026-10-05 20:31,3e76ba9a-b62d-81ef-baf9-d0fc65114acc,Dashwood Sauvignon Blanc 2025,dailyshot,https://dailyshot.co/m/item/20593?item=231613,True,26000,KRW,26000
2026-10-05 21:01,3936ba9a-b62d-81ef-af94-f3c066281370,Laphroaig 1991 DeDr Whiskyland Chapter 23 700ml (48.3°),rudder,https://theultimatespirits.jp/products/laphroaig-ラフロイグ-1991-34年-whiskyland-chapter-23,True,186120.0,JPY,1592517
2026-10-05 21:01,3e76ba9a-b62d-81ef-baf9-d0fc65114acc,Dashwood Sauvignon Blanc 2025,dailyshot,https://dailyshot.co/m/item/20593?item=231613,True,26000,KRW,26000
2026-10-05 21:31,3936ba9a-b62d-81ef-af94-f3c066281370,Laphroaig 1991 DeDr Whiskyland Chapter 23 700ml (48.3°),rudder,https://theultimatespirits.jp/products/laphroaig-ラフロイグ-1991-34年-whiskyland-chapter-23,True,186120.0,JPY,1592517
2026-10-05 21:31,3e76ba9a-b62d-81ef-baf9-d0fc65114acc,Dashwood Sauvignon Blanc 2025,dailyshot,https://dailyshot.co/m/item/20593?item=231613,True,26000,KRW,26000
2026-10-05 22:01,3936ba9a-b62d-81ef-af94-f3c066281370,Laphroaig 1991 DeDr Whiskyland Chapter 23 700ml (48.3°),rudder,https://theultimatespirits.jp/products/laphroaig-ラフロイグ-1991-34年-whiskyland-chapter-23,True,186120.0,JPY,1592517
2026-10-05 22:01,3e76ba9a-b62d-81ef-baf9-d0fc65114acc,Dashwood Sauvignon Blanc 2025,dailyshot,https://dailyshot.co/m/item/20593?item=231613,True,26000,KRW,26000
2026-10-05 22:31,3936ba9a-b62d-81ef-af94-f3c066281370,Laphroaig 1991 DeDr Whiskyland Chapter 23 700ml (48.3°),rudder,https://theultimatespirits.jp/products/laphroaig-ラフロイグ-1991-34年-whiskyland-chapter-23,True,186120.0,JPY,1592517
2026-10-05 22:31,3e76ba9a-b62d-81ef-baf9-d0fc65114acc,Dashwood Sauvignon Blanc 2025,dailyshot,https://dailyshot.co/m/item/20593?item=231613,True,26000,KRW,26000
2026-10-05 23:01,3936ba9a-b62d-81ef-af94-f3c066281370,Laphroaig 1991 DeDr Whiskyland Chapter 23 700ml (48.3°),rudder,https://theultimatespirits.jp/products/laphroaig-ラフロイグ-1991-34年-whiskyland-chapter-23,True,186120.0,JPY,1592517
2026-10-05 23:01,3e76ba9a-b62d-81ef-baf9-d0fc65114acc,Dashwood Sauvignon Blanc 2025,dailyshot,https://dailyshot.co/m/item/20593?item=231613,True,26000,KRW,26000
2026-10-05 23:31,3936ba9a-b62d-81ef-af94-f3c066281370,Laphroaig 1991 DeDr Whiskyland Chapter 23 700ml (48.3°),rudder,https://theultimatespirits.jp/products/laphroaig-ラフロイグ-1991-34年-whiskyland-chapter-23,True,186120.0,JPY,1592517
2026-10-05 23:31,3e76ba9a-b62d-81ef-baf9-d0fc65114acc,Dashwood Sauvignon Blanc 2025,dailyshot,https://dailyshot.co/m/item/20593?item=231613,True,26000,KRW,26000
2026-10-06 00:11,3936ba9a-b62d-81ef-af94-f3c066281370,Laphroaig 1991 DeDr Whiskyland Chapter 23 700ml (48.3°),rudder,https://theultimatespirits.jp/products/laphroaig-ラフロイグ-1991-34年-whiskyland-chapter-23,True,186120.0,JPY,1590730
2026-10-06 00:11,3e76ba9a-b62d-81ef-baf9-d0fc65114acc,Dashwood Sauvignon Blanc 2025,dailyshot,https://dailyshot.co/m/item/20593?item=231613,True,26000,KRW,26000
2026-10-06 00:12,3936ba9a-b62d-81ef-af94-f3c066281370,Laphroaig 1991 DeDr Whiskyland Chapter 23 700ml (48.3°),rudder,https://theultimatespirits.jp/products/laphroaig-ラフロイグ-1991-34年-whiskyland-chapter-23,True,186120.0,JPY,1590730
2026-10-06 00:12,3e76ba9a-b62d-81ef-baf9-d0fc65114acc,Dashwood Sauvignon Blanc 2025,dailyshot,https://dailyshot.co/m/item/20593?item=231613,True,26000,KRW,26000
2026-10-06 02:11,3936ba9a-b62d-81ef-af94-f3c066281370,Laphroaig 1991 DeDr Whiskyland Chapter 23 700ml (48.3°),rudder,https://theultimatespirits.jp/products/laphroaig-ラフロイグ-1991-34年-whiskyland-chapter-23,True,186120.0,JPY,1590730
2026-10-06 02:11,3e76ba9a-b62d-81ef-baf9-d0fc65114acc,Dashwood Sauvignon Blanc 2025,dailyshot,https://dailyshot.co/m/item/20593?item=231613,True,26000,KRW,26000
2026-10-06 04:16,3936ba9a-b62d-81ef-af94-f3c066281370,Laphroaig 1991 DeDr Whiskyland Chapter 23 700ml (48.3°),rudder,https://theultimatespirits.jp/products/laphroaig-ラフロイグ-1991-34年-whiskyland-chapter-23,True,186120.0,JPY,1590730
2026-10-06 04:16,3e76ba9a-b62d-81ef-baf9-d0fc65114acc,Dashwood Sauvignon Blanc 2025,dailyshot,https://dailyshot.co/m/item/20593?item=231613,True,26000,KRW,26000
2026-10-06 07:58,3936ba9a-b62d-81ef-af94-f3c066281370,Laphroaig 1991 DeDr Whiskyland Chapter 23 700ml (48.3°),rudder,https://theultimatespirits.jp/products/laphroaig-ラフロイグ-1991-34年-whiskyland-chapter-23,True,186120.0,JPY,1590730
2026-10-06 07:58,3e76ba9a-b62d-81ef-baf9-d0fc65114acc,Dashwood Sauvignon Blanc 2025,dailyshot,https://dailyshot.co/m/item/20593?item=231613,True,26000,KRW,26000
2026-10-06 08:01,3936ba9a-b62d-81ef-af94-f3c066281370,Laphroaig 1991 DeDr Whiskyland Chapter 23 700ml (48.3°),rudder,https://theultimatespirits.jp/products/laphroaig-ラフロイグ-1991-34年-whiskyland-chapter-23,True,186120.0,JPY,1590730
2026-10-06 08:01,3e76ba9a-b62d-81ef-baf9-d0fc65114acc,Dashwood Sauvignon Blanc 2025,dailyshot,https://dailyshot.co/m/item/20593?item=231613,True,26000,KRW,26000
2026-10-06 08:31,3936ba9a-b62d-81ef-af94-f3c066281370,Laphroaig 1991 DeDr Whiskyland Chapter 23 700ml (48.3°),rudder,https://theultimatespirits.jp/products/laphroaig-ラフロイグ-1991-34年-whiskyland-chapter-23,True,186120.0,JPY,1590730
2026-10-06 08:31,3e76ba9a-b62d-81ef-baf9-d0fc65114acc,Dashwood Sauvignon Blanc 2025,dailyshot,https://dailyshot.co/m/item/20593?item=231613,True,26000,KRW,26000
2026-10-06 09:01,3936ba9a-b62d-81ef-af94-f3c066281370,Laphroaig 1991 DeDr Whiskyland Chapter 23 700ml (48.3°),rudder,https://theultimatespirits.jp/products/laphroaig-ラフロイグ-1991-34年-whiskyland-chapter-23,True,186120.0,JPY,1590730
2026-10-06 09:01,3e76ba9a-b62d-81ef-baf9-d0fc65114acc,Dashwood Sauvignon Blanc 2025,dailyshot,https://dailyshot.co/m/item/20593?item=231613,True,26000,KRW,26000
2026-10-06 09:17,3936ba9a-b62d-81ef-af94-f3c066281370,Laphroaig 1991 DeDr Whiskyland Chapter 23 700ml (48.3°),rudder,https://theultimatespirits.jp/products/laphroaig-ラフロイグ-1991-34年-whiskyland-chapter-23,True,186120.0,JPY,1590730
2026-10-06 09:17,3e76ba9a-b62d-81ef-baf9-d0fc65114acc,Dashwood Sauvignon Blanc 2025,dailyshot,https://dailyshot.co/m/item/20593?item=231613,True,26000,KRW,26000
2026-10-06 09:31,3936ba9a-b62d-81ef-af94-f3c066281370,Laphroaig 1991 DeDr Whiskyland Chapter 23 700ml (48.3°),rudder,https://theultimatespirits.jp/products/laphroaig-ラフロイグ-1991-34年-whiskyland-chapter-23,True,186120.0,JPY,1590730
2026-10-06 09:31,3e76ba9a-b62d-81ef-baf9-d0fc65114acc,Dashwood Sauvignon Blanc 2025,dailyshot,https://dailyshot.co/m/item/20593?item=231613,True,26000,KRW,26000
2026-10-06 10:01,3936ba9a-b62d-81ef-af94-f3c066281370,Laphroaig 1991 DeDr Whiskyland Chapter 23 700ml (48.3°),rudder,https://theultimatespirits.jp/products/laphroaig-ラフロイグ-1991-34年-whiskyland-chapter-23,True,186120.0,JPY,1590730
2026-10-06 10:01,3e76ba9a-b62d-81ef-baf9-d0fc65114acc,Dashwood Sauvignon Blanc 2025,dailyshot,https://dailyshot.co/m/item/20593?item=231613,True,26000,KRW,26000
2026-10-06 10:31,3936ba9a-b62d-81ef-af94-f3c066281370,Laphroaig 1991 DeDr Whiskyland Chapter 23 700ml (48.3°),rudder,https://theultimatespirits.jp/products/laphroaig-ラフロイグ-1991-34年-whiskyland-chapter-23,True,186120.0,JPY,1590730
2026-10-06 10:31,3e76ba9a-b62d-81ef-baf9-d0fc65114acc,Dashwood Sauvignon Blanc 2025,dailyshot,https://dailyshot.co/m/item/20593?item=231613,True,26000,KRW,26000
2026-10-06 11:01,3936ba9a-b62d-81ef-af94-f3c066281370,Laphroaig 1991 DeDr Whiskyland Chapter 23 700ml (48.3°),rudder,https://theultimatespirits.jp/products/laphroaig-ラフロイグ-1991-34年-whiskyland-chapter-23,True,186120.0,JPY,1590730
2026-10-06 11:01,3e76ba9a-b62d-81ef-baf9-d0fc65114acc,Dashwood Sauvignon Blanc 2025,dailyshot,https://dailyshot.co/m/item/20593?item=231613,True,26000,KRW,26000
2026-10-06 11:31,3936ba9a-b62d-81ef-af94-f3c066281370,Laphroaig 1991 DeDr Whiskyland Chapter 23 700ml (48.3°),rudder,https://theultimatespirits.jp/products/laphroaig-ラフロイグ-1991-34年-whiskyland-chapter-23,True,186120.0,JPY,1590730
2026-10-06 11:31,3e76ba9a-b62d-81ef-baf9-d0fc65114acc,Dashwood Sauvignon Blanc 2025,dailyshot,https://dailyshot.co/m/item/20593?item=231613,True,26000,KRW,26000
2026-10-06 12:01,3936ba9a-b62d-81ef-af94-f3c066281370,Laphroaig 1991 DeDr Whiskyland Chapter 23 700ml (48.3°),rudder,https://theultimatespirits.jp/products/laphroaig-ラフロイグ-1991-34年-whiskyland-chapter-23,True,186120.0,JPY,1590730
2026-10-06 12:01,3e76ba9a-b62d-81ef-baf9-d0fc65114acc,Dashwood Sauvignon Blanc 2025,dailyshot,https://dailyshot.co/m/item/20593?item=231613,True,26000,KRW,26000
2026-10-06 12:31,3936ba9a-b62d-81ef-af94-f3c066281370,Laphroaig 1991 DeDr Whiskyland Chapter 23 700ml (48.3°),rudder,https://theultimatespirits.jp/products/laphroaig-ラフロイグ-1991-34年-whiskyland-chapter-23,True,186120.0,JPY,1590730
2026-10-06 12:31,3e76ba9a-b62d-81ef-baf9-d0fc65114acc,Dashwood Sauvignon Blanc 2025,dailyshot,https://dailyshot.co/m/item/20593?item=231613,True,26000,KRW,26000
2026-10-06 13:01,3936ba9a-b62d-81ef-af94-f3c066281370,Laphroaig 1991 DeDr Whiskyland Chapter 23 700ml (48.3°),rudder,https://theultimatespirits.jp/products/laphroaig-ラフロイグ-1991-34年-whiskyland-chapter-23,True,186120.0,JPY,1590730
2026-10-06 13:01,3e76ba9a-b62d-81ef-baf9-d0fc65114acc,Dashwood Sauvignon Blanc 2025,dailyshot,https://dailyshot.co/m/item/20593?item=231613,True,26000,KRW,26000
2026-10-06 13:31,3936ba9a-b62d-81ef-af94-f3c066281370,Laphroaig 1991 DeDr Whiskyland Chapter 23 700ml (48.3°),rudder,https://theultimatespirits.jp/products/laphroaig-ラフロイグ-1991-34年-whiskyland-chapter-23,True,186120.0,JPY,1590730
2026-10-06 13:31,3e76ba9a-b62d-81ef-baf9-d0fc65114acc,Dashwood Sauvignon Blanc 2025,dailyshot,https://dailyshot.co/m/item/20593?item=231613,True,26000,KRW,26000
2026-10-06 14:01,3936ba9a-b62d-81ef-af94-f3c066281370,Laphroaig 1991 DeDr Whiskyland Chapter 23 700ml (48.3°),rudder,https://theultimatespirits.jp/products/laphroaig-ラフロイグ-1991-34年-whiskyland-chapter-23,True,186120.0,JPY,1590730
2026-10-06 14:01,3e76ba9a-b62d-81ef-baf9-d0fc65114acc,Dashwood Sauvignon Blanc 2025,dailyshot,https://dailyshot.co/m/item/20593?item=231613,True,26000,KRW,26000
2026-10-06 14:31,3936ba9a-b62d-81ef-af94-f3c066281370,Laphroaig 1991 DeDr Whiskyland Chapter 23 700ml (48.3°),rudder,https://theultimatespirits.jp/products/laphroaig-ラフロイグ-1991-34年-whiskyland-chapter-23,True,186120.0,JPY,1590730
2026-10-06 14:31,3e76ba9a-b62d-81ef-baf9-d0fc65114acc,Dashwood Sauvignon Blanc 2025,dailyshot,https://dailyshot.co/m/item/20593?item=231613,True,26000,KRW,26000
2026-10-06 15:01,3936ba9a-b62d-81ef-af94-f3c066281370,Laphroaig 1991 DeDr Whiskyland Chapter 23 700ml (48.3°),rudder,https://theultimatespirits.jp/products/laphroaig-ラフロイグ-1991-34年-whiskyland-chapter-23,True,186120.0,JPY,1590730
2026-10-06 15:01,3e76ba9a-b62d-81ef-baf9-d0fc65114acc,Dashwood Sauvignon Blanc 2025,dailyshot,https://dailyshot.co/m/item/20593?item=231613,True,26000,KRW,26000
2026-10-06 15:31,3936ba9a-b62d-81ef-af94-f3c066281370,Laphroaig 1991 DeDr Whiskyland Chapter 23 700ml (48.3°),rudder,https://theultimatespirits.jp/products/laphroaig-ラフロイグ-1991-34年-whiskyland-chapter-23,True,186120.0,JPY,1590730
2026-10-06 15:31,3e76ba9a-b62d-81ef-baf9-d0fc65114acc,Dashwood Sauvignon Blanc 2025,dailyshot,https://dailyshot.co/m/item/20593?item=231613,True,26000,KRW,26000
2026-10-06 15:48,3936ba9a-b62d-81ef-af94-f3c066281370,Laphroaig 1991 DeDr Whiskyland Chapter 23 700ml (48.3°),rudder,https://theultimatespirits.jp/products/laphroaig-ラフロイグ-1991-34年-whiskyland-chapter-23,True,186120.0,JPY,1590730
2026-10-06 15:48,3e76ba9a-b62d-81ef-baf9-d0fc65114acc,Dashwood Sauvignon Blanc 2025,dailyshot,https://dailyshot.co/m/item/20593?item=231613,True,26000,KRW,26000
2026-10-06 16:01,3936ba9a-b62d-81ef-af94-f3c066281370,Laphroaig 1991 DeDr Whiskyland Chapter 23 700ml (48.3°),rudder,https://theultimatespirits.jp/products/laphroaig-ラフロイグ-1991-34年-whiskyland-chapter-23,True,186120.0,JPY,1590730
2026-10-06 16:01,3e76ba9a-b62d-81ef-baf9-d0fc65114acc,Dashwood Sauvignon Blanc 2025,dailyshot,https://dailyshot.co/m/item/20593?item=231613,True,26000,KRW,26000
2026-10-06 16:31,3936ba9a-b62d-81ef-af94-f3c066281370,Laphroaig 1991 DeDr Whiskyland Chapter 23 700ml (48.3°),rudder,https://theultimatespirits.jp/products/laphroaig-ラフロイグ-1991-34年-whiskyland-chapter-23,True,186120.0,JPY,1590730
2026-10-06 16:31,3e76ba9a-b62d-81ef-baf9-d0fc65114acc,Dashwood Sauvignon Blanc 2025,dailyshot,https://dailyshot.co/m/item/20593?item=231613,True,26000,KRW,26000
2026-10-06 16:41,3936ba9a-b62d-81ef-af94-f3c066281370,Laphroaig 1991 DeDr Whiskyland Chapter 23 700ml (48.3°),rudder,https://theultimatespirits.jp/products/laphroaig-ラフロイグ-1991-34年-whiskyland-chapter-23,True,186120.0,JPY,1590730
2026-10-06 16:41,3e76ba9a-b62d-81ef-baf9-d0fc65114acc,Dashwood Sauvignon Blanc 2025,dailyshot,https://dailyshot.co/m/item/20593?item=231613,True,26000,KRW,26000
2026-10-06 16:51,3936ba9a-b62d-81ef-af94-f3c066281370,Laphroaig 1991 DeDr Whiskyland Chapter 23 700ml (48.3°),rudder,https://theultimatespirits.jp/products/laphroaig-ラフロイグ-1991-34年-whiskyland-chapter-23,True,186120.0,JPY,1590730
2026-10-06 16:51,3e76ba9a-b62d-81ef-baf9-d0fc65114acc,Dashwood Sauvignon Blanc 2025,dailyshot,https://dailyshot.co/m/item/20593?item=231613,True,26000,KRW,26000
2026-10-06 17:01,3936ba9a-b62d-81ef-af94-f3c066281370,Laphroaig 1991 DeDr Whiskyland Chapter 23 700ml (48.3°),rudder,https://theultimatespirits.jp/products/laphroaig-ラフロイグ-1991-34年-whiskyland-chapter-23,True,186120.0,JPY,1590730
2026-10-06 17:01,3e76ba9a-b62d-81ef-baf9-d0fc65114acc,Dashwood Sauvignon Blanc 2025,dailyshot,https://dailyshot.co/m/item/20593?item=231613,True,26000,KRW,26000
2026-10-06 17:11,3936ba9a-b62d-81ef-af94-f3c066281370,Laphroaig 1991 DeDr Whiskyland Chapter 23 700ml (48.3°),rudder,https://theultimatespirits.jp/products/laphroaig-ラフロイグ-1991-34年-whiskyland-chapter-23,True,186120.0,JPY,1590730
2026-10-06 17:11,3e76ba9a-b62d-81ef-baf9-d0fc65114acc,Dashwood Sauvignon Blanc 2025,dailyshot,https://dailyshot.co/m/item/20593?item=231613,True,26000,KRW,26000
2026-10-06 17:21,3936ba9a-b62d-81ef-af94-f3c066281370,Laphroaig 1991 DeDr Whiskyland Chapter 23 700ml (48.3°),rudder,https://theultimatespirits.jp/products/laphroaig-ラフロイグ-1991-34年-whiskyland-chapter-23,True,186120.0,JPY,1590730
2026-10-06 17:21,3e76ba9a-b62d-81ef-baf9-d0fc65114acc,Dashwood Sauvignon Blanc 2025,dailyshot,https://dailyshot.co/m/item/20593?item=231613,True,26000,KRW,26000
2026-10-06 17:31,3936ba9a-b62d-81ef-af94-f3c066281370,Laphroaig 1991 DeDr Whiskyland Chapter 23 700ml (48.3°),rudder,https://theultimatespirits.jp/products/laphroaig-ラフロイグ-1991-34年-whiskyland-chapter-23,True,186120.0,JPY,1590730
2026-10-06 17:31,3e76ba9a-b62d-81ef-baf9-d0fc65114acc,Dashwood Sauvignon Blanc 2025,dailyshot,https://dailyshot.co/m/item/20593?item=231613,True,26000,KRW,26000
2026-10-06 17:41,3936ba9a-b62d-81ef-af94-f3c066281370,Laphroaig 1991 DeDr Whiskyland Chapter 23 700ml (48.3°),rudder,https://theultimatespirits.jp/products/laphroaig-ラフロイグ-1991-34年-whiskyland-chapter-23,True,186120.0,JPY,1590730
2026-10-06 17:41,3e76ba9a-b62d-81ef-baf9-d0fc65114acc,Dashwood Sauvignon Blanc 2025,dailyshot,https://dailyshot.co/m/item/20593?item=231613,True,26000,KRW,26000
2026-10-06 17:51,3936ba9a-b62d-81ef-af94-f3c066281370,Laphroaig 1991 DeDr Whiskyland Chapter 23 700ml (48.3°),rudder,https://theultimatespirits.jp/products/laphroaig-ラフロイグ-1991-34年-whiskyland-chapter-23,True,186120.0,JPY,1590730
2026-10-06 17:51,3e76ba9a-b62d-81ef-baf9-d0fc65114acc,Dashwood Sauvignon Blanc 2025,dailyshot,https://dailyshot.co/m/item/20593?item=231613,True,26000,KRW,26000
2026-10-06 18:01,3936ba9a-b62d-81ef-af94-f3c066281370,Laphroaig 1991 DeDr Whiskyland Chapter 23 700ml (48.3°),rudder,https://theultimatespirits.jp/products/laphroaig-ラフロイグ-1991-34年-whiskyland-chapter-23,True,186120.0,JPY,1590730
2026-10-06 18:01,3e76ba9a-b62d-81ef-baf9-d0fc65114acc,Dashwood Sauvignon Blanc 2025,dailyshot,https://dailyshot.co/m/item/20593?item=231613,True,26000,KRW,26000
2026-10-06 18:11,3936ba9a-b62d-81ef-af94-f3c066281370,Laphroaig 1991 DeDr Whiskyland Chapter 23 700ml (48.3°),rudder,https://theultimatespirits.jp/products/laphroaig-ラフロイグ-1991-34年-whiskyland-chapter-23,True,186120.0,JPY,1590730
2026-10-06 18:11,3e76ba9a-b62d-81ef-baf9-d0fc65114acc,Dashwood Sauvignon Blanc 2025,dailyshot,https://dailyshot.co/m/item/20593?item=231613,True,26000,KRW,26000
2026-10-06 18:21,3936ba9a-b62d-81ef-af94-f3c066281370,Laphroaig 1991 DeDr Whiskyland Chapter 23 700ml (48.3°),rudder,https://theultimatespirits.jp/products/laphroaig-ラフロイグ-1991-34年-whiskyland-chapter-23,True,186120.0,JPY,1590730
2026-10-06 18:21,3e76ba9a-b62d-81ef-baf9-d0fc65114acc,Dashwood Sauvignon Blanc 2025,dailyshot,https://dailyshot.co/m/item/20593?item=231613,True,26000,KRW,26000
2026-10-06 18:31,3936ba9a-b62d-81ef-af94-f3c066281370,Laphroaig 1991 DeDr Whiskyland Chapter 23 700ml (48.3°),rudder,https://theultimatespirits.jp/products/laphroaig-ラフロイグ-1991-34年-whiskyland-chapter-23,True,186120.0,JPY,1590730
2026-10-06 18:31,3e76ba9a-b62d-81ef-baf9-d0fc65114acc,Dashwood Sauvignon Blanc 2025,dailyshot,https://dailyshot.co/m/item/20593?item=231613,True,26000,KRW,26000
2026-10-06 18:58,3936ba9a-b62d-81ef-af94-f3c066281370,Laphroaig 1991 DeDr Whiskyland Chapter 23 700ml (48.3°),rudder,https://theultimatespirits.jp/products/laphroaig-ラフロイグ-1991-34年-whiskyland-chapter-23,True,186120.0,JPY,1590730
2026-10-06 18:58,3e76ba9a-b62d-81ef-baf9-d0fc65114acc,Dashwood Sauvignon Blanc 2025,dailyshot,https://dailyshot.co/m/item/20593?item=231613,True,26000,KRW,26000
2026-10-06 19:01,3936ba9a-b62d-81ef-af94-f3c066281370,Laphroaig 1991 DeDr Whiskyland Chapter 23 700ml (48.3°),rudder,https://theultimatespirits.jp/products/laphroaig-ラフロイグ-1991-34年-whiskyland-chapter-23,True,186120.0,JPY,1590730
2026-10-06 19:01,3e76ba9a-b62d-81ef-baf9-d0fc65114acc,Dashwood Sauvignon Blanc 2025,dailyshot,https://dailyshot.co/m/item/20593?item=231613,True,26000,KRW,26000
2026-10-06 19:31,3936ba9a-b62d-81ef-af94-f3c066281370,Laphroaig 1991 DeDr Whiskyland Chapter 23 700ml (48.3°),rudder,https://theultimatespirits.jp/products/laphroaig-ラフロイグ-1991-34年-whiskyland-chapter-23,True,186120.0,JPY,1590730
2026-10-06 19:31,3e76ba9a-b62d-81ef-baf9-d0fc65114acc,Dashwood Sauvignon Blanc 2025,dailyshot,https://dailyshot.co/m/item/20593?item=231613,True,26000,KRW,26000
2026-10-06 20:01,3936ba9a-b62d-81ef-af94-f3c066281370,Laphroaig 1991 DeDr Whiskyland Chapter 23 700ml (48.3°),rudder,https://theultimatespirits.jp/products/laphroaig-ラフロイグ-1991-34年-whiskyland-chapter-23,True,186120.0,JPY,1590730
2026-10-06 20:01,3e76ba9a-b62d-81ef-baf9-d0fc65114acc,Dashwood Sauvignon Blanc 2025,dailyshot,https://dailyshot.co/m/item/20593?item=231613,True,26000,KRW,26000
2026-10-06 20:31,3936ba9a-b62d-81ef-af94-f3c066281370,Laphroaig 1991 DeDr Whiskyland Chapter 23 700ml (48.3°),rudder,https://theultimatespirits.jp/products/laphroaig-ラフロイグ-1991-34年-whiskyland-chapter-23,True,186120.0,JPY,1590730
2026-10-06 20:31,3e76ba9a-b62d-81ef-baf9-d0fc65114acc,Dashwood Sauvignon Blanc 2025,dailyshot,https://dailyshot.co/m/item/20593?item=231613,True,26000,KRW,26000
2026-10-06 21:01,3936ba9a-b62d-81ef-af94-f3c066281370,Laphroaig 1991 DeDr Whiskyland Chapter 23 700ml (48.3°),rudder,https://theultimatespirits.jp/products/laphroaig-ラフロイグ-1991-34年-whiskyland-chapter-23,True,186120.0,JPY,1590730
2026-10-06 21:01,3e76ba9a-b62d-81ef-baf9-d0fc65114acc,Dashwood Sauvignon Blanc 2025,dailyshot,https://dailyshot.co/m/item/20593?item=231613,True,26000,KRW,26000
2026-10-06 21:31,3936ba9a-b62d-81ef-af94-f3c066281370,Laphroaig 1991 DeDr Whiskyland Chapter 23 700ml (48.3°),rudder,https://theultimatespirits.jp/products/laphroaig-ラフロイグ-1991-34年-whiskyland-chapter-23,True,186120.0,JPY,1590730
2026-10-06 21:31,3e76ba9a-b62d-81ef-baf9-d0fc65114acc,Dashwood Sauvignon Blanc 2025,dailyshot,https://dailyshot.co/m/item/20593?item=231613,True,26000,KRW,26000
2026-10-06 22:01,3936ba9a-b62d-81ef-af94-f3c066281370,Laphroaig 1991 DeDr Whiskyland Chapter 23 700ml (48.3°),rudder,https://theultimatespirits.jp/products/laphroaig-ラフロイグ-1991-34年-whiskyland-chapter-23,True,186120.0,JPY,1590730
2026-10-06 22:01,3e76ba9a-b62d-81ef-baf9-d0fc65114acc,Dashwood Sauvignon Blanc 2025,dailyshot,https://dailyshot.co/m/item/20593?item=231613,True,26000,KRW,26000
2026-10-06 22:07,3936ba9a-b62d-81ef-af94-f3c066281370,Laphroaig 1991 DeDr Whiskyland Chapter 23 700ml (48.3°),rudder,https://theultimatespirits.jp/products/laphroaig-ラフロイグ-1991-34年-whiskyland-chapter-23,True,186120.0,JPY,1590730
2026-10-06 22:07,3e76ba9a-b62d-81ef-baf9-d0fc65114acc,Dashwood Sauvignon Blanc 2025,dailyshot,https://dailyshot.co/m/item/20593?item=231613,True,26000,KRW,26000
2026-10-06 22:31,3936ba9a-b62d-81ef-af94-f3c066281370,Laphroaig 1991 DeDr Whiskyland Chapter 23 700ml (48.3°),rudder,https://theultimatespirits.jp/products/laphroaig-ラフロイグ-1991-34年-whiskyland-chapter-23,True,186120.0,JPY,1590730
2026-10-06 22:31,3e76ba9a-b62d-81ef-baf9-d0fc65114acc,Dashwood Sauvignon Blanc 2025,dailyshot,https://dailyshot.co/m/item/20593?item=231613,True,26000,KRW,26000
2026-10-06 23:01,3936ba9a-b62d-81ef-af94-f3c066281370,Laphroaig 1991 DeDr Whiskyland Chapter 23 700ml (48.3°),rudder,https://theultimatespirits.jp/products/laphroaig-ラフロイグ-1991-34年-whiskyland-chapter-23,True,186120.0,JPY,1590730
2026-10-06 23:01,3e76ba9a-b62d-81ef-baf9-d0fc65114acc,Dashwood Sauvignon Blanc 2025,dailyshot,https://dailyshot.co/m/item/20593?item=231613,True,26000,KRW,26000
2026-10-06 23:31,3936ba9a-b62d-81ef-af94-f3c066281370,Laphroaig 1991 DeDr Whiskyland Chapter 23 700ml (48.3°),rudder,https://theultimatespirits.jp/products/laphroaig-ラフロイグ-1991-34年-whiskyland-chapter-23,True,186120.0,JPY,1590730
2026-10-06 23:31,3e76ba9a-b62d-81ef-baf9-d0fc65114acc,Dashwood Sauvignon Blanc 2025,dailyshot,https://dailyshot.co/m/item/20593?item=231613,True,26000,KRW,26000
2026-10-07 00:11,3936ba9a-b62d-81ef-af94-f3c066281370,Laphroaig 1991 DeDr Whiskyland Chapter 23 700ml (48.3°),rudder,https://theultimatespirits.jp/products/laphroaig-ラフロイグ-1991-34年-whiskyland-chapter-23,True,186120.0,JPY,1582802
2026-10-07 00:11,3e76ba9a-b62d-81ef-baf9-d0fc65114acc,Dashwood Sauvignon Blanc 2025,dailyshot,https://dailyshot.co/m/item/20593?item=231613,True,26000,KRW,26000
2026-10-07 02:11,3936ba9a-b62d-81ef-af94-f3c066281370,Laphroaig 1991 DeDr Whiskyland Chapter 23 700ml (48.3°),rudder,https://theultimatespirits.jp/products/laphroaig-ラフロイグ-1991-34年-whiskyland-chapter-23,True,186120.0,JPY,1582802
2026-10-07 02:11,3e76ba9a-b62d-81ef-baf9-d0fc65114acc,Dashwood Sauvignon Blanc 2025,dailyshot,https://dailyshot.co/m/item/20593?item=231613,True,26000,KRW,26000
2026-10-07 03:34,3936ba9a-b62d-81ef-af94-f3c066281370,Laphroaig 1991 DeDr Whiskyland Chapter 23 700ml (48.3°),rudder,https://theultimatespirits.jp/products/laphroaig-ラフロイグ-1991-34年-whiskyland-chapter-23,True,186120.0,JPY,1582802
2026-10-07 03:34,3e76ba9a-b62d-81ef-baf9-d0fc65114acc,Dashwood Sauvignon Blanc 2025,dailyshot,https://dailyshot.co/m/item/20593?item=231613,True,26000,KRW,26000
2026-10-07 04:11,3936ba9a-b62d-81ef-af94-f3c066281370,Laphroaig 1991 DeDr Whiskyland Chapter 23 700ml (48.3°),rudder,https://theultimatespirits.jp/products/laphroaig-ラフロイグ-1991-34年-whiskyland-chapter-23,True,186120.0,JPY,1582802
2026-10-07 04:11,3e76ba9a-b62d-81ef-baf9-d0fc65114acc,Dashwood Sauvignon Blanc 2025,dailyshot,https://dailyshot.co/m/item/20593?item=231613,True,26000,KRW,26000
2026-10-07 06:11,3936ba9a-b62d-81ef-af94-f3c066281370,Laphroaig 1991 DeDr Whiskyland Chapter 23 700ml (48.3°),rudder,https://theultimatespirits.jp/products/laphroaig-ラフロイグ-1991-34年-whiskyland-chapter-23,True,186120.0,JPY,1582802
2026-10-07 06:11,3e76ba9a-b62d-81ef-baf9-d0fc65114acc,Dashwood Sauvignon Blanc 2025,dailyshot,https://dailyshot.co/m/item/20593?item=231613,True,26000,KRW,26000
2026-10-07 07:46,3936ba9a-b62d-81ef-af94-f3c066281370,Laphroaig 1991 DeDr Whiskyland Chapter 23 700ml (48.3°),rudder,https://theultimatespirits.jp/products/laphroaig-ラフロイグ-1991-34年-whiskyland-chapter-23,True,186120.0,JPY,1582802
2026-10-07 07:46,3e76ba9a-b62d-81ef-baf9-d0fc65114acc,Dashwood Sauvignon Blanc 2025,dailyshot,https://dailyshot.co/m/item/20593?item=231613,True,26000,KRW,26000
2026-10-07 07:56,3936ba9a-b62d-81ef-af94-f3c066281370,Laphroaig 1991 DeDr Whiskyland Chapter 23 700ml (48.3°),rudder,https://theultimatespirits.jp/products/laphroaig-ラフロイグ-1991-34年-whiskyland-chapter-23,True,186120.0,JPY,1582802
2026-10-07 07:56,3e76ba9a-b62d-81ef-baf9-d0fc65114acc,Dashwood Sauvignon Blanc 2025,dailyshot,https://dailyshot.co/m/item/20593?item=231613,True,26000,KRW,26000
2026-10-07 08:01,3936ba9a-b62d-81ef-af94-f3c066281370,Laphroaig 1991 DeDr Whiskyland Chapter 23 700ml (48.3°),rudder,https://theultimatespirits.jp/products/laphroaig-ラフロイグ-1991-34年-whiskyland-chapter-23,True,186120.0,JPY,1582802
2026-10-07 08:01,3e76ba9a-b62d-81ef-baf9-d0fc65114acc,Dashwood Sauvignon Blanc 2025,dailyshot,https://dailyshot.co/m/item/20593?item=231613,True,26000,KRW,26000
2026-10-07 08:31,3936ba9a-b62d-81ef-af94-f3c066281370,Laphroaig 1991 DeDr Whiskyland Chapter 23 700ml (48.3°),rudder,https://theultimatespirits.jp/products/laphroaig-ラフロイグ-1991-34年-whiskyland-chapter-23,True,186120.0,JPY,1582802
2026-10-07 08:31,3e76ba9a-b62d-81ef-baf9-d0fc65114acc,Dashwood Sauvignon Blanc 2025,dailyshot,https://dailyshot.co/m/item/20593?item=231613,True,26000,KRW,26000
2026-10-07 09:01,3936ba9a-b62d-81ef-af94-f3c066281370,Laphroaig 1991 DeDr Whiskyland Chapter 23 700ml (48.3°),rudder,https://theultimatespirits.jp/products/laphroaig-ラフロイグ-1991-34年-whiskyland-chapter-23,True,186120.0,JPY,1582802
2026-10-07 09:01,3e76ba9a-b62d-81ef-baf9-d0fc65114acc,Dashwood Sauvignon Blanc 2025,dailyshot,https://dailyshot.co/m/item/20593?item=231613,True,26000,KRW,26000
2026-10-07 09:31,3936ba9a-b62d-81ef-af94-f3c066281370,Laphroaig 1991 DeDr Whiskyland Chapter 23 700ml (48.3°),rudder,https://theultimatespirits.jp/products/laphroaig-ラフロイグ-1991-34年-whiskyland-chapter-23,True,186120.0,JPY,1582802
2026-10-07 09:31,3e76ba9a-b62d-81ef-baf9-d0fc65114acc,Dashwood Sauvignon Blanc 2025,dailyshot,https://dailyshot.co/m/item/20593?item=231613,True,26000,KRW,26000
2026-10-07 10:01,3936ba9a-b62d-81ef-af94-f3c066281370,Laphroaig 1991 DeDr Whiskyland Chapter 23 700ml (48.3°),rudder,https://theultimatespirits.jp/products/laphroaig-ラフロイグ-1991-34年-whiskyland-chapter-23,True,186120.0,JPY,1582802
2026-10-07 10:01,3e76ba9a-b62d-81ef-baf9-d0fc65114acc,Dashwood Sauvignon Blanc 2025,dailyshot,https://dailyshot.co/m/item/20593?item=231613,True,26000,KRW,26000
2026-10-07 10:31,3936ba9a-b62d-81ef-af94-f3c066281370,Laphroaig 1991 DeDr Whiskyland Chapter 23 700ml (48.3°),rudder,https://theultimatespirits.jp/products/laphroaig-ラフロイグ-1991-34年-whiskyland-chapter-23,True,186120.0,JPY,1582802
2026-10-07 10:31,3e76ba9a-b62d-81ef-baf9-d0fc65114acc,Dashwood Sauvignon Blanc 2025,dailyshot,https://dailyshot.co/m/item/20593?item=231613,True,26000,KRW,26000
2026-10-07 11:01,3936ba9a-b62d-81ef-af94-f3c066281370,Laphroaig 1991 DeDr Whiskyland Chapter 23 700ml (48.3°),rudder,https://theultimatespirits.jp/products/laphroaig-ラフロイグ-1991-34年-whiskyland-chapter-23,True,186120.0,JPY,1582802
2026-10-07 11:01,3e76ba9a-b62d-81ef-baf9-d0fc65114acc,Dashwood Sauvignon Blanc 2025,dailyshot,https://dailyshot.co/m/item/20593?item=231613,True,26000,KRW,26000
2026-10-07 11:31,3936ba9a-b62d-81ef-af94-f3c066281370,Laphroaig 1991 DeDr Whiskyland Chapter 23 700ml (48.3°),rudder,https://theultimatespirits.jp/products/laphroaig-ラフロイグ-1991-34年-whiskyland-chapter-23,True,186120.0,JPY,1582802
2026-10-07 11:31,3e76ba9a-b62d-81ef-baf9-d0fc65114acc,Dashwood Sauvignon Blanc 2025,dailyshot,https://dailyshot.co/m/item/20593?item=231613,True,26000,KRW,26000
2026-10-07 12:01,3936ba9a-b62d-81ef-af94-f3c066281370,Laphroaig 1991 DeDr Whiskyland Chapter 23 700ml (48.3°),rudder,https://theultimatespirits.jp/products/laphroaig-ラフロイグ-1991-34年-whiskyland-chapter-23,True,186120.0,JPY,1582802
2026-10-07 12:01,3e76ba9a-b62d-81ef-baf9-d0fc65114acc,Dashwood Sauvignon Blanc 2025,dailyshot,https://dailyshot.co/m/item/20593?item=231613,True,26000,KRW,26000
2026-10-07 12:31,3936ba9a-b62d-81ef-af94-f3c066281370,Laphroaig 1991 DeDr Whiskyland Chapter 23 700ml (48.3°),rudder,https://theultimatespirits.jp/products/laphroaig-ラフロイグ-1991-34年-whiskyland-chapter-23,True,186120.0,JPY,1582802
2026-10-07 12:31,3e76ba9a-b62d-81ef-baf9-d0fc65114acc,Dashwood Sauvignon Blanc 2025,dailyshot,https://dailyshot.co/m/item/20593?item=231613,True,26000,KRW,26000
2026-10-07 13:01,3936ba9a-b62d-81ef-af94-f3c066281370,Laphroaig 1991 DeDr Whiskyland Chapter 23 700ml (48.3°),rudder,https://theultimatespirits.jp/products/laphroaig-ラフロイグ-1991-34年-whiskyland-chapter-23,True,186120.0,JPY,1582802
2026-10-07 13:01,3e76ba9a-b62d-81ef-baf9-d0fc65114acc,Dashwood Sauvignon Blanc 2025,dailyshot,https://dailyshot.co/m/item/20593?item=231613,True,26000,KRW,26000
2026-10-07 13:31,3936ba9a-b62d-81ef-af94-f3c066281370,Laphroaig 1991 DeDr Whiskyland Chapter 23 700ml (48.3°),rudder,https://theultimatespirits.jp/products/laphroaig-ラフロイグ-1991-34年-whiskyland-chapter-23,True,186120.0,JPY,1582802
2026-10-07 13:31,3e76ba9a-b62d-81ef-baf9-d0fc65114acc,Dashwood Sauvignon Blanc 2025,dailyshot,https://dailyshot.co/m/item/20593?item=231613,True,26000,KRW,26000
2026-10-07 14:01,3936ba9a-b62d-81ef-af94-f3c066281370,Laphroaig 1991 DeDr Whiskyland Chapter 23 700ml (48.3°),rudder,https://theultimatespirits.jp/products/laphroaig-ラフロイグ-1991-34年-whiskyland-chapter-23,True,186120.0,JPY,1582802
2026-10-07 14:01,3e76ba9a-b62d-81ef-baf9-d0fc65114acc,Dashwood Sauvignon Blanc 2025,dailyshot,https://dailyshot.co/m/item/20593?item=231613,True,26000,KRW,26000
2026-10-07 14:31,3936ba9a-b62d-81ef-af94-f3c066281370,Laphroaig 1991 DeDr Whiskyland Chapter 23 700ml (48.3°),rudder,https://theultimatespirits.jp/products/laphroaig-ラフロイグ-1991-34年-whiskyland-chapter-23,True,186120.0,JPY,1582802
2026-10-07 14:31,3e76ba9a-b62d-81ef-baf9-d0fc65114acc,Dashwood Sauvignon Blanc 2025,dailyshot,https://dailyshot.co/m/item/20593?item=231613,True,26000,KRW,26000
2026-10-07 15:01,3936ba9a-b62d-81ef-af94-f3c066281370,Laphroaig 1991 DeDr Whiskyland Chapter 23 700ml (48.3°),rudder,https://theultimatespirits.jp/products/laphroaig-ラフロイグ-1991-34年-whiskyland-chapter-23,True,186120.0,JPY,1582802
2026-10-07 15:01,3e76ba9a-b62d-81ef-baf9-d0fc65114acc,Dashwood Sauvignon Blanc 2025,dailyshot,https://dailyshot.co/m/item/20593?item=231613,True,26000,KRW,26000
2026-10-07 15:23,3936ba9a-b62d-81ef-af94-f3c066281370,Laphroaig 1991 DeDr Whiskyland Chapter 23 700ml (48.3°),rudder,https://theultimatespirits.jp/products/laphroaig-ラフロイグ-1991-34年-whiskyland-chapter-23,True,186120.0,JPY,1582802
2026-10-07 15:23,3e76ba9a-b62d-81ef-baf9-d0fc65114acc,Dashwood Sauvignon Blanc 2025,dailyshot,https://dailyshot.co/m/item/20593?item=231613,True,26000,KRW,26000
2026-10-07 15:31,3936ba9a-b62d-81ef-af94-f3c066281370,Laphroaig 1991 DeDr Whiskyland Chapter 23 700ml (48.3°),rudder,https://theultimatespirits.jp/products/laphroaig-ラフロイグ-1991-34年-whiskyland-chapter-23,True,186120.0,JPY,1582802
2026-10-07 15:31,3e76ba9a-b62d-81ef-baf9-d0fc65114acc,Dashwood Sauvignon Blanc 2025,dailyshot,https://dailyshot.co/m/item/20593?item=231613,True,26000,KRW,26000
2026-10-07 16:01,3936ba9a-b62d-81ef-af94-f3c066281370,Laphroaig 1991 DeDr Whiskyland Chapter 23 700ml (48.3°),rudder,https://theultimatespirits.jp/products/laphroaig-ラフロイグ-1991-34年-whiskyland-chapter-23,True,186120.0,JPY,1582802
2026-10-07 16:01,3e76ba9a-b62d-81ef-baf9-d0fc65114acc,Dashwood Sauvignon Blanc 2025,dailyshot,https://dailyshot.co/m/item/20593?item=231613,True,26000,KRW,26000
2026-10-07 16:08,3936ba9a-b62d-81ef-af94-f3c066281370,Laphroaig 1991 DeDr Whiskyland Chapter 23 700ml (48.3°),rudder,https://theultimatespirits.jp/products/laphroaig-ラフロイグ-1991-34年-whiskyland-chapter-23,True,186120.0,JPY,1582802
2026-10-07 16:08,3e76ba9a-b62d-81ef-baf9-d0fc65114acc,Dashwood Sauvignon Blanc 2025,dailyshot,https://dailyshot.co/m/item/20593?item=231613,True,26000,KRW,26000
2026-10-07 16:32,3936ba9a-b62d-81ef-af94-f3c066281370,Laphroaig 1991 DeDr Whiskyland Chapter 23 700ml (48.3°),rudder,https://theultimatespirits.jp/products/laphroaig-ラフロイグ-1991-34年-whiskyland-chapter-23,True,186120.0,JPY,1582802
2026-10-07 16:32,3e76ba9a-b62d-81ef-baf9-d0fc65114acc,Dashwood Sauvignon Blanc 2025,dailyshot,https://dailyshot.co/m/item/20593?item=231613,True,26000,KRW,26000
2026-10-07 16:42,3936ba9a-b62d-81ef-af94-f3c066281370,Laphroaig 1991 DeDr Whiskyland Chapter 23 700ml (48.3°),rudder,https://theultimatespirits.jp/products/laphroaig-ラフロイグ-1991-34年-whiskyland-chapter-23,True,186120.0,JPY,1582802
2026-10-07 16:42,3e76ba9a-b62d-81ef-baf9-d0fc65114acc,Dashwood Sauvignon Blanc 2025,dailyshot,https://dailyshot.co/m/item/20593?item=231613,True,26000,KRW,26000
2026-10-07 16:51,3936ba9a-b62d-81ef-af94-f3c066281370,Laphroaig 1991 DeDr Whiskyland Chapter 23 700ml (48.3°),rudder,https://theultimatespirits.jp/products/laphroaig-ラフロイグ-1991-34年-whiskyland-chapter-23,True,186120.0,JPY,1582802
2026-10-07 16:51,3e76ba9a-b62d-81ef-baf9-d0fc65114acc,Dashwood Sauvignon Blanc 2025,dailyshot,https://dailyshot.co/m/item/20593?item=231613,True,26000,KRW,26000
2026-10-07 17:02,3936ba9a-b62d-81ef-af94-f3c066281370,Laphroaig 1991 DeDr Whiskyland Chapter 23 700ml (48.3°),rudder,https://theultimatespirits.jp/products/laphroaig-ラフロイグ-1991-34年-whiskyland-chapter-23,True,186120.0,JPY,1582802
2026-10-07 17:02,3e76ba9a-b62d-81ef-baf9-d0fc65114acc,Dashwood Sauvignon Blanc 2025,dailyshot,https://dailyshot.co/m/item/20593?item=231613,True,26000,KRW,26000
2026-10-07 17:12,3936ba9a-b62d-81ef-af94-f3c066281370,Laphroaig 1991 DeDr Whiskyland Chapter 23 700ml (48.3°),rudder,https://theultimatespirits.jp/products/laphroaig-ラフロイグ-1991-34年-whiskyland-chapter-23,True,186120.0,JPY,1582802
2026-10-07 17:12,3e76ba9a-b62d-81ef-baf9-d0fc65114acc,Dashwood Sauvignon Blanc 2025,dailyshot,https://dailyshot.co/m/item/20593?item=231613,True,26000,KRW,26000
2026-10-07 17:22,3936ba9a-b62d-81ef-af94-f3c066281370,Laphroaig 1991 DeDr Whiskyland Chapter 23 700ml (48.3°),rudder,https://theultimatespirits.jp/products/laphroaig-ラフロイグ-1991-34年-whiskyland-chapter-23,True,186120.0,JPY,1582802
2026-10-07 17:22,3e76ba9a-b62d-81ef-baf9-d0fc65114acc,Dashwood Sauvignon Blanc 2025,dailyshot,https://dailyshot.co/m/item/20593?item=231613,True,26000,KRW,26000
2026-10-07 17:32,3936ba9a-b62d-81ef-af94-f3c066281370,Laphroaig 1991 DeDr Whiskyland Chapter 23 700ml (48.3°),rudder,https://theultimatespirits.jp/products/laphroaig-ラフロイグ-1991-34年-whiskyland-chapter-23,True,186120.0,JPY,1582802
2026-10-07 17:32,3e76ba9a-b62d-81ef-baf9-d0fc65114acc,Dashwood Sauvignon Blanc 2025,dailyshot,https://dailyshot.co/m/item/20593?item=231613,True,26000,KRW,26000
2026-10-07 17:42,3936ba9a-b62d-81ef-af94-f3c066281370,Laphroaig 1991 DeDr Whiskyland Chapter 23 700ml (48.3°),rudder,https://theultimatespirits.jp/products/laphroaig-ラフロイグ-1991-34年-whiskyland-chapter-23,True,186120.0,JPY,1582802
2026-10-07 17:42,3e76ba9a-b62d-81ef-baf9-d0fc65114acc,Dashwood Sauvignon Blanc 2025,dailyshot,https://dailyshot.co/m/item/20593?item=231613,True,26000,KRW,26000
2026-10-07 17:52,3936ba9a-b62d-81ef-af94-f3c066281370,Laphroaig 1991 DeDr Whiskyland Chapter 23 700ml (48.3°),rudder,https://theultimatespirits.jp/products/laphroaig-ラフロイグ-1991-34年-whiskyland-chapter-23,True,186120.0,JPY,1582802
2026-10-07 17:52,3e76ba9a-b62d-81ef-baf9-d0fc65114acc,Dashwood Sauvignon Blanc 2025,dailyshot,https://dailyshot.co/m/item/20593?item=231613,True,26000,KRW,26000
2026-10-07 18:02,3936ba9a-b62d-81ef-af94-f3c066281370,Laphroaig 1991 DeDr Whiskyland Chapter 23 700ml (48.3°),rudder,https://theultimatespirits.jp/products/laphroaig-ラフロイグ-1991-34年-whiskyland-chapter-23,True,186120.0,JPY,1582802
2026-10-07 18:02,3e76ba9a-b62d-81ef-baf9-d0fc65114acc,Dashwood Sauvignon Blanc 2025,dailyshot,https://dailyshot.co/m/item/20593?item=231613,True,26000,KRW,26000
2026-10-07 18:12,3936ba9a-b62d-81ef-af94-f3c066281370,Laphroaig 1991 DeDr Whiskyland Chapter 23 700ml (48.3°),rudder,https://theultimatespirits.jp/products/laphroaig-ラフロイグ-1991-34年-whiskyland-chapter-23,True,186120.0,JPY,1582802
2026-10-07 18:12,3e76ba9a-b62d-81ef-baf9-d0fc65114acc,Dashwood Sauvignon Blanc 2025,dailyshot,https://dailyshot.co/m/item/20593?item=231613,True,26000,KRW,26000
2026-10-07 18:22,3936ba9a-b62d-81ef-af94-f3c066281370,Laphroaig 1991 DeDr Whiskyland Chapter 23 700ml (48.3°),rudder,https://theultimatespirits.jp/products/laphroaig-ラフロイグ-1991-34年-whiskyland-chapter-23,True,186120.0,JPY,1582802
2026-10-07 18:22,3e76ba9a-b62d-81ef-baf9-d0fc65114acc,Dashwood Sauvignon Blanc 2025,dailyshot,https://dailyshot.co/m/item/20593?item=231613,True,26000,KRW,26000
2026-10-07 18:32,3936ba9a-b62d-81ef-af94-f3c066281370,Laphroaig 1991 DeDr Whiskyland Chapter 23 700ml (48.3°),rudder,https://theultimatespirits.jp/products/laphroaig-ラフロイグ-1991-34年-whiskyland-chapter-23,True,186120.0,JPY,1582802
2026-10-07 18:32,3e76ba9a-b62d-81ef-baf9-d0fc65114acc,Dashwood Sauvignon Blanc 2025,dailyshot,https://dailyshot.co/m/item/20593?item=231613,True,26000,KRW,26000
2026-10-07 18:58,3936ba9a-b62d-81ef-af94-f3c066281370,Laphroaig 1991 DeDr Whiskyland Chapter 23 700ml (48.3°),rudder,https://theultimatespirits.jp/products/laphroaig-ラフロイグ-1991-34年-whiskyland-chapter-23,True,186120.0,JPY,1582802
2026-10-07 18:58,3e76ba9a-b62d-81ef-baf9-d0fc65114acc,Dashwood Sauvignon Blanc 2025,dailyshot,https://dailyshot.co/m/item/20593?item=231613,True,26000,KRW,26000
2026-10-07 19:02,3936ba9a-b62d-81ef-af94-f3c066281370,Laphroaig 1991 DeDr Whiskyland Chapter 23 700ml (48.3°),rudder,https://theultimatespirits.jp/products/laphroaig-ラフロイグ-1991-34年-whiskyland-chapter-23,True,186120.0,JPY,1582802
2026-10-07 19:02,3e76ba9a-b62d-81ef-baf9-d0fc65114acc,Dashwood Sauvignon Blanc 2025,dailyshot,https://dailyshot.co/m/item/20593?item=231613,True,26000,KRW,26000
2026-10-07 19:32,3936ba9a-b62d-81ef-af94-f3c066281370,Laphroaig 1991 DeDr Whiskyland Chapter 23 700ml (48.3°),rudder,https://theultimatespirits.jp/products/laphroaig-ラフロイグ-1991-34年-whiskyland-chapter-23,True,186120.0,JPY,1582802
2026-10-07 19:32,3e76ba9a-b62d-81ef-baf9-d0fc65114acc,Dashwood Sauvignon Blanc 2025,dailyshot,https://dailyshot.co/m/item/20593?item=231613,True,26000,KRW,26000
2026-10-07 20:02,3936ba9a-b62d-81ef-af94-f3c066281370,Laphroaig 1991 DeDr Whiskyland Chapter 23 700ml (48.3°),rudder,https://theultimatespirits.jp/products/laphroaig-ラフロイグ-1991-34年-whiskyland-chapter-23,True,186120.0,JPY,1582802
2026-10-07 20:02,3e76ba9a-b62d-81ef-baf9-d0fc65114acc,Dashwood Sauvignon Blanc 2025,dailyshot,https://dailyshot.co/m/item/20593?item=231613,True,26000,KRW,26000
2026-10-07 20:32,3936ba9a-b62d-81ef-af94-f3c066281370,Laphroaig 1991 DeDr Whiskyland Chapter 23 700ml (48.3°),rudder,https://theultimatespirits.jp/products/laphroaig-ラフロイグ-1991-34年-whiskyland-chapter-23,True,186120.0,JPY,1582802
2026-10-07 20:32,3e76ba9a-b62d-81ef-baf9-d0fc65114acc,Dashwood Sauvignon Blanc 2025,dailyshot,https://dailyshot.co/m/item/20593?item=231613,True,26000,KRW,26000
2026-10-07 21:02,3936ba9a-b62d-81ef-af94-f3c066281370,Laphroaig 1991 DeDr Whiskyland Chapter 23 700ml (48.3°),rudder,https://theultimatespirits.jp/products/laphroaig-ラフロイグ-1991-34年-whiskyland-chapter-23,True,186120.0,JPY,1582802
2026-10-07 21:02,3e76ba9a-b62d-81ef-baf9-d0fc65114acc,Dashwood Sauvignon Blanc 2025,dailyshot,https://dailyshot.co/m/item/20593?item=231613,True,26000,KRW,26000
2026-10-07 21:32,3936ba9a-b62d-81ef-af94-f3c066281370,Laphroaig 1991 DeDr Whiskyland Chapter 23 700ml (48.3°),rudder,https://theultimatespirits.jp/products/laphroaig-ラフロイグ-1991-34年-whiskyland-chapter-23,True,186120.0,JPY,1582802
2026-10-07 21:32,3e76ba9a-b62d-81ef-baf9-d0fc65114acc,Dashwood Sauvignon Blanc 2025,dailyshot,https://dailyshot.co/m/item/20593?item=231613,True,26000,KRW,26000
2026-10-07 22:02,3936ba9a-b62d-81ef-af94-f3c066281370,Laphroaig 1991 DeDr Whiskyland Chapter 23 700ml (48.3°),rudder,https://theultimatespirits.jp/products/laphroaig-ラフロイグ-1991-34年-whiskyland-chapter-23,True,186120.0,JPY,1582802
2026-10-07 22:02,3e76ba9a-b62d-81ef-baf9-d0fc65114acc,Dashwood Sauvignon Blanc 2025,dailyshot,https://dailyshot.co/m/item/20593?item=231613,True,26000,KRW,26000
2026-10-07 22:32,3936ba9a-b62d-81ef-af94-f3c066281370,Laphroaig 1991 DeDr Whiskyland Chapter 23 700ml (48.3°),rudder,https://theultimatespirits.jp/products/laphroaig-ラフロイグ-1991-34年-whiskyland-chapter-23,True,186120.0,JPY,1582802
2026-10-07 22:32,3e76ba9a-b62d-81ef-baf9-d0fc65114acc,Dashwood Sauvignon Blanc 2025,dailyshot,https://dailyshot.co/m/item/20593?item=231613,True,26000,KRW,26000
2026-10-07 22:50,3936ba9a-b62d-81ef-af94-f3c066281370,Laphroaig 1991 DeDr Whiskyland Chapter 23 700ml (48.3°),rudder,https://theultimatespirits.jp/products/laphroaig-ラフロイグ-1991-34年-whiskyland-chapter-23,True,186120.0,JPY,1582802
2026-10-07 22:50,3e76ba9a-b62d-81ef-baf9-d0fc65114acc,Dashwood Sauvignon Blanc 2025,dailyshot,https://dailyshot.co/m/item/20593?item=231613,True,26000,KRW,26000
2026-10-07 23:02,3936ba9a-b62d-81ef-af94-f3c066281370,Laphroaig 1991 DeDr Whiskyland Chapter 23 700ml (48.3°),rudder,https://theultimatespirits.jp/products/laphroaig-ラフロイグ-1991-34年-whiskyland-chapter-23,True,186120.0,JPY,1582802
2026-10-07 23:02,3e76ba9a-b62d-81ef-baf9-d0fc65114acc,Dashwood Sauvignon Blanc 2025,dailyshot,https://dailyshot.co/m/item/20593?item=231613,True,26000,KRW,26000
2026-10-07 23:32,3936ba9a-b62d-81ef-af94-f3c066281370,Laphroaig 1991 DeDr Whiskyland Chapter 23 700ml (48.3°),rudder,https://theultimatespirits.jp/products/laphroaig-ラフロイグ-1991-34年-whiskyland-chapter-23,True,186120.0,JPY,1582802
2026-10-07 23:32,3e76ba9a-b62d-81ef-baf9-d0fc65114acc,Dashwood Sauvignon Blanc 2025,dailyshot,https://dailyshot.co/m/item/20593?item=231613,True,26000,KRW,26000
2026-10-08 01:38,3936ba9a-b62d-81ef-af94-f3c066281370,Laphroaig 1991 DeDr Whiskyland Chapter 23 700ml (48.3°),rudder,https://theultimatespirits.jp/products/laphroaig-ラフロイグ-1991-34年-whiskyland-chapter-23,True,186120.0,JPY,1578018
2026-10-08 01:38,3e76ba9a-b62d-81ef-baf9-d0fc65114acc,Dashwood Sauvignon Blanc 2025,dailyshot,https://dailyshot.co/m/item/20593?item=231613,True,26000,KRW,26000
2026-10-08 02:11,3936ba9a-b62d-81ef-af94-f3c066281370,Laphroaig 1991 DeDr Whiskyland Chapter 23 700ml (48.3°),rudder,https://theultimatespirits.jp/products/laphroaig-ラフロイグ-1991-34年-whiskyland-chapter-23,True,186120.0,JPY,1578018
2026-10-08 02:11,3e76ba9a-b62d-81ef-baf9-d0fc65114acc,Dashwood Sauvignon Blanc 2025,dailyshot,https://dailyshot.co/m/item/20593?item=231613,True,26000,KRW,26000
2026-10-08 04:12,3936ba9a-b62d-81ef-af94-f3c066281370,Laphroaig 1991 DeDr Whiskyland Chapter 23 700ml (48.3°),rudder,https://theultimatespirits.jp/products/laphroaig-ラフロイグ-1991-34年-whiskyland-chapter-23,True,186120.0,JPY,1578018
2026-10-08 04:12,3e76ba9a-b62d-81ef-baf9-d0fc65114acc,Dashwood Sauvignon Blanc 2025,dailyshot,https://dailyshot.co/m/item/20593?item=231613,True,26000,KRW,26000
2026-10-08 06:12,3936ba9a-b62d-81ef-af94-f3c066281370,Laphroaig 1991 DeDr Whiskyland Chapter 23 700ml (48.3°),rudder,https://theultimatespirits.jp/products/laphroaig-ラフロイグ-1991-34年-whiskyland-chapter-23,True,186120.0,JPY,1578018
2026-10-08 06:12,3e76ba9a-b62d-81ef-baf9-d0fc65114acc,Dashwood Sauvignon Blanc 2025,dailyshot,https://dailyshot.co/m/item/20593?item=231613,True,26000,KRW,26000
2026-10-08 07:58,3936ba9a-b62d-81ef-af94-f3c066281370,Laphroaig 1991 DeDr Whiskyland Chapter 23 700ml (48.3°),rudder,https://theultimatespirits.jp/products/laphroaig-ラフロイグ-1991-34年-whiskyland-chapter-23,True,186120.0,JPY,1578018
2026-10-08 07:58,3e76ba9a-b62d-81ef-baf9-d0fc65114acc,Dashwood Sauvignon Blanc 2025,dailyshot,https://dailyshot.co/m/item/20593?item=231613,True,26000,KRW,26000
2026-10-08 08:02,3936ba9a-b62d-81ef-af94-f3c066281370,Laphroaig 1991 DeDr Whiskyland Chapter 23 700ml (48.3°),rudder,https://theultimatespirits.jp/products/laphroaig-ラフロイグ-1991-34年-whiskyland-chapter-23,True,186120.0,JPY,1578018
2026-10-08 08:02,3e76ba9a-b62d-81ef-baf9-d0fc65114acc,Dashwood Sauvignon Blanc 2025,dailyshot,https://dailyshot.co/m/item/20593?item=231613,True,26000,KRW,26000
2026-10-08 08:18,3936ba9a-b62d-81ef-af94-f3c066281370,Laphroaig 1991 DeDr Whiskyland Chapter 23 700ml (48.3°),rudder,https://theultimatespirits.jp/products/laphroaig-ラフロイグ-1991-34年-whiskyland-chapter-23,True,186120.0,JPY,1578018
2026-10-08 08:18,3e76ba9a-b62d-81ef-baf9-d0fc65114acc,Dashwood Sauvignon Blanc 2025,dailyshot,https://dailyshot.co/m/item/20593?item=231613,True,26000,KRW,26000
2026-10-08 08:32,3936ba9a-b62d-81ef-af94-f3c066281370,Laphroaig 1991 DeDr Whiskyland Chapter 23 700ml (48.3°),rudder,https://theultimatespirits.jp/products/laphroaig-ラフロイグ-1991-34年-whiskyland-chapter-23,True,186120.0,JPY,1578018
2026-10-08 08:32,3e76ba9a-b62d-81ef-baf9-d0fc65114acc,Dashwood Sauvignon Blanc 2025,dailyshot,https://dailyshot.co/m/item/20593?item=231613,True,26000,KRW,26000
2026-10-08 09:02,3936ba9a-b62d-81ef-af94-f3c066281370,Laphroaig 1991 DeDr Whiskyland Chapter 23 700ml (48.3°),rudder,https://theultimatespirits.jp/products/laphroaig-ラフロイグ-1991-34年-whiskyland-chapter-23,True,186120.0,JPY,1578018
2026-10-08 09:02,3e76ba9a-b62d-81ef-baf9-d0fc65114acc,Dashwood Sauvignon Blanc 2025,dailyshot,https://dailyshot.co/m/item/20593?item=231613,True,26000,KRW,26000
2026-10-08 09:32,3936ba9a-b62d-81ef-af94-f3c066281370,Laphroaig 1991 DeDr Whiskyland Chapter 23 700ml (48.3°),rudder,https://theultimatespirits.jp/products/laphroaig-ラフロイグ-1991-34年-whiskyland-chapter-23,True,186120.0,JPY,1578018
2026-10-08 09:32,3e76ba9a-b62d-81ef-baf9-d0fc65114acc,Dashwood Sauvignon Blanc 2025,dailyshot,https://dailyshot.co/m/item/20593?item=231613,True,26000,KRW,26000
2026-10-08 10:02,3936ba9a-b62d-81ef-af94-f3c066281370,Laphroaig 1991 DeDr Whiskyland Chapter 23 700ml (48.3°),rudder,https://theultimatespirits.jp/products/laphroaig-ラフロイグ-1991-34年-whiskyland-chapter-23,True,186120.0,JPY,1578018
2026-10-08 10:02,3e76ba9a-b62d-81ef-baf9-d0fc65114acc,Dashwood Sauvignon Blanc 2025,dailyshot,https://dailyshot.co/m/item/20593?item=231613,True,26000,KRW,26000
2026-10-08 10:32,3936ba9a-b62d-81ef-af94-f3c066281370,Laphroaig 1991 DeDr Whiskyland Chapter 23 700ml (48.3°),rudder,https://theultimatespirits.jp/products/laphroaig-ラフロイグ-1991-34年-whiskyland-chapter-23,True,186120.0,JPY,1578018
2026-10-08 10:32,3e76ba9a-b62d-81ef-baf9-d0fc65114acc,Dashwood Sauvignon Blanc 2025,dailyshot,https://dailyshot.co/m/item/20593?item=231613,True,26000,KRW,26000
2026-10-08 11:02,3936ba9a-b62d-81ef-af94-f3c066281370,Laphroaig 1991 DeDr Whiskyland Chapter 23 700ml (48.3°),rudder,https://theultimatespirits.jp/products/laphroaig-ラフロイグ-1991-34年-whiskyland-chapter-23,True,186120.0,JPY,1578018
2026-10-08 11:02,3e76ba9a-b62d-81ef-baf9-d0fc65114acc,Dashwood Sauvignon Blanc 2025,dailyshot,https://dailyshot.co/m/item/20593?item=231613,True,26000,KRW,26000
2026-10-08 11:31,3936ba9a-b62d-81ef-af94-f3c066281370,Laphroaig 1991 DeDr Whiskyland Chapter 23 700ml (48.3°),rudder,https://theultimatespirits.jp/products/laphroaig-ラフロイグ-1991-34年-whiskyland-chapter-23,True,186120.0,JPY,1578018
2026-10-08 11:31,3e76ba9a-b62d-81ef-baf9-d0fc65114acc,Dashwood Sauvignon Blanc 2025,dailyshot,https://dailyshot.co/m/item/20593?item=231613,True,26000,KRW,26000
2026-10-08 14:13,3936ba9a-b62d-81ef-af94-f3c066281370,Laphroaig 1991 DeDr Whiskyland Chapter 23 700ml (48.3°),rudder,https://theultimatespirits.jp/products/laphroaig-ラフロイグ-1991-34年-whiskyland-chapter-23,True,186120.0,JPY,1578018
2026-10-08 14:13,3e76ba9a-b62d-81ef-baf9-d0fc65114acc,Dashwood Sauvignon Blanc 2025,dailyshot,https://dailyshot.co/m/item/20593?item=231613,True,26000,KRW,26000
2026-10-08 14:32,3936ba9a-b62d-81ef-af94-f3c066281370,Laphroaig 1991 DeDr Whiskyland Chapter 23 700ml (48.3°),rudder,https://theultimatespirits.jp/products/laphroaig-ラフロイグ-1991-34年-whiskyland-chapter-23,True,186120.0,JPY,1578018
2026-10-08 14:32,3e76ba9a-b62d-81ef-baf9-d0fc65114acc,Dashwood Sauvignon Blanc 2025,dailyshot,https://dailyshot.co/m/item/20593?item=231613,True,26000,KRW,26000
2026-10-08 15:02,3936ba9a-b62d-81ef-af94-f3c066281370,Laphroaig 1991 DeDr Whiskyland Chapter 23 700ml (48.3°),rudder,https://theultimatespirits.jp/products/laphroaig-ラフロイグ-1991-34年-whiskyland-chapter-23,True,186120.0,JPY,1578018
2026-10-08 15:02,3e76ba9a-b62d-81ef-baf9-d0fc65114acc,Dashwood Sauvignon Blanc 2025,dailyshot,https://dailyshot.co/m/item/20593?item=231613,True,26000,KRW,26000
2026-10-08 15:32,3936ba9a-b62d-81ef-af94-f3c066281370,Laphroaig 1991 DeDr Whiskyland Chapter 23 700ml (48.3°),rudder,https://theultimatespirits.jp/products/laphroaig-ラフロイグ-1991-34年-whiskyland-chapter-23,True,186120.0,JPY,1578018
2026-10-08 15:32,3e76ba9a-b62d-81ef-baf9-d0fc65114acc,Dashwood Sauvignon Blanc 2025,dailyshot,https://dailyshot.co/m/item/20593?item=231613,True,26000,KRW,26000
2026-10-08 16:02,3936ba9a-b62d-81ef-af94-f3c066281370,Laphroaig 1991 DeDr Whiskyland Chapter 23 700ml (48.3°),rudder,https://theultimatespirits.jp/products/laphroaig-ラフロイグ-1991-34年-whiskyland-chapter-23,True,186120.0,JPY,1578018
2026-10-08 16:02,3e76ba9a-b62d-81ef-baf9-d0fc65114acc,Dashwood Sauvignon Blanc 2025,dailyshot,https://dailyshot.co/m/item/20593?item=231613,True,26000,KRW,26000
2026-10-08 16:32,3936ba9a-b62d-81ef-af94-f3c066281370,Laphroaig 1991 DeDr Whiskyland Chapter 23 700ml (48.3°),rudder,https://theultimatespirits.jp/products/laphroaig-ラフロイグ-1991-34年-whiskyland-chapter-23,True,186120.0,JPY,1578018
2026-10-08 16:32,3e76ba9a-b62d-81ef-baf9-d0fc65114acc,Dashwood Sauvignon Blanc 2025,dailyshot,https://dailyshot.co/m/item/20593?item=231613,True,26000,KRW,26000
2026-10-08 16:42,3936ba9a-b62d-81ef-af94-f3c066281370,Laphroaig 1991 DeDr Whiskyland Chapter 23 700ml (48.3°),rudder,https://theultimatespirits.jp/products/laphroaig-ラフロイグ-1991-34年-whiskyland-chapter-23,True,186120.0,JPY,1578018
2026-10-08 16:42,3e76ba9a-b62d-81ef-baf9-d0fc65114acc,Dashwood Sauvignon Blanc 2025,dailyshot,https://dailyshot.co/m/item/20593?item=231613,True,26000,KRW,26000
2026-10-08 16:52,3936ba9a-b62d-81ef-af94-f3c066281370,Laphroaig 1991 DeDr Whiskyland Chapter 23 700ml (48.3°),rudder,https://theultimatespirits.jp/products/laphroaig-ラフロイグ-1991-34年-whiskyland-chapter-23,True,186120.0,JPY,1578018
2026-10-08 16:52,3e76ba9a-b62d-81ef-baf9-d0fc65114acc,Dashwood Sauvignon Blanc 2025,dailyshot,https://dailyshot.co/m/item/20593?item=231613,True,26000,KRW,26000
2026-10-08 17:02,3936ba9a-b62d-81ef-af94-f3c066281370,Laphroaig 1991 DeDr Whiskyland Chapter 23 700ml (48.3°),rudder,https://theultimatespirits.jp/products/laphroaig-ラフロイグ-1991-34年-whiskyland-chapter-23,True,186120.0,JPY,1578018
2026-10-08 17:02,3e76ba9a-b62d-81ef-baf9-d0fc65114acc,Dashwood Sauvignon Blanc 2025,dailyshot,https://dailyshot.co/m/item/20593?item=231613,True,26000,KRW,26000
2026-10-08 17:12,3936ba9a-b62d-81ef-af94-f3c066281370,Laphroaig 1991 DeDr Whiskyland Chapter 23 700ml (48.3°),rudder,https://theultimatespirits.jp/products/laphroaig-ラフロイグ-1991-34年-whiskyland-chapter-23,True,186120.0,JPY,1578018
2026-10-08 17:12,3e76ba9a-b62d-81ef-baf9-d0fc65114acc,Dashwood Sauvignon Blanc 2025,dailyshot,https://dailyshot.co/m/item/20593?item=231613,True,26000,KRW,26000
2026-10-08 17:22,3936ba9a-b62d-81ef-af94-f3c066281370,Laphroaig 1991 DeDr Whiskyland Chapter 23 700ml (48.3°),rudder,https://theultimatespirits.jp/products/laphroaig-ラフロイグ-1991-34年-whiskyland-chapter-23,True,186120.0,JPY,1578018
2026-10-08 17:22,3e76ba9a-b62d-81ef-baf9-d0fc65114acc,Dashwood Sauvignon Blanc 2025,dailyshot,https://dailyshot.co/m/item/20593?item=231613,True,26000,KRW,26000
2026-10-08 17:32,3936ba9a-b62d-81ef-af94-f3c066281370,Laphroaig 1991 DeDr Whiskyland Chapter 23 700ml (48.3°),rudder,https://theultimatespirits.jp/products/laphroaig-ラフロイグ-1991-34年-whiskyland-chapter-23,True,186120.0,JPY,1578018
2026-10-08 17:32,3e76ba9a-b62d-81ef-baf9-d0fc65114acc,Dashwood Sauvignon Blanc 2025,dailyshot,https://dailyshot.co/m/item/20593?item=231613,True,26000,KRW,26000
2026-10-08 17:42,3936ba9a-b62d-81ef-af94-f3c066281370,Laphroaig 1991 DeDr Whiskyland Chapter 23 700ml (48.3°),rudder,https://theultimatespirits.jp/products/laphroaig-ラフロイグ-1991-34年-whiskyland-chapter-23,True,186120.0,JPY,1578018
2026-10-08 17:42,3e76ba9a-b62d-81ef-baf9-d0fc65114acc,Dashwood Sauvignon Blanc 2025,dailyshot,https://dailyshot.co/m/item/20593?item=231613,True,26000,KRW,26000
2026-10-08 17:52,3936ba9a-b62d-81ef-af94-f3c066281370,Laphroaig 1991 DeDr Whiskyland Chapter 23 700ml (48.3°),rudder,https://theultimatespirits.jp/products/laphroaig-ラフロイグ-1991-34年-whiskyland-chapter-23,True,186120.0,JPY,1578018
2026-10-08 17:52,3e76ba9a-b62d-81ef-baf9-d0fc65114acc,Dashwood Sauvignon Blanc 2025,dailyshot,https://dailyshot.co/m/item/20593?item=231613,True,26000,KRW,26000
2026-10-08 18:02,3936ba9a-b62d-81ef-af94-f3c066281370,Laphroaig 1991 DeDr Whiskyland Chapter 23 700ml (48.3°),rudder,https://theultimatespirits.jp/products/laphroaig-ラフロイグ-1991-34年-whiskyland-chapter-23,True,186120.0,JPY,1578018
2026-10-08 18:02,3e76ba9a-b62d-81ef-baf9-d0fc65114acc,Dashwood Sauvignon Blanc 2025,dailyshot,https://dailyshot.co/m/item/20593?item=231613,True,26000,KRW,26000
2026-10-08 18:12,3936ba9a-b62d-81ef-af94-f3c066281370,Laphroaig 1991 DeDr Whiskyland Chapter 23 700ml (48.3°),rudder,https://theultimatespirits.jp/products/laphroaig-ラフロイグ-1991-34年-whiskyland-chapter-23,True,186120.0,JPY,1578018
2026-10-08 18:12,3e76ba9a-b62d-81ef-baf9-d0fc65114acc,Dashwood Sauvignon Blanc 2025,dailyshot,https://dailyshot.co/m/item/20593?item=231613,True,26000,KRW,26000
2026-10-08 18:21,3936ba9a-b62d-81ef-af94-f3c066281370,Laphroaig 1991 DeDr Whiskyland Chapter 23 700ml (48.3°),rudder,https://theultimatespirits.jp/products/laphroaig-ラフロイグ-1991-34年-whiskyland-chapter-23,True,186120.0,JPY,1578018
2026-10-08 18:21,3e76ba9a-b62d-81ef-baf9-d0fc65114acc,Dashwood Sauvignon Blanc 2025,dailyshot,https://dailyshot.co/m/item/20593?item=231613,True,26000,KRW,26000
2026-10-08 18:32,3936ba9a-b62d-81ef-af94-f3c066281370,Laphroaig 1991 DeDr Whiskyland Chapter 23 700ml (48.3°),rudder,https://theultimatespirits.jp/products/laphroaig-ラフロイグ-1991-34年-whiskyland-chapter-23,True,186120.0,JPY,1578018
2026-10-08 18:32,3e76ba9a-b62d-81ef-baf9-d0fc65114acc,Dashwood Sauvignon Blanc 2025,dailyshot,https://dailyshot.co/m/item/20593?item=231613,True,26000,KRW,26000
2026-10-08 18:58,3936ba9a-b62d-81ef-af94-f3c066281370,Laphroaig 1991 DeDr Whiskyland Chapter 23 700ml (48.3°),rudder,https://theultimatespirits.jp/products/laphroaig-ラフロイグ-1991-34年-whiskyland-chapter-23,True,186120.0,JPY,1578018
2026-10-08 18:58,3e76ba9a-b62d-81ef-baf9-d0fc65114acc,Dashwood Sauvignon Blanc 2025,dailyshot,https://dailyshot.co/m/item/20593?item=231613,True,26000,KRW,26000
2026-10-08 19:02,3936ba9a-b62d-81ef-af94-f3c066281370,Laphroaig 1991 DeDr Whiskyland Chapter 23 700ml (48.3°),rudder,https://theultimatespirits.jp/products/laphroaig-ラフロイグ-1991-34年-whiskyland-chapter-23,True,186120.0,JPY,1578018
2026-10-08 19:02,3e76ba9a-b62d-81ef-baf9-d0fc65114acc,Dashwood Sauvignon Blanc 2025,dailyshot,https://dailyshot.co/m/item/20593?item=231613,True,26000,KRW,26000
2026-10-08 19:32,3936ba9a-b62d-81ef-af94-f3c066281370,Laphroaig 1991 DeDr Whiskyland Chapter 23 700ml (48.3°),rudder,https://theultimatespirits.jp/products/laphroaig-ラフロイグ-1991-34年-whiskyland-chapter-23,True,186120.0,JPY,1578018
2026-10-08 19:32,3e76ba9a-b62d-81ef-baf9-d0fc65114acc,Dashwood Sauvignon Blanc 2025,dailyshot,https://dailyshot.co/m/item/20593?item=231613,True,26000,KRW,26000
2026-10-08 20:02,3936ba9a-b62d-81ef-af94-f3c066281370,Laphroaig 1991 DeDr Whiskyland Chapter 23 700ml (48.3°),rudder,https://theultimatespirits.jp/products/laphroaig-ラフロイグ-1991-34年-whiskyland-chapter-23,True,186120.0,JPY,1578018
2026-10-08 20:02,3e76ba9a-b62d-81ef-baf9-d0fc65114acc,Dashwood Sauvignon Blanc 2025,dailyshot,https://dailyshot.co/m/item/20593?item=231613,True,26000,KRW,26000
2026-10-08 20:32,3936ba9a-b62d-81ef-af94-f3c066281370,Laphroaig 1991 DeDr Whiskyland Chapter 23 700ml (48.3°),rudder,https://theultimatespirits.jp/products/laphroaig-ラフロイグ-1991-34年-whiskyland-chapter-23,True,186120.0,JPY,1578018
2026-10-08 20:32,3e76ba9a-b62d-81ef-baf9-d0fc65114acc,Dashwood Sauvignon Blanc 2025,dailyshot,https://dailyshot.co/m/item/20593?item=231613,True,26000,KRW,26000
2026-10-08 21:02,3936ba9a-b62d-81ef-af94-f3c066281370,Laphroaig 1991 DeDr Whiskyland Chapter 23 700ml (48.3°),rudder,https://theultimatespirits.jp/products/laphroaig-ラフロイグ-1991-34年-whiskyland-chapter-23,True,186120.0,JPY,1578018
2026-10-08 21:02,3e76ba9a-b62d-81ef-baf9-d0fc65114acc,Dashwood Sauvignon Blanc 2025,dailyshot,https://dailyshot.co/m/item/20593?item=231613,True,26000,KRW,26000
2026-10-08 21:32,3936ba9a-b62d-81ef-af94-f3c066281370,Laphroaig 1991 DeDr Whiskyland Chapter 23 700ml (48.3°),rudder,https://theultimatespirits.jp/products/laphroaig-ラフロイグ-1991-34年-whiskyland-chapter-23,True,186120.0,JPY,1578018
2026-10-08 21:32,3e76ba9a-b62d-81ef-baf9-d0fc65114acc,Dashwood Sauvignon Blanc 2025,dailyshot,https://dailyshot.co/m/item/20593?item=231613,True,26000,KRW,26000
2026-10-08 22:02,3936ba9a-b62d-81ef-af94-f3c066281370,Laphroaig 1991 DeDr Whiskyland Chapter 23 700ml (48.3°),rudder,https://theultimatespirits.jp/products/laphroaig-ラフロイグ-1991-34年-whiskyland-chapter-23,True,186120.0,JPY,1578018
2026-10-08 22:02,3e76ba9a-b62d-81ef-baf9-d0fc65114acc,Dashwood Sauvignon Blanc 2025,dailyshot,https://dailyshot.co/m/item/20593?item=231613,True,26000,KRW,26000
2026-10-08 22:32,3936ba9a-b62d-81ef-af94-f3c066281370,Laphroaig 1991 DeDr Whiskyland Chapter 23 700ml (48.3°),rudder,https://theultimatespirits.jp/products/laphroaig-ラフロイグ-1991-34年-whiskyland-chapter-23,True,186120.0,JPY,1578018
2026-10-08 22:32,3e76ba9a-b62d-81ef-baf9-d0fc65114acc,Dashwood Sauvignon Blanc 2025,dailyshot,https://dailyshot.co/m/item/20593?item=231613,True,26000,KRW,26000
2026-10-08 22:58,3936ba9a-b62d-81ef-af94-f3c066281370,Laphroaig 1991 DeDr Whiskyland Chapter 23 700ml (48.3°),rudder,https://theultimatespirits.jp/products/laphroaig-ラフロイグ-1991-34年-whiskyland-chapter-23,True,186120.0,JPY,1578018
2026-10-08 22:58,3e76ba9a-b62d-81ef-baf9-d0fc65114acc,Dashwood Sauvignon Blanc 2025,dailyshot,https://dailyshot.co/m/item/20593?item=231613,True,26000,KRW,26000
2026-10-08 23:02,3936ba9a-b62d-81ef-af94-f3c066281370,Laphroaig 1991 DeDr Whiskyland Chapter 23 700ml (48.3°),rudder,https://theultimatespirits.jp/products/laphroaig-ラフロイグ-1991-34年-whiskyland-chapter-23,True,186120.0,JPY,1578018
2026-10-08 23:02,3e76ba9a-b62d-81ef-baf9-d0fc65114acc,Dashwood Sauvignon Blanc 2025,dailyshot,https://dailyshot.co/m/item/20593?item=231613,True,26000,KRW,26000
2026-10-08 23:32,3936ba9a-b62d-81ef-af94-f3c066281370,Laphroaig 1991 DeDr Whiskyland Chapter 23 700ml (48.3°),rudder,https://theultimatespirits.jp/products/laphroaig-ラフロイグ-1991-34年-whiskyland-chapter-23,True,186120.0,JPY,1578018
2026-10-08 23:32,3e76ba9a-b62d-81ef-baf9-d0fc65114acc,Dashwood Sauvignon Blanc 2025,dailyshot,https://dailyshot.co/m/item/20593?item=231613,True,26000,KRW,26000
2026-10-09 00:12,3936ba9a-b62d-81ef-af94-f3c066281370,Laphroaig 1991 DeDr Whiskyland Chapter 23 700ml (48.3°),rudder,https://theultimatespirits.jp/products/laphroaig-ラフロイグ-1991-34年-whiskyland-chapter-23,True,186120.0,JPY,1574947
2026-10-09 00:12,3e76ba9a-b62d-81ef-baf9-d0fc65114acc,Dashwood Sauvignon Blanc 2025,dailyshot,https://dailyshot.co/m/item/20593?item=231613,True,26000,KRW,26000
2026-10-09 02:12,3936ba9a-b62d-81ef-af94-f3c066281370,Laphroaig 1991 DeDr Whiskyland Chapter 23 700ml (48.3°),rudder,https://theultimatespirits.jp/products/laphroaig-ラフロイグ-1991-34年-whiskyland-chapter-23,True,186120.0,JPY,1574947
2026-10-09 02:12,3e76ba9a-b62d-81ef-baf9-d0fc65114acc,Dashwood Sauvignon Blanc 2025,dailyshot,https://dailyshot.co/m/item/20593?item=231613,True,26000,KRW,26000
2026-10-09 04:12,3936ba9a-b62d-81ef-af94-f3c066281370,Laphroaig 1991 DeDr Whiskyland Chapter 23 700ml (48.3°),rudder,https://theultimatespirits.jp/products/laphroaig-ラフロイグ-1991-34年-whiskyland-chapter-23,True,186120.0,JPY,1574947
2026-10-09 04:12,3e76ba9a-b62d-81ef-baf9-d0fc65114acc,Dashwood Sauvignon Blanc 2025,dailyshot,https://dailyshot.co/m/item/20593?item=231613,True,26000,KRW,26000
2026-10-09 06:12,3936ba9a-b62d-81ef-af94-f3c066281370,Laphroaig 1991 DeDr Whiskyland Chapter 23 700ml (48.3°),rudder,https://theultimatespirits.jp/products/laphroaig-ラフロイグ-1991-34年-whiskyland-chapter-23,True,186120.0,JPY,1574947
2026-10-09 06:12,3e76ba9a-b62d-81ef-baf9-d0fc65114acc,Dashwood Sauvignon Blanc 2025,dailyshot,https://dailyshot.co/m/item/20593?item=231613,True,26000,KRW,26000
2026-10-09 07:57,3936ba9a-b62d-81ef-af94-f3c066281370,Laphroaig 1991 DeDr Whiskyland Chapter 23 700ml (48.3°),rudder,https://theultimatespirits.jp/products/laphroaig-ラフロイグ-1991-34年-whiskyland-chapter-23,True,186120.0,JPY,1574947
2026-10-09 07:57,3e76ba9a-b62d-81ef-baf9-d0fc65114acc,Dashwood Sauvignon Blanc 2025,dailyshot,https://dailyshot.co/m/item/20593?item=231613,True,26000,KRW,26000
2026-10-09 08:02,3936ba9a-b62d-81ef-af94-f3c066281370,Laphroaig 1991 DeDr Whiskyland Chapter 23 700ml (48.3°),rudder,https://theultimatespirits.jp/products/laphroaig-ラフロイグ-1991-34年-whiskyland-chapter-23,True,186120.0,JPY,1574947
2026-10-09 08:02,3e76ba9a-b62d-81ef-baf9-d0fc65114acc,Dashwood Sauvignon Blanc 2025,dailyshot,https://dailyshot.co/m/item/20593?item=231613,True,26000,KRW,26000
2026-10-09 08:32,3936ba9a-b62d-81ef-af94-f3c066281370,Laphroaig 1991 DeDr Whiskyland Chapter 23 700ml (48.3°),rudder,https://theultimatespirits.jp/products/laphroaig-ラフロイグ-1991-34年-whiskyland-chapter-23,True,186120.0,JPY,1574947
2026-10-09 08:32,3e76ba9a-b62d-81ef-baf9-d0fc65114acc,Dashwood Sauvignon Blanc 2025,dailyshot,https://dailyshot.co/m/item/20593?item=231613,True,26000,KRW,26000
2026-10-09 08:34,3936ba9a-b62d-81ef-af94-f3c066281370,Laphroaig 1991 DeDr Whiskyland Chapter 23 700ml (48.3°),rudder,https://theultimatespirits.jp/products/laphroaig-ラフロイグ-1991-34年-whiskyland-chapter-23,True,186120.0,JPY,1574947
2026-10-09 08:34,3e76ba9a-b62d-81ef-baf9-d0fc65114acc,Dashwood Sauvignon Blanc 2025,dailyshot,https://dailyshot.co/m/item/20593?item=231613,True,26000,KRW,26000
2026-10-09 09:02,3936ba9a-b62d-81ef-af94-f3c066281370,Laphroaig 1991 DeDr Whiskyland Chapter 23 700ml (48.3°),rudder,https://theultimatespirits.jp/products/laphroaig-ラフロイグ-1991-34年-whiskyland-chapter-23,True,186120.0,JPY,1574947
2026-10-09 09:02,3e76ba9a-b62d-81ef-baf9-d0fc65114acc,Dashwood Sauvignon Blanc 2025,dailyshot,https://dailyshot.co/m/item/20593?item=231613,True,26000,KRW,26000
2026-10-09 09:32,3936ba9a-b62d-81ef-af94-f3c066281370,Laphroaig 1991 DeDr Whiskyland Chapter 23 700ml (48.3°),rudder,https://theultimatespirits.jp/products/laphroaig-ラフロイグ-1991-34年-whiskyland-chapter-23,True,186120.0,JPY,1574947
2026-10-09 09:32,3e76ba9a-b62d-81ef-baf9-d0fc65114acc,Dashwood Sauvignon Blanc 2025,dailyshot,https://dailyshot.co/m/item/20593?item=231613,True,26000,KRW,26000
2026-10-09 10:01,3936ba9a-b62d-81ef-af94-f3c066281370,Laphroaig 1991 DeDr Whiskyland Chapter 23 700ml (48.3°),rudder,https://theultimatespirits.jp/products/laphroaig-ラフロイグ-1991-34年-whiskyland-chapter-23,True,186120.0,JPY,1574947
2026-10-09 10:01,3e76ba9a-b62d-81ef-baf9-d0fc65114acc,Dashwood Sauvignon Blanc 2025,dailyshot,https://dailyshot.co/m/item/20593?item=231613,True,26000,KRW,26000
2026-10-09 10:32,3936ba9a-b62d-81ef-af94-f3c066281370,Laphroaig 1991 DeDr Whiskyland Chapter 23 700ml (48.3°),rudder,https://theultimatespirits.jp/products/laphroaig-ラフロイグ-1991-34年-whiskyland-chapter-23,True,186120.0,JPY,1574947
2026-10-09 10:32,3e76ba9a-b62d-81ef-baf9-d0fc65114acc,Dashwood Sauvignon Blanc 2025,dailyshot,https://dailyshot.co/m/item/20593?item=231613,True,26000,KRW,26000
2026-10-09 11:02,3936ba9a-b62d-81ef-af94-f3c066281370,Laphroaig 1991 DeDr Whiskyland Chapter 23 700ml (48.3°),rudder,https://theultimatespirits.jp/products/laphroaig-ラフロイグ-1991-34年-whiskyland-chapter-23,True,186120.0,JPY,1574947
2026-10-09 11:02,3e76ba9a-b62d-81ef-baf9-d0fc65114acc,Dashwood Sauvignon Blanc 2025,dailyshot,https://dailyshot.co/m/item/20593?item=231613,True,26000,KRW,26000
2026-10-09 11:31,3936ba9a-b62d-81ef-af94-f3c066281370,Laphroaig 1991 DeDr Whiskyland Chapter 23 700ml (48.3°),rudder,https://theultimatespirits.jp/products/laphroaig-ラフロイグ-1991-34年-whiskyland-chapter-23,True,186120.0,JPY,1574947
2026-10-09 11:31,3e76ba9a-b62d-81ef-baf9-d0fc65114acc,Dashwood Sauvignon Blanc 2025,dailyshot,https://dailyshot.co/m/item/20593?item=231613,True,26000,KRW,26000
2026-10-09 12:02,3936ba9a-b62d-81ef-af94-f3c066281370,Laphroaig 1991 DeDr Whiskyland Chapter 23 700ml (48.3°),rudder,https://theultimatespirits.jp/products/laphroaig-ラフロイグ-1991-34年-whiskyland-chapter-23,True,186120.0,JPY,1574947
2026-10-09 12:02,3e76ba9a-b62d-81ef-baf9-d0fc65114acc,Dashwood Sauvignon Blanc 2025,dailyshot,https://dailyshot.co/m/item/20593?item=231613,True,26000,KRW,26000
2026-10-09 12:31,3936ba9a-b62d-81ef-af94-f3c066281370,Laphroaig 1991 DeDr Whiskyland Chapter 23 700ml (48.3°),rudder,https://theultimatespirits.jp/products/laphroaig-ラフロイグ-1991-34年-whiskyland-chapter-23,True,186120.0,JPY,1574947
2026-10-09 12:31,3e76ba9a-b62d-81ef-baf9-d0fc65114acc,Dashwood Sauvignon Blanc 2025,dailyshot,https://dailyshot.co/m/item/20593?item=231613,True,26000,KRW,26000
2026-10-09 13:02,3936ba9a-b62d-81ef-af94-f3c066281370,Laphroaig 1991 DeDr Whiskyland Chapter 23 700ml (48.3°),rudder,https://theultimatespirits.jp/products/laphroaig-ラフロイグ-1991-34年-whiskyland-chapter-23,True,186120.0,JPY,1574947
2026-10-09 13:02,3e76ba9a-b62d-81ef-baf9-d0fc65114acc,Dashwood Sauvignon Blanc 2025,dailyshot,https://dailyshot.co/m/item/20593?item=231613,True,26000,KRW,26000
2026-10-09 13:32,3936ba9a-b62d-81ef-af94-f3c066281370,Laphroaig 1991 DeDr Whiskyland Chapter 23 700ml (48.3°),rudder,https://theultimatespirits.jp/products/laphroaig-ラフロイグ-1991-34年-whiskyland-chapter-23,True,186120.0,JPY,1574947
2026-10-09 13:32,3e76ba9a-b62d-81ef-baf9-d0fc65114acc,Dashwood Sauvignon Blanc 2025,dailyshot,https://dailyshot.co/m/item/20593?item=231613,True,26000,KRW,26000
2026-10-09 14:02,3936ba9a-b62d-81ef-af94-f3c066281370,Laphroaig 1991 DeDr Whiskyland Chapter 23 700ml (48.3°),rudder,https://theultimatespirits.jp/products/laphroaig-ラフロイグ-1991-34年-whiskyland-chapter-23,True,186120.0,JPY,1574947
2026-10-09 14:02,3e76ba9a-b62d-81ef-baf9-d0fc65114acc,Dashwood Sauvignon Blanc 2025,dailyshot,https://dailyshot.co/m/item/20593?item=231613,True,26000,KRW,26000
2026-10-09 14:33,3936ba9a-b62d-81ef-af94-f3c066281370,Laphroaig 1991 DeDr Whiskyland Chapter 23 700ml (48.3°),rudder,https://theultimatespirits.jp/products/laphroaig-ラフロイグ-1991-34年-whiskyland-chapter-23,True,186120.0,JPY,1574947
2026-10-09 14:33,3e76ba9a-b62d-81ef-baf9-d0fc65114acc,Dashwood Sauvignon Blanc 2025,dailyshot,https://dailyshot.co/m/item/20593?item=231613,True,26000,KRW,26000
2026-10-09 15:02,3936ba9a-b62d-81ef-af94-f3c066281370,Laphroaig 1991 DeDr Whiskyland Chapter 23 700ml (48.3°),rudder,https://theultimatespirits.jp/products/laphroaig-ラフロイグ-1991-34年-whiskyland-chapter-23,True,186120.0,JPY,1574947
2026-10-09 15:02,3e76ba9a-b62d-81ef-baf9-d0fc65114acc,Dashwood Sauvignon Blanc 2025,dailyshot,https://dailyshot.co/m/item/20593?item=231613,True,26000,KRW,26000
2026-10-09 15:32,3936ba9a-b62d-81ef-af94-f3c066281370,Laphroaig 1991 DeDr Whiskyland Chapter 23 700ml (48.3°),rudder,https://theultimatespirits.jp/products/laphroaig-ラフロイグ-1991-34年-whiskyland-chapter-23,True,186120.0,JPY,1574947
2026-10-09 15:32,3e76ba9a-b62d-81ef-baf9-d0fc65114acc,Dashwood Sauvignon Blanc 2025,dailyshot,https://dailyshot.co/m/item/20593?item=231613,True,26000,KRW,26000
2026-10-09 15:38,3936ba9a-b62d-81ef-af94-f3c066281370,Laphroaig 1991 DeDr Whiskyland Chapter 23 700ml (48.3°),rudder,https://theultimatespirits.jp/products/laphroaig-ラフロイグ-1991-34年-whiskyland-chapter-23,True,186120.0,JPY,1574947
2026-10-09 15:38,3e76ba9a-b62d-81ef-baf9-d0fc65114acc,Dashwood Sauvignon Blanc 2025,dailyshot,https://dailyshot.co/m/item/20593?item=231613,True,26000,KRW,26000
2026-10-09 16:02,3936ba9a-b62d-81ef-af94-f3c066281370,Laphroaig 1991 DeDr Whiskyland Chapter 23 700ml (48.3°),rudder,https://theultimatespirits.jp/products/laphroaig-ラフロイグ-1991-34年-whiskyland-chapter-23,True,186120.0,JPY,1574947
2026-10-09 16:02,3e76ba9a-b62d-81ef-baf9-d0fc65114acc,Dashwood Sauvignon Blanc 2025,dailyshot,https://dailyshot.co/m/item/20593?item=231613,True,26000,KRW,26000
2026-10-09 16:32,3936ba9a-b62d-81ef-af94-f3c066281370,Laphroaig 1991 DeDr Whiskyland Chapter 23 700ml (48.3°),rudder,https://theultimatespirits.jp/products/laphroaig-ラフロイグ-1991-34年-whiskyland-chapter-23,True,186120.0,JPY,1574947
2026-10-09 16:32,3e76ba9a-b62d-81ef-baf9-d0fc65114acc,Dashwood Sauvignon Blanc 2025,dailyshot,https://dailyshot.co/m/item/20593?item=231613,True,26000,KRW,26000
2026-10-09 16:42,3936ba9a-b62d-81ef-af94-f3c066281370,Laphroaig 1991 DeDr Whiskyland Chapter 23 700ml (48.3°),rudder,https://theultimatespirits.jp/products/laphroaig-ラフロイグ-1991-34年-whiskyland-chapter-23,True,186120.0,JPY,1574947
2026-10-09 16:42,3e76ba9a-b62d-81ef-baf9-d0fc65114acc,Dashwood Sauvignon Blanc 2025,dailyshot,https://dailyshot.co/m/item/20593?item=231613,True,26000,KRW,26000
2026-10-09 16:51,3936ba9a-b62d-81ef-af94-f3c066281370,Laphroaig 1991 DeDr Whiskyland Chapter 23 700ml (48.3°),rudder,https://theultimatespirits.jp/products/laphroaig-ラフロイグ-1991-34年-whiskyland-chapter-23,True,186120.0,JPY,1574947
2026-10-09 16:51,3e76ba9a-b62d-81ef-baf9-d0fc65114acc,Dashwood Sauvignon Blanc 2025,dailyshot,https://dailyshot.co/m/item/20593?item=231613,True,26000,KRW,26000
2026-10-09 17:02,3936ba9a-b62d-81ef-af94-f3c066281370,Laphroaig 1991 DeDr Whiskyland Chapter 23 700ml (48.3°),rudder,https://theultimatespirits.jp/products/laphroaig-ラフロイグ-1991-34年-whiskyland-chapter-23,True,186120.0,JPY,1574947
2026-10-09 17:02,3e76ba9a-b62d-81ef-baf9-d0fc65114acc,Dashwood Sauvignon Blanc 2025,dailyshot,https://dailyshot.co/m/item/20593?item=231613,True,26000,KRW,26000
2026-10-09 17:12,3936ba9a-b62d-81ef-af94-f3c066281370,Laphroaig 1991 DeDr Whiskyland Chapter 23 700ml (48.3°),rudder,https://theultimatespirits.jp/products/laphroaig-ラフロイグ-1991-34年-whiskyland-chapter-23,True,186120.0,JPY,1574947
2026-10-09 17:12,3e76ba9a-b62d-81ef-baf9-d0fc65114acc,Dashwood Sauvignon Blanc 2025,dailyshot,https://dailyshot.co/m/item/20593?item=231613,True,26000,KRW,26000
2026-10-09 17:22,3936ba9a-b62d-81ef-af94-f3c066281370,Laphroaig 1991 DeDr Whiskyland Chapter 23 700ml (48.3°),rudder,https://theultimatespirits.jp/products/laphroaig-ラフロイグ-1991-34年-whiskyland-chapter-23,True,186120.0,JPY,1574947
2026-10-09 17:22,3e76ba9a-b62d-81ef-baf9-d0fc65114acc,Dashwood Sauvignon Blanc 2025,dailyshot,https://dailyshot.co/m/item/20593?item=231613,True,26000,KRW,26000
2026-10-09 17:32,3936ba9a-b62d-81ef-af94-f3c066281370,Laphroaig 1991 DeDr Whiskyland Chapter 23 700ml (48.3°),rudder,https://theultimatespirits.jp/products/laphroaig-ラフロイグ-1991-34年-whiskyland-chapter-23,True,186120.0,JPY,1574947
2026-10-09 17:32,3e76ba9a-b62d-81ef-baf9-d0fc65114acc,Dashwood Sauvignon Blanc 2025,dailyshot,https://dailyshot.co/m/item/20593?item=231613,True,26000,KRW,26000
2026-10-09 17:42,3936ba9a-b62d-81ef-af94-f3c066281370,Laphroaig 1991 DeDr Whiskyland Chapter 23 700ml (48.3°),rudder,https://theultimatespirits.jp/products/laphroaig-ラフロイグ-1991-34年-whiskyland-chapter-23,True,186120.0,JPY,1574947
2026-10-09 17:42,3e76ba9a-b62d-81ef-baf9-d0fc65114acc,Dashwood Sauvignon Blanc 2025,dailyshot,https://dailyshot.co/m/item/20593?item=231613,True,26000,KRW,26000
2026-10-09 17:51,3936ba9a-b62d-81ef-af94-f3c066281370,Laphroaig 1991 DeDr Whiskyland Chapter 23 700ml (48.3°),rudder,https://theultimatespirits.jp/products/laphroaig-ラフロイグ-1991-34年-whiskyland-chapter-23,True,186120.0,JPY,1574947
2026-10-09 17:51,3e76ba9a-b62d-81ef-baf9-d0fc65114acc,Dashwood Sauvignon Blanc 2025,dailyshot,https://dailyshot.co/m/item/20593?item=231613,True,26000,KRW,26000
2026-10-09 18:02,3936ba9a-b62d-81ef-af94-f3c066281370,Laphroaig 1991 DeDr Whiskyland Chapter 23 700ml (48.3°),rudder,https://theultimatespirits.jp/products/laphroaig-ラフロイグ-1991-34年-whiskyland-chapter-23,True,186120.0,JPY,1574947
2026-10-09 18:02,3e76ba9a-b62d-81ef-baf9-d0fc65114acc,Dashwood Sauvignon Blanc 2025,dailyshot,https://dailyshot.co/m/item/20593?item=231613,True,26000,KRW,26000
2026-10-09 18:12,3936ba9a-b62d-81ef-af94-f3c066281370,Laphroaig 1991 DeDr Whiskyland Chapter 23 700ml (48.3°),rudder,https://theultimatespirits.jp/products/laphroaig-ラフロイグ-1991-34年-whiskyland-chapter-23,True,186120.0,JPY,1574947
2026-10-09 18:12,3e76ba9a-b62d-81ef-baf9-d0fc65114acc,Dashwood Sauvignon Blanc 2025,dailyshot,https://dailyshot.co/m/item/20593?item=231613,True,26000,KRW,26000
2026-10-09 18:22,3936ba9a-b62d-81ef-af94-f3c066281370,Laphroaig 1991 DeDr Whiskyland Chapter 23 700ml (48.3°),rudder,https://theultimatespirits.jp/products/laphroaig-ラフロイグ-1991-34年-whiskyland-chapter-23,True,186120.0,JPY,1574947
2026-10-09 18:22,3e76ba9a-b62d-81ef-baf9-d0fc65114acc,Dashwood Sauvignon Blanc 2025,dailyshot,https://dailyshot.co/m/item/20593?item=231613,True,26000,KRW,26000
2026-10-09 18:32,3936ba9a-b62d-81ef-af94-f3c066281370,Laphroaig 1991 DeDr Whiskyland Chapter 23 700ml (48.3°),rudder,https://theultimatespirits.jp/products/laphroaig-ラフロイグ-1991-34年-whiskyland-chapter-23,True,186120.0,JPY,1574947
2026-10-09 18:32,3e76ba9a-b62d-81ef-baf9-d0fc65114acc,Dashwood Sauvignon Blanc 2025,dailyshot,https://dailyshot.co/m/item/20593?item=231613,True,26000,KRW,26000
2026-10-09 18:58,3936ba9a-b62d-81ef-af94-f3c066281370,Laphroaig 1991 DeDr Whiskyland Chapter 23 700ml (48.3°),rudder,https://theultimatespirits.jp/products/laphroaig-ラフロイグ-1991-34年-whiskyland-chapter-23,True,186120.0,JPY,1574947
2026-10-09 18:58,3e76ba9a-b62d-81ef-baf9-d0fc65114acc,Dashwood Sauvignon Blanc 2025,dailyshot,https://dailyshot.co/m/item/20593?item=231613,True,26000,KRW,26000
2026-10-09 19:02,3936ba9a-b62d-81ef-af94-f3c066281370,Laphroaig 1991 DeDr Whiskyland Chapter 23 700ml (48.3°),rudder,https://theultimatespirits.jp/products/laphroaig-ラフロイグ-1991-34年-whiskyland-chapter-23,True,186120.0,JPY,1574947
2026-10-09 19:02,3e76ba9a-b62d-81ef-baf9-d0fc65114acc,Dashwood Sauvignon Blanc 2025,dailyshot,https://dailyshot.co/m/item/20593?item=231613,True,26000,KRW,26000
2026-10-09 19:32,3936ba9a-b62d-81ef-af94-f3c066281370,Laphroaig 1991 DeDr Whiskyland Chapter 23 700ml (48.3°),rudder,https://theultimatespirits.jp/products/laphroaig-ラフロイグ-1991-34年-whiskyland-chapter-23,True,186120.0,JPY,1574947
2026-10-09 19:32,3e76ba9a-b62d-81ef-baf9-d0fc65114acc,Dashwood Sauvignon Blanc 2025,dailyshot,https://dailyshot.co/m/item/20593?item=231613,True,26000,KRW,26000
2026-10-09 20:02,3936ba9a-b62d-81ef-af94-f3c066281370,Laphroaig 1991 DeDr Whiskyland Chapter 23 700ml (48.3°),rudder,https://theultimatespirits.jp/products/laphroaig-ラフロイグ-1991-34年-whiskyland-chapter-23,True,186120.0,JPY,1574947
2026-10-09 20:02,3e76ba9a-b62d-81ef-baf9-d0fc65114acc,Dashwood Sauvignon Blanc 2025,dailyshot,https://dailyshot.co/m/item/20593?item=231613,True,26000,KRW,26000
2026-10-09 20:32,3936ba9a-b62d-81ef-af94-f3c066281370,Laphroaig 1991 DeDr Whiskyland Chapter 23 700ml (48.3°),rudder,https://theultimatespirits.jp/products/laphroaig-ラフロイグ-1991-34年-whiskyland-chapter-23,True,186120.0,JPY,1574947
2026-10-09 20:32,3e76ba9a-b62d-81ef-baf9-d0fc65114acc,Dashwood Sauvignon Blanc 2025,dailyshot,https://dailyshot.co/m/item/20593?item=231613,True,26000,KRW,26000
2026-10-09 21:02,3936ba9a-b62d-81ef-af94-f3c066281370,Laphroaig 1991 DeDr Whiskyland Chapter 23 700ml (48.3°),rudder,https://theultimatespirits.jp/products/laphroaig-ラフロイグ-1991-34年-whiskyland-chapter-23,True,186120.0,JPY,1574947
2026-10-09 21:02,3e76ba9a-b62d-81ef-baf9-d0fc65114acc,Dashwood Sauvignon Blanc 2025,dailyshot,https://dailyshot.co/m/item/20593?item=231613,True,26000,KRW,26000
2026-10-09 21:32,3936ba9a-b62d-81ef-af94-f3c066281370,Laphroaig 1991 DeDr Whiskyland Chapter 23 700ml (48.3°),rudder,https://theultimatespirits.jp/products/laphroaig-ラフロイグ-1991-34年-whiskyland-chapter-23,True,186120.0,JPY,1574947
2026-10-09 21:32,3e76ba9a-b62d-81ef-baf9-d0fc65114acc,Dashwood Sauvignon Blanc 2025,dailyshot,https://dailyshot.co/m/item/20593?item=231613,True,26000,KRW,26000
2026-10-09 22:02,3936ba9a-b62d-81ef-af94-f3c066281370,Laphroaig 1991 DeDr Whiskyland Chapter 23 700ml (48.3°),rudder,https://theultimatespirits.jp/products/laphroaig-ラフロイグ-1991-34年-whiskyland-chapter-23,True,186120.0,JPY,1574947
2026-10-09 22:02,3e76ba9a-b62d-81ef-baf9-d0fc65114acc,Dashwood Sauvignon Blanc 2025,dailyshot,https://dailyshot.co/m/item/20593?item=231613,True,26000,KRW,26000
2026-10-09 22:13,3936ba9a-b62d-81ef-af94-f3c066281370,Laphroaig 1991 DeDr Whiskyland Chapter 23 700ml (48.3°),rudder,https://theultimatespirits.jp/products/laphroaig-ラフロイグ-1991-34年-whiskyland-chapter-23,True,186120.0,JPY,1580103
2026-10-09 22:13,3e76ba9a-b62d-81ef-baf9-d0fc65114acc,Dashwood Sauvignon Blanc 2025,dailyshot,https://dailyshot.co/m/item/20593?item=231613,True,26000,KRW,26000
2026-10-09 22:32,3936ba9a-b62d-81ef-af94-f3c066281370,Laphroaig 1991 DeDr Whiskyland Chapter 23 700ml (48.3°),rudder,https://theultimatespirits.jp/products/laphroaig-ラフロイグ-1991-34年-whiskyland-chapter-23,True,186120.0,JPY,1580103
2026-10-09 22:32,3e76ba9a-b62d-81ef-baf9-d0fc65114acc,Dashwood Sauvignon Blanc 2025,dailyshot,https://dailyshot.co/m/item/20593?item=231613,True,26000,KRW,26000
2026-10-09 23:02,3936ba9a-b62d-81ef-af94-f3c066281370,Laphroaig 1991 DeDr Whiskyland Chapter 23 700ml (48.3°),rudder,https://theultimatespirits.jp/products/laphroaig-ラフロイグ-1991-34年-whiskyland-chapter-23,True,186120.0,JPY,1580103
2026-10-09 23:02,3e76ba9a-b62d-81ef-baf9-d0fc65114acc,Dashwood Sauvignon Blanc 2025,dailyshot,https://dailyshot.co/m/item/20593?item=231613,True,26000,KRW,26000
2026-10-09 23:32,3936ba9a-b62d-81ef-af94-f3c066281370,Laphroaig 1991 DeDr Whiskyland Chapter 23 700ml (48.3°),rudder,https://theultimatespirits.jp/products/laphroaig-ラフロイグ-1991-34年-whiskyland-chapter-23,True,186120.0,JPY,1580103
2026-10-09 23:32,3e76ba9a-b62d-81ef-baf9-d0fc65114acc,Dashwood Sauvignon Blanc 2025,dailyshot,https://dailyshot.co/m/item/20593?item=231613,True,26000,KRW,26000
2026-10-10 00:12,3936ba9a-b62d-81ef-af94-f3c066281370,Laphroaig 1991 DeDr Whiskyland Chapter 23 700ml (48.3°),rudder,https://theultimatespirits.jp/products/laphroaig-ラフロイグ-1991-34年-whiskyland-chapter-23,True,186120.0,JPY,1580103
2026-10-10 00:12,3e76ba9a-b62d-81ef-baf9-d0fc65114acc,Dashwood Sauvignon Blanc 2025,dailyshot,https://dailyshot.co/m/item/20593?item=231613,True,26000,KRW,26000
2026-10-10 02:12,3936ba9a-b62d-81ef-af94-f3c066281370,Laphroaig 1991 DeDr Whiskyland Chapter 23 700ml (48.3°),rudder,https://theultimatespirits.jp/products/laphroaig-ラフロイグ-1991-34年-whiskyland-chapter-23,True,186120.0,JPY,1580103
2026-10-10 02:12,3e76ba9a-b62d-81ef-baf9-d0fc65114acc,Dashwood Sauvignon Blanc 2025,dailyshot,https://dailyshot.co/m/item/20593?item=231613,True,26000,KRW,26000
2026-10-10 02:19,3936ba9a-b62d-81ef-af94-f3c066281370,Laphroaig 1991 DeDr Whiskyland Chapter 23 700ml (48.3°),rudder,https://theultimatespirits.jp/products/laphroaig-ラフロイグ-1991-34年-whiskyland-chapter-23,True,186120.0,JPY,1580103
2026-10-10 02:19,3e76ba9a-b62d-81ef-baf9-d0fc65114acc,Dashwood Sauvignon Blanc 2025,dailyshot,https://dailyshot.co/m/item/20593?item=231613,True,26000,KRW,26000
2026-10-10 02:28,3936ba9a-b62d-81ef-af94-f3c066281370,Laphroaig 1991 DeDr Whiskyland Chapter 23 700ml (48.3°),rudder,https://theultimatespirits.jp/products/laphroaig-ラフロイグ-1991-34年-whiskyland-chapter-23,True,186120.0,JPY,1580103
2026-10-10 02:28,3e76ba9a-b62d-81ef-baf9-d0fc65114acc,Dashwood Sauvignon Blanc 2025,dailyshot,https://dailyshot.co/m/item/20593?item=231613,True,26000,KRW,26000
2026-10-10 03:30,3936ba9a-b62d-81ef-af94-f3c066281370,Laphroaig 1991 DeDr Whiskyland Chapter 23 700ml (48.3°),rudder,https://theultimatespirits.jp/products/laphroaig-ラフロイグ-1991-34年-whiskyland-chapter-23,True,186120.0,JPY,1580103
2026-10-10 03:30,3e76ba9a-b62d-81ef-baf9-d0fc65114acc,Dashwood Sauvignon Blanc 2025,dailyshot,https://dailyshot.co/m/item/20593?item=231613,True,26000,KRW,26000
2026-10-10 04:12,3936ba9a-b62d-81ef-af94-f3c066281370,Laphroaig 1991 DeDr Whiskyland Chapter 23 700ml (48.3°),rudder,https://theultimatespirits.jp/products/laphroaig-ラフロイグ-1991-34年-whiskyland-chapter-23,True,186120.0,JPY,1580103
2026-10-10 04:12,3e76ba9a-b62d-81ef-baf9-d0fc65114acc,Dashwood Sauvignon Blanc 2025,dailyshot,https://dailyshot.co/m/item/20593?item=231613,True,26000,KRW,26000
2026-10-10 06:11,3936ba9a-b62d-81ef-af94-f3c066281370,Laphroaig 1991 DeDr Whiskyland Chapter 23 700ml (48.3°),rudder,https://theultimatespirits.jp/products/laphroaig-ラフロイグ-1991-34年-whiskyland-chapter-23,True,186120.0,JPY,1580103
2026-10-10 06:11,3e76ba9a-b62d-81ef-baf9-d0fc65114acc,Dashwood Sauvignon Blanc 2025,dailyshot,https://dailyshot.co/m/item/20593?item=231613,True,26000,KRW,26000
2026-10-10 07:52,3936ba9a-b62d-81ef-af94-f3c066281370,Laphroaig 1991 DeDr Whiskyland Chapter 23 700ml (48.3°),rudder,https://theultimatespirits.jp/products/laphroaig-ラフロイグ-1991-34年-whiskyland-chapter-23,True,186120.0,JPY,1580103
2026-10-10 07:52,3e76ba9a-b62d-81ef-baf9-d0fc65114acc,Dashwood Sauvignon Blanc 2025,dailyshot,https://dailyshot.co/m/item/20593?item=231613,True,26000,KRW,26000
2026-10-10 07:58,3936ba9a-b62d-81ef-af94-f3c066281370,Laphroaig 1991 DeDr Whiskyland Chapter 23 700ml (48.3°),rudder,https://theultimatespirits.jp/products/laphroaig-ラフロイグ-1991-34年-whiskyland-chapter-23,True,186120.0,JPY,1580103
2026-10-10 07:58,3e76ba9a-b62d-81ef-baf9-d0fc65114acc,Dashwood Sauvignon Blanc 2025,dailyshot,https://dailyshot.co/m/item/20593?item=231613,True,26000,KRW,26000
2026-10-10 08:02,3936ba9a-b62d-81ef-af94-f3c066281370,Laphroaig 1991 DeDr Whiskyland Chapter 23 700ml (48.3°),rudder,https://theultimatespirits.jp/products/laphroaig-ラフロイグ-1991-34年-whiskyland-chapter-23,True,186120.0,JPY,1580103
2026-10-10 08:02,3e76ba9a-b62d-81ef-baf9-d0fc65114acc,Dashwood Sauvignon Blanc 2025,dailyshot,https://dailyshot.co/m/item/20593?item=231613,True,26000,KRW,26000
2026-10-10 08:32,3936ba9a-b62d-81ef-af94-f3c066281370,Laphroaig 1991 DeDr Whiskyland Chapter 23 700ml (48.3°),rudder,https://theultimatespirits.jp/products/laphroaig-ラフロイグ-1991-34年-whiskyland-chapter-23,True,186120.0,JPY,1580103
2026-10-10 08:32,3e76ba9a-b62d-81ef-baf9-d0fc65114acc,Dashwood Sauvignon Blanc 2025,dailyshot,https://dailyshot.co/m/item/20593?item=231613,True,26000,KRW,26000
2026-10-10 09:02,3936ba9a-b62d-81ef-af94-f3c066281370,Laphroaig 1991 DeDr Whiskyland Chapter 23 700ml (48.3°),rudder,https://theultimatespirits.jp/products/laphroaig-ラフロイグ-1991-34年-whiskyland-chapter-23,True,186120.0,JPY,1580103
2026-10-10 09:02,3e76ba9a-b62d-81ef-baf9-d0fc65114acc,Dashwood Sauvignon Blanc 2025,dailyshot,https://dailyshot.co/m/item/20593?item=231613,True,26000,KRW,26000
2026-10-10 09:32,3936ba9a-b62d-81ef-af94-f3c066281370,Laphroaig 1991 DeDr Whiskyland Chapter 23 700ml (48.3°),rudder,https://theultimatespirits.jp/products/laphroaig-ラフロイグ-1991-34年-whiskyland-chapter-23,True,186120.0,JPY,1580103
2026-10-10 09:32,3e76ba9a-b62d-81ef-baf9-d0fc65114acc,Dashwood Sauvignon Blanc 2025,dailyshot,https://dailyshot.co/m/item/20593?item=231613,True,26000,KRW,26000
2026-10-10 10:02,3936ba9a-b62d-81ef-af94-f3c066281370,Laphroaig 1991 DeDr Whiskyland Chapter 23 700ml (48.3°),rudder,https://theultimatespirits.jp/products/laphroaig-ラフロイグ-1991-34年-whiskyland-chapter-23,True,186120.0,JPY,1580103
2026-10-10 10:02,3e76ba9a-b62d-81ef-baf9-d0fc65114acc,Dashwood Sauvignon Blanc 2025,dailyshot,https://dailyshot.co/m/item/20593?item=231613,True,26000,KRW,26000
2026-10-10 10:32,3936ba9a-b62d-81ef-af94-f3c066281370,Laphroaig 1991 DeDr Whiskyland Chapter 23 700ml (48.3°),rudder,https://theultimatespirits.jp/products/laphroaig-ラフロイグ-1991-34年-whiskyland-chapter-23,True,186120.0,JPY,1580103
2026-10-10 10:32,3e76ba9a-b62d-81ef-baf9-d0fc65114acc,Dashwood Sauvignon Blanc 2025,dailyshot,https://dailyshot.co/m/item/20593?item=231613,True,26000,KRW,26000
2026-10-10 11:02,3936ba9a-b62d-81ef-af94-f3c066281370,Laphroaig 1991 DeDr Whiskyland Chapter 23 700ml (48.3°),rudder,https://theultimatespirits.jp/products/laphroaig-ラフロイグ-1991-34年-whiskyland-chapter-23,True,186120.0,JPY,1580103
2026-10-10 11:02,3e76ba9a-b62d-81ef-baf9-d0fc65114acc,Dashwood Sauvignon Blanc 2025,dailyshot,https://dailyshot.co/m/item/20593?item=231613,True,26000,KRW,26000
2026-10-10 11:32,3936ba9a-b62d-81ef-af94-f3c066281370,Laphroaig 1991 DeDr Whiskyland Chapter 23 700ml (48.3°),rudder,https://theultimatespirits.jp/products/laphroaig-ラフロイグ-1991-34年-whiskyland-chapter-23,True,186120.0,JPY,1580103
2026-10-10 11:32,3e76ba9a-b62d-81ef-baf9-d0fc65114acc,Dashwood Sauvignon Blanc 2025,dailyshot,https://dailyshot.co/m/item/20593?item=231613,True,26000,KRW,26000
2026-10-10 12:02,3936ba9a-b62d-81ef-af94-f3c066281370,Laphroaig 1991 DeDr Whiskyland Chapter 23 700ml (48.3°),rudder,https://theultimatespirits.jp/products/laphroaig-ラフロイグ-1991-34年-whiskyland-chapter-23,True,186120.0,JPY,1580103
2026-10-10 12:02,3e76ba9a-b62d-81ef-baf9-d0fc65114acc,Dashwood Sauvignon Blanc 2025,dailyshot,https://dailyshot.co/m/item/20593?item=231613,True,26000,KRW,26000
2026-10-10 12:32,3936ba9a-b62d-81ef-af94-f3c066281370,Laphroaig 1991 DeDr Whiskyland Chapter 23 700ml (48.3°),rudder,https://theultimatespirits.jp/products/laphroaig-ラフロイグ-1991-34年-whiskyland-chapter-23,True,186120.0,JPY,1580103
2026-10-10 12:32,3e76ba9a-b62d-81ef-baf9-d0fc65114acc,Dashwood Sauvignon Blanc 2025,dailyshot,https://dailyshot.co/m/item/20593?item=231613,True,26000,KRW,26000
2026-10-10 13:02,3936ba9a-b62d-81ef-af94-f3c066281370,Laphroaig 1991 DeDr Whiskyland Chapter 23 700ml (48.3°),rudder,https://theultimatespirits.jp/products/laphroaig-ラフロイグ-1991-34年-whiskyland-chapter-23,True,186120.0,JPY,1580103
2026-10-10 13:02,3e76ba9a-b62d-81ef-baf9-d0fc65114acc,Dashwood Sauvignon Blanc 2025,dailyshot,https://dailyshot.co/m/item/20593?item=231613,True,26000,KRW,26000
2026-10-10 13:32,3936ba9a-b62d-81ef-af94-f3c066281370,Laphroaig 1991 DeDr Whiskyland Chapter 23 700ml (48.3°),rudder,https://theultimatespirits.jp/products/laphroaig-ラフロイグ-1991-34年-whiskyland-chapter-23,True,186120.0,JPY,1580103
2026-10-10 13:32,3e76ba9a-b62d-81ef-baf9-d0fc65114acc,Dashwood Sauvignon Blanc 2025,dailyshot,https://dailyshot.co/m/item/20593?item=231613,True,26000,KRW,26000
2026-10-10 14:02,3936ba9a-b62d-81ef-af94-f3c066281370,Laphroaig 1991 DeDr Whiskyland Chapter 23 700ml (48.3°),rudder,https://theultimatespirits.jp/products/laphroaig-ラフロイグ-1991-34年-whiskyland-chapter-23,True,186120.0,JPY,1580103
2026-10-10 14:02,3e76ba9a-b62d-81ef-baf9-d0fc65114acc,Dashwood Sauvignon Blanc 2025,dailyshot,https://dailyshot.co/m/item/20593?item=231613,True,26000,KRW,26000
2026-10-10 14:32,3936ba9a-b62d-81ef-af94-f3c066281370,Laphroaig 1991 DeDr Whiskyland Chapter 23 700ml (48.3°),rudder,https://theultimatespirits.jp/products/laphroaig-ラフロイグ-1991-34年-whiskyland-chapter-23,True,186120.0,JPY,1580103
2026-10-10 14:32,3e76ba9a-b62d-81ef-baf9-d0fc65114acc,Dashwood Sauvignon Blanc 2025,dailyshot,https://dailyshot.co/m/item/20593?item=231613,True,26000,KRW,26000
2026-10-10 15:02,3936ba9a-b62d-81ef-af94-f3c066281370,Laphroaig 1991 DeDr Whiskyland Chapter 23 700ml (48.3°),rudder,https://theultimatespirits.jp/products/laphroaig-ラフロイグ-1991-34年-whiskyland-chapter-23,True,186120.0,JPY,1580103
2026-10-10 15:02,3e76ba9a-b62d-81ef-baf9-d0fc65114acc,Dashwood Sauvignon Blanc 2025,dailyshot,https://dailyshot.co/m/item/20593?item=231613,True,26000,KRW,26000
2026-10-10 15:21,3936ba9a-b62d-81ef-af94-f3c066281370,Laphroaig 1991 DeDr Whiskyland Chapter 23 700ml (48.3°),rudder,https://theultimatespirits.jp/products/laphroaig-ラフロイグ-1991-34年-whiskyland-chapter-23,True,186120.0,JPY,1580103
2026-10-10 15:21,3e76ba9a-b62d-81ef-baf9-d0fc65114acc,Dashwood Sauvignon Blanc 2025,dailyshot,https://dailyshot.co/m/item/20593?item=231613,True,26000,KRW,26000
2026-10-10 15:32,3936ba9a-b62d-81ef-af94-f3c066281370,Laphroaig 1991 DeDr Whiskyland Chapter 23 700ml (48.3°),rudder,https://theultimatespirits.jp/products/laphroaig-ラフロイグ-1991-34年-whiskyland-chapter-23,True,186120.0,JPY,1580103
2026-10-10 15:32,3e76ba9a-b62d-81ef-baf9-d0fc65114acc,Dashwood Sauvignon Blanc 2025,dailyshot,https://dailyshot.co/m/item/20593?item=231613,True,26000,KRW,26000
2026-10-10 16:02,3936ba9a-b62d-81ef-af94-f3c066281370,Laphroaig 1991 DeDr Whiskyland Chapter 23 700ml (48.3°),rudder,https://theultimatespirits.jp/products/laphroaig-ラフロイグ-1991-34年-whiskyland-chapter-23,True,186120.0,JPY,1580103
2026-10-10 16:02,3e76ba9a-b62d-81ef-baf9-d0fc65114acc,Dashwood Sauvignon Blanc 2025,dailyshot,https://dailyshot.co/m/item/20593?item=231613,True,26000,KRW,26000
2026-10-10 16:32,3936ba9a-b62d-81ef-af94-f3c066281370,Laphroaig 1991 DeDr Whiskyland Chapter 23 700ml (48.3°),rudder,https://theultimatespirits.jp/products/laphroaig-ラフロイグ-1991-34年-whiskyland-chapter-23,True,186120.0,JPY,1580103
2026-10-10 16:32,3e76ba9a-b62d-81ef-baf9-d0fc65114acc,Dashwood Sauvignon Blanc 2025,dailyshot,https://dailyshot.co/m/item/20593?item=231613,True,26000,KRW,26000
2026-10-10 16:42,3936ba9a-b62d-81ef-af94-f3c066281370,Laphroaig 1991 DeDr Whiskyland Chapter 23 700ml (48.3°),rudder,https://theultimatespirits.jp/products/laphroaig-ラフロイグ-1991-34年-whiskyland-chapter-23,True,186120.0,JPY,1580103
2026-10-10 16:42,3e76ba9a-b62d-81ef-baf9-d0fc65114acc,Dashwood Sauvignon Blanc 2025,dailyshot,https://dailyshot.co/m/item/20593?item=231613,True,26000,KRW,26000
2026-10-10 16:51,3936ba9a-b62d-81ef-af94-f3c066281370,Laphroaig 1991 DeDr Whiskyland Chapter 23 700ml (48.3°),rudder,https://theultimatespirits.jp/products/laphroaig-ラフロイグ-1991-34年-whiskyland-chapter-23,True,186120.0,JPY,1580103
2026-10-10 16:51,3e76ba9a-b62d-81ef-baf9-d0fc65114acc,Dashwood Sauvignon Blanc 2025,dailyshot,https://dailyshot.co/m/item/20593?item=231613,True,26000,KRW,26000
2026-10-10 17:02,3936ba9a-b62d-81ef-af94-f3c066281370,Laphroaig 1991 DeDr Whiskyland Chapter 23 700ml (48.3°),rudder,https://theultimatespirits.jp/products/laphroaig-ラフロイグ-1991-34年-whiskyland-chapter-23,True,186120.0,JPY,1580103
2026-10-10 17:02,3e76ba9a-b62d-81ef-baf9-d0fc65114acc,Dashwood Sauvignon Blanc 2025,dailyshot,https://dailyshot.co/m/item/20593?item=231613,True,26000,KRW,26000
2026-10-10 17:12,3936ba9a-b62d-81ef-af94-f3c066281370,Laphroaig 1991 DeDr Whiskyland Chapter 23 700ml (48.3°),rudder,https://theultimatespirits.jp/products/laphroaig-ラフロイグ-1991-34年-whiskyland-chapter-23,True,186120.0,JPY,1580103
2026-10-10 17:12,3e76ba9a-b62d-81ef-baf9-d0fc65114acc,Dashwood Sauvignon Blanc 2025,dailyshot,https://dailyshot.co/m/item/20593?item=231613,True,26000,KRW,26000
2026-10-10 17:22,3936ba9a-b62d-81ef-af94-f3c066281370,Laphroaig 1991 DeDr Whiskyland Chapter 23 700ml (48.3°),rudder,https://theultimatespirits.jp/products/laphroaig-ラフロイグ-1991-34年-whiskyland-chapter-23,True,186120.0,JPY,1580103
2026-10-10 17:22,3e76ba9a-b62d-81ef-baf9-d0fc65114acc,Dashwood Sauvignon Blanc 2025,dailyshot,https://dailyshot.co/m/item/20593?item=231613,True,26000,KRW,26000
2026-10-10 17:32,3936ba9a-b62d-81ef-af94-f3c066281370,Laphroaig 1991 DeDr Whiskyland Chapter 23 700ml (48.3°),rudder,https://theultimatespirits.jp/products/laphroaig-ラフロイグ-1991-34年-whiskyland-chapter-23,True,186120.0,JPY,1580103
2026-10-10 17:32,3e76ba9a-b62d-81ef-baf9-d0fc65114acc,Dashwood Sauvignon Blanc 2025,dailyshot,https://dailyshot.co/m/item/20593?item=231613,True,26000,KRW,26000
2026-10-10 17:42,3936ba9a-b62d-81ef-af94-f3c066281370,Laphroaig 1991 DeDr Whiskyland Chapter 23 700ml (48.3°),rudder,https://theultimatespirits.jp/products/laphroaig-ラフロイグ-1991-34年-whiskyland-chapter-23,True,186120.0,JPY,1580103
2026-10-10 17:42,3e76ba9a-b62d-81ef-baf9-d0fc65114acc,Dashwood Sauvignon Blanc 2025,dailyshot,https://dailyshot.co/m/item/20593?item=231613,True,26000,KRW,26000
2026-10-10 17:52,3936ba9a-b62d-81ef-af94-f3c066281370,Laphroaig 1991 DeDr Whiskyland Chapter 23 700ml (48.3°),rudder,https://theultimatespirits.jp/products/laphroaig-ラフロイグ-1991-34年-whiskyland-chapter-23,True,186120.0,JPY,1580103
2026-10-10 17:52,3e76ba9a-b62d-81ef-baf9-d0fc65114acc,Dashwood Sauvignon Blanc 2025,dailyshot,https://dailyshot.co/m/item/20593?item=231613,True,26000,KRW,26000
2026-10-10 18:02,3936ba9a-b62d-81ef-af94-f3c066281370,Laphroaig 1991 DeDr Whiskyland Chapter 23 700ml (48.3°),rudder,https://theultimatespirits.jp/products/laphroaig-ラフロイグ-1991-34年-whiskyland-chapter-23,True,186120.0,JPY,1580103
2026-10-10 18:02,3e76ba9a-b62d-81ef-baf9-d0fc65114acc,Dashwood Sauvignon Blanc 2025,dailyshot,https://dailyshot.co/m/item/20593?item=231613,True,26000,KRW,26000
2026-10-10 18:12,3936ba9a-b62d-81ef-af94-f3c066281370,Laphroaig 1991 DeDr Whiskyland Chapter 23 700ml (48.3°),rudder,https://theultimatespirits.jp/products/laphroaig-ラフロイグ-1991-34年-whiskyland-chapter-23,True,186120.0,JPY,1580103
2026-10-10 18:12,3e76ba9a-b62d-81ef-baf9-d0fc65114acc,Dashwood Sauvignon Blanc 2025,dailyshot,https://dailyshot.co/m/item/20593?item=231613,True,26000,KRW,26000
2026-10-10 18:21,3936ba9a-b62d-81ef-af94-f3c066281370,Laphroaig 1991 DeDr Whiskyland Chapter 23 700ml (48.3°),rudder,https://theultimatespirits.jp/products/laphroaig-ラフロイグ-1991-34年-whiskyland-chapter-23,True,186120.0,JPY,1580103
2026-10-10 18:21,3e76ba9a-b62d-81ef-baf9-d0fc65114acc,Dashwood Sauvignon Blanc 2025,dailyshot,https://dailyshot.co/m/item/20593?item=231613,True,26000,KRW,26000
2026-10-10 18:32,3936ba9a-b62d-81ef-af94-f3c066281370,Laphroaig 1991 DeDr Whiskyland Chapter 23 700ml (48.3°),rudder,https://theultimatespirits.jp/products/laphroaig-ラフロイグ-1991-34年-whiskyland-chapter-23,True,186120.0,JPY,1580103
2026-10-10 18:32,3e76ba9a-b62d-81ef-baf9-d0fc65114acc,Dashwood Sauvignon Blanc 2025,dailyshot,https://dailyshot.co/m/item/20593?item=231613,True,26000,KRW,26000
2026-10-10 18:58,3936ba9a-b62d-81ef-af94-f3c066281370,Laphroaig 1991 DeDr Whiskyland Chapter 23 700ml (48.3°),rudder,https://theultimatespirits.jp/products/laphroaig-ラフロイグ-1991-34年-whiskyland-chapter-23,True,186120.0,JPY,1580103
2026-10-10 18:58,3e76ba9a-b62d-81ef-baf9-d0fc65114acc,Dashwood Sauvignon Blanc 2025,dailyshot,https://dailyshot.co/m/item/20593?item=231613,True,26000,KRW,26000
2026-10-10 19:02,3936ba9a-b62d-81ef-af94-f3c066281370,Laphroaig 1991 DeDr Whiskyland Chapter 23 700ml (48.3°),rudder,https://theultimatespirits.jp/products/laphroaig-ラフロイグ-1991-34年-whiskyland-chapter-23,True,186120.0,JPY,1580103
2026-10-10 19:02,3e76ba9a-b62d-81ef-baf9-d0fc65114acc,Dashwood Sauvignon Blanc 2025,dailyshot,https://dailyshot.co/m/item/20593?item=231613,True,26000,KRW,26000
2026-10-10 19:32,3936ba9a-b62d-81ef-af94-f3c066281370,Laphroaig 1991 DeDr Whiskyland Chapter 23 700ml (48.3°),rudder,https://theultimatespirits.jp/products/laphroaig-ラフロイグ-1991-34年-whiskyland-chapter-23,True,186120.0,JPY,1580103
2026-10-10 19:32,3e76ba9a-b62d-81ef-baf9-d0fc65114acc,Dashwood Sauvignon Blanc 2025,dailyshot,https://dailyshot.co/m/item/20593?item=231613,True,26000,KRW,26000
2026-10-10 20:02,3936ba9a-b62d-81ef-af94-f3c066281370,Laphroaig 1991 DeDr Whiskyland Chapter 23 700ml (48.3°),rudder,https://theultimatespirits.jp/products/laphroaig-ラフロイグ-1991-34年-whiskyland-chapter-23,True,186120.0,JPY,1580103
2026-10-10 20:02,3e76ba9a-b62d-81ef-baf9-d0fc65114acc,Dashwood Sauvignon Blanc 2025,dailyshot,https://dailyshot.co/m/item/20593?item=231613,True,26000,KRW,26000
2026-10-10 20:32,3936ba9a-b62d-81ef-af94-f3c066281370,Laphroaig 1991 DeDr Whiskyland Chapter 23 700ml (48.3°),rudder,https://theultimatespirits.jp/products/laphroaig-ラフロイグ-1991-34年-whiskyland-chapter-23,True,186120.0,JPY,1580103
2026-10-10 20:32,3e76ba9a-b62d-81ef-baf9-d0fc65114acc,Dashwood Sauvignon Blanc 2025,dailyshot,https://dailyshot.co/m/item/20593?item=231613,True,26000,KRW,26000
2026-10-10 21:02,3936ba9a-b62d-81ef-af94-f3c066281370,Laphroaig 1991 DeDr Whiskyland Chapter 23 700ml (48.3°),rudder,https://theultimatespirits.jp/products/laphroaig-ラフロイグ-1991-34年-whiskyland-chapter-23,True,186120.0,JPY,1580103
2026-10-10 21:02,3e76ba9a-b62d-81ef-baf9-d0fc65114acc,Dashwood Sauvignon Blanc 2025,dailyshot,https://dailyshot.co/m/item/20593?item=231613,True,26000,KRW,26000
2026-10-10 21:32,3936ba9a-b62d-81ef-af94-f3c066281370,Laphroaig 1991 DeDr Whiskyland Chapter 23 700ml (48.3°),rudder,https://theultimatespirits.jp/products/laphroaig-ラフロイグ-1991-34年-whiskyland-chapter-23,True,186120.0,JPY,1580103
2026-10-10 21:32,3e76ba9a-b62d-81ef-baf9-d0fc65114acc,Dashwood Sauvignon Blanc 2025,dailyshot,https://dailyshot.co/m/item/20593?item=231613,True,26000,KRW,26000
2026-10-10 22:00,3936ba9a-b62d-81ef-af94-f3c066281370,Laphroaig 1991 DeDr Whiskyland Chapter 23 700ml (48.3°),rudder,https://theultimatespirits.jp/products/laphroaig-ラフロイグ-1991-34年-whiskyland-chapter-23,True,186120.0,JPY,1580103
2026-10-10 22:00,3e76ba9a-b62d-81ef-baf9-d0fc65114acc,Dashwood Sauvignon Blanc 2025,dailyshot,https://dailyshot.co/m/item/20593?item=231613,True,26000,KRW,26000
2026-10-10 22:02,3936ba9a-b62d-81ef-af94-f3c066281370,Laphroaig 1991 DeDr Whiskyland Chapter 23 700ml (48.3°),rudder,https://theultimatespirits.jp/products/laphroaig-ラフロイグ-1991-34年-whiskyland-chapter-23,True,186120.0,JPY,1580103
2026-10-10 22:02,3e76ba9a-b62d-81ef-baf9-d0fc65114acc,Dashwood Sauvignon Blanc 2025,dailyshot,https://dailyshot.co/m/item/20593?item=231613,True,26000,KRW,26000
2026-10-10 22:32,3936ba9a-b62d-81ef-af94-f3c066281370,Laphroaig 1991 DeDr Whiskyland Chapter 23 700ml (48.3°),rudder,https://theultimatespirits.jp/products/laphroaig-ラフロイグ-1991-34年-whiskyland-chapter-23,True,186120.0,JPY,1580103
2026-10-10 22:32,3e76ba9a-b62d-81ef-baf9-d0fc65114acc,Dashwood Sauvignon Blanc 2025,dailyshot,https://dailyshot.co/m/item/20593?item=231613,True,26000,KRW,26000
2026-10-10 23:02,3936ba9a-b62d-81ef-af94-f3c066281370,Laphroaig 1991 DeDr Whiskyland Chapter 23 700ml (48.3°),rudder,https://theultimatespirits.jp/products/laphroaig-ラフロイグ-1991-34年-whiskyland-chapter-23,True,186120.0,JPY,1580103
2026-10-10 23:02,3e76ba9a-b62d-81ef-baf9-d0fc65114acc,Dashwood Sauvignon Blanc 2025,dailyshot,https://dailyshot.co/m/item/20593?item=231613,True,26000,KRW,26000
2026-10-10 23:32,3936ba9a-b62d-81ef-af94-f3c066281370,Laphroaig 1991 DeDr Whiskyland Chapter 23 700ml (48.3°),rudder,https://theultimatespirits.jp/products/laphroaig-ラフロイグ-1991-34年-whiskyland-chapter-23,True,186120.0,JPY,1580103
2026-10-10 23:32,3e76ba9a-b62d-81ef-baf9-d0fc65114acc,Dashwood Sauvignon Blanc 2025,dailyshot,https://dailyshot.co/m/item/20593?item=231613,True,26000,KRW,26000
2026-10-11 00:12,3936ba9a-b62d-81ef-af94-f3c066281370,Laphroaig 1991 DeDr Whiskyland Chapter 23 700ml (48.3°),rudder,https://theultimatespirits.jp/products/laphroaig-ラフロイグ-1991-34年-whiskyland-chapter-23,True,186120.0,JPY,1578540
2026-10-11 00:12,3e76ba9a-b62d-81ef-baf9-d0fc65114acc,Dashwood Sauvignon Blanc 2025,dailyshot,https://dailyshot.co/m/item/20593?item=231613,True,26000,KRW,26000
2026-10-11 02:12,3936ba9a-b62d-81ef-af94-f3c066281370,Laphroaig 1991 DeDr Whiskyland Chapter 23 700ml (48.3°),rudder,https://theultimatespirits.jp/products/laphroaig-ラフロイグ-1991-34年-whiskyland-chapter-23,True,186120.0,JPY,1578540
2026-10-11 02:12,3e76ba9a-b62d-81ef-baf9-d0fc65114acc,Dashwood Sauvignon Blanc 2025,dailyshot,https://dailyshot.co/m/item/20593?item=231613,True,26000,KRW,26000
2026-10-11 04:12,3936ba9a-b62d-81ef-af94-f3c066281370,Laphroaig 1991 DeDr Whiskyland Chapter 23 700ml (48.3°),rudder,https://theultimatespirits.jp/products/laphroaig-ラフロイグ-1991-34年-whiskyland-chapter-23,True,186120.0,JPY,1578540
2026-10-11 04:12,3e76ba9a-b62d-81ef-baf9-d0fc65114acc,Dashwood Sauvignon Blanc 2025,dailyshot,https://dailyshot.co/m/item/20593?item=231613,True,26000,KRW,26000
2026-10-11 06:12,3936ba9a-b62d-81ef-af94-f3c066281370,Laphroaig 1991 DeDr Whiskyland Chapter 23 700ml (48.3°),rudder,https://theultimatespirits.jp/products/laphroaig-ラフロイグ-1991-34年-whiskyland-chapter-23,True,186120.0,JPY,1578540
2026-10-11 06:12,3e76ba9a-b62d-81ef-baf9-d0fc65114acc,Dashwood Sauvignon Blanc 2025,dailyshot,https://dailyshot.co/m/item/20593?item=231613,True,26000,KRW,26000
2026-10-11 06:58,3936ba9a-b62d-81ef-af94-f3c066281370,Laphroaig 1991 DeDr Whiskyland Chapter 23 700ml (48.3°),rudder,https://theultimatespirits.jp/products/laphroaig-ラフロイグ-1991-34年-whiskyland-chapter-23,True,186120.0,JPY,1578540
2026-10-11 06:58,3e76ba9a-b62d-81ef-baf9-d0fc65114acc,Dashwood Sauvignon Blanc 2025,dailyshot,https://dailyshot.co/m/item/20593?item=231613,True,26000,KRW,26000
2026-10-11 07:58,3936ba9a-b62d-81ef-af94-f3c066281370,Laphroaig 1991 DeDr Whiskyland Chapter 23 700ml (48.3°),rudder,https://theultimatespirits.jp/products/laphroaig-ラフロイグ-1991-34年-whiskyland-chapter-23,True,186120.0,JPY,1578540
2026-10-11 07:58,3e76ba9a-b62d-81ef-baf9-d0fc65114acc,Dashwood Sauvignon Blanc 2025,dailyshot,https://dailyshot.co/m/item/20593?item=231613,True,26000,KRW,26000
2026-10-11 08:02,3936ba9a-b62d-81ef-af94-f3c066281370,Laphroaig 1991 DeDr Whiskyland Chapter 23 700ml (48.3°),rudder,https://theultimatespirits.jp/products/laphroaig-ラフロイグ-1991-34年-whiskyland-chapter-23,True,186120.0,JPY,1578540
2026-10-11 08:02,3e76ba9a-b62d-81ef-baf9-d0fc65114acc,Dashwood Sauvignon Blanc 2025,dailyshot,https://dailyshot.co/m/item/20593?item=231613,True,26000,KRW,26000
2026-10-11 08:32,3936ba9a-b62d-81ef-af94-f3c066281370,Laphroaig 1991 DeDr Whiskyland Chapter 23 700ml (48.3°),rudder,https://theultimatespirits.jp/products/laphroaig-ラフロイグ-1991-34年-whiskyland-chapter-23,True,186120.0,JPY,1578540
2026-10-11 08:32,3e76ba9a-b62d-81ef-baf9-d0fc65114acc,Dashwood Sauvignon Blanc 2025,dailyshot,https://dailyshot.co/m/item/20593?item=231613,True,26000,KRW,26000
