2026-10-08 17:02:50  [TRK] [AUC] 야후옥션 검색 실패 'ラガヴーリン 12 2024': HTTPError HTTP Error 500: Internal Server Error
2026-10-08 17:02:50  [TRK] [AUC] Lagavulin 12yo Fireside Tales Special Release 2024 700ml 57.4%: 매치 2건
2026-10-08 17:02:57  [TRK] [AUC] 야후옥션 검색 실패 'ラフロイグ 1991': HTTPError HTTP Error 500: Internal Server Error
2026-10-08 17:02:57  [TRK] [AUC] Laphroaig 1991 23 Year Old 700ml (52.6°): 매치 5건
2026-10-08 17:03:05  [TRK] [AUC] 야후옥션 검색 실패 'ラフロイグ 1991 whiskyland': HTTPError HTTP Error 500: Internal Server Error
2026-10-08 17:03:05  [TRK] [AUC] Laphroaig 1991 DeDr Whiskyland Chapter 23 700ml (48.3°): 매치 2건
2026-10-08 17:03:05  [TRK] [AUC] 변화 없음 (매치 13건)
2026-10-08 17:12:07    [EVENT] 신규 1 · 재입고 7
2026-10-08 17:12:07  [OK] 폴링 완료 → 신규 0건, 세일 0건 | 수집 rudder 441, mukawa 24, deinwhisky 61, shinanoya 59, vitalaus 0, whiskybarrel 500, innout 500, topwhiskies 500, abbey 500, reallygood 500, htfw 0, whiskymaniac 24, nickolls 100, whiskysite 44, lmdw 60, wio 500, dailyshot_cvs 3336, lotteon 28
2026-10-08 17:12:09    [ALERT] 즉시 알림(텔레그램) — 위스키 샵 알림 — ⭐0 · 🆕1 · 🔁7
2026-10-08 17:12:10  [TRK] 추적 보틀 5개
2026-10-08 17:12:11  [TRK]   데일리샷 페이지에 데이터 없음(2032B): <!DOCTYPE html>
<html lang="en">
<head>
    <meta charset="utf-8">
    <meta name="viewport" content="width=device-width
2026-10-08 17:12:12  [TRK] 완료 — 알림 0건, 이력 2행
2026-10-08 17:12:12  [TRK] [AUC] 감시 대상 8건 · 사이트 15곳
2026-10-08 17:12:22  [TRK] [AUC] 아드벡 하우스 리저브: 매치 1건
2026-10-08 17:12:29  [TRK] [AUC] 메이커스마크 구병(1990s 레드탑): 매치 10건
2026-10-08 17:12:36  [TRK] [AUC] 메이커스마크 골드탑(50.5% 수출용 더스티): 매치 1건
2026-10-08 17:12:42  [TRK] [AUC] 메이커스마크 블랙탑(47.5% 수출용 더스티): 매치 2건
2026-10-08 17:12:51  [TRK] [AUC] Glen Moray 1962 27 Year Old Vintage 750ml (43°): 매치 3건
2026-10-08 17:12:52  [TRK] [AUC] HTFW(영국) 검색 실패 'lagavulin 12 2024': HTTPError HTTP Error 429: Too Many Requests
2026-10-08 17:12:56  [TRK] [AUC] Lagavulin 12yo Fireside Tales Special Release 2024 700ml 57.4%: 매치 3건
2026-10-08 17:13:01  [TRK] [AUC] Laphroaig 1991 23 Year Old 700ml (52.6°): 매치 5건
2026-10-08 17:13:05  [TRK] [AUC] HTFW(영국) 검색 실패 'laphroaig 1991 whiskyland': HTTPError HTTP Error 429: Too Many Requests
2026-10-08 17:13:05  [TRK] [AUC] Laphroaig 1991 DeDr Whiskyland Chapter 23 700ml (48.3°): 매치 2건
2026-10-08 17:13:05  [TRK] [AUC] 변화 없음 (매치 27건)
2026-10-08 17:22:08    [ERR] nickolls: JSON 아님: <html><head><link rel="icon" href="data:;"><meta http-equiv="refresh" content="0;/.well-known/sgcaptcha/?r=%2Fwp-json%2F
2026-10-08 17:22:08    [EVENT] 신규 1 · 재입고 0
2026-10-08 17:22:09  [OK] 폴링 완료 → 신규 0건, 세일 0건, 사이트 오류 1건 | 수집 rudder 441, mukawa 24, deinwhisky 61, shinanoya 59, vitalaus 0, whiskybarrel 500, innout 500, topwhiskies 500, abbey 500, reallygood 500, htfw 0, whiskymaniac 24, whiskysite 44, lmdw 60, wio 500, dailyshot_cvs 3336, lotteon 28
2026-10-08 17:22:10    [ALERT] 즉시 알림(텔레그램) — 위스키 샵 알림 — ⭐0 · 🆕1 · 🔁0
2026-10-08 17:22:11  [TRK] 추적 보틀 5개
2026-10-08 17:22:12  [TRK]   데일리샷 페이지에 데이터 없음(2032B): <!DOCTYPE html>
<html lang="en">
<head>
    <meta charset="utf-8">
    <meta name="viewport" content="width=device-width
2026-10-08 17:22:13  [TRK] 완료 — 알림 0건, 이력 2행
2026-10-08 17:22:13  [TRK] [AUC] 감시 대상 8건 · 사이트 15곳
2026-10-08 17:22:24  [TRK] [AUC] 아드벡 하우스 리저브: 매치 1건
2026-10-08 17:22:31  [TRK] [AUC] 메이커스마크 구병(1990s 레드탑): 매치 10건
2026-10-08 17:22:38  [TRK] [AUC] 메이커스마크 골드탑(50.5% 수출용 더스티): 매치 1건
2026-10-08 17:22:45  [TRK] [AUC] 메이커스마크 블랙탑(47.5% 수출용 더스티): 매치 2건
2026-10-08 17:22:56  [TRK] [AUC] Nickolls & Perks(영국) 검색 실패 'glen moray 1962': RuntimeError JSON 아님: <html><head><link rel="icon" href="data:;"><meta http-equiv="refresh" content="0;/.well-known/sgcaptcha/?r=%2Fwp-json%2F
2026-10-08 17:22:56  [TRK] [AUC] Glen Moray 1962 27 Year Old Vintage 750ml (43°): 매치 3건
2026-10-08 17:23:09  [TRK] [AUC] Nickolls & Perks(영국) 검색 실패 'lagavulin 12 2024': RuntimeError JSON 아님: <html><head><link rel="icon" href="data:;"><meta http-equiv="refresh" content="0;/.well-known/sgcaptcha/?r=%2Fwp-json%2F
2026-10-08 17:23:09  [TRK] [AUC] Lagavulin 12yo Fireside Tales Special Release 2024 700ml 57.4%: 매치 2건
2026-10-08 17:23:21  [TRK] [AUC] Nickolls & Perks(영국) 검색 실패 'laphroaig 1991': RuntimeError JSON 아님: <html><head><link rel="icon" href="data:;"><meta http-equiv="refresh" content="0;/.well-known/sgcaptcha/?r=%2Fwp-json%2F
2026-10-08 17:23:21  [TRK] [AUC] Laphroaig 1991 23 Year Old 700ml (52.6°): 매치 5건
2026-10-08 17:23:32  [TRK] [AUC] Nickolls & Perks(영국) 검색 실패 'laphroaig 1991 whiskyland': RuntimeError JSON 아님: <html><head><link rel="icon" href="data:;"><meta http-equiv="refresh" content="0;/.well-known/sgcaptcha/?r=%2Fwp-json%2F
2026-10-08 17:23:32  [TRK] [AUC] Laphroaig 1991 DeDr Whiskyland Chapter 23 700ml (48.3°): 매치 2건
2026-10-08 17:23:32  [TRK] [AUC] 변화 없음 (매치 26건)
2026-10-08 17:32:11    [EVENT] 신규 2 · 재입고 0
2026-10-08 17:32:11  [OK] 폴링 완료 → 신규 1건, 세일 0건 | 수집 rudder 441, mukawa 24, deinwhisky 61, shinanoya 59, vitalaus 0, whiskybarrel 500, innout 500, topwhiskies 500, abbey 500, reallygood 500, htfw 0, whiskymaniac 24, nickolls 100, whiskysite 44, lmdw 60, wio 500, dailyshot_cvs 3336, lotteon 28
2026-10-08 17:32:12    [ALERT] 즉시 알림(텔레그램) — 위스키 샵 알림 — ⭐1 · 🆕1 · 🔁0
2026-10-08 17:32:14  [TRK] 추적 보틀 5개
2026-10-08 17:32:15  [TRK]   데일리샷 페이지에 데이터 없음(2032B): <!DOCTYPE html>
<html lang="en">
<head>
    <meta charset="utf-8">
    <meta name="viewport" content="width=device-width
2026-10-08 17:32:16  [TRK] 완료 — 알림 0건, 이력 2행
2026-10-08 17:32:16  [TRK] [AUC] 감시 대상 8건 · 사이트 15곳
2026-10-08 17:32:27  [TRK] [AUC] 아드벡 하우스 리저브: 매치 1건
2026-10-08 17:32:33  [TRK] [AUC] 메이커스마크 구병(1990s 레드탑): 매치 10건
2026-10-08 17:32:39  [TRK] [AUC] 메이커스마크 골드탑(50.5% 수출용 더스티): 매치 1건
2026-10-08 17:32:45  [TRK] [AUC] 메이커스마크 블랙탑(47.5% 수출용 더스티): 매치 2건
2026-10-08 17:32:48  [TRK] [AUC] Glen Moray 1962 27 Year Old Vintage 750ml (43°): 매치 3건
2026-10-08 17:32:51  [TRK] [AUC] Lagavulin 12yo Fireside Tales Special Release 2024 700ml 57.4%: 매치 3건
2026-10-08 17:32:55  [TRK] [AUC] Laphroaig 1991 23 Year Old 700ml (52.6°): 매치 5건
2026-10-08 17:32:58  [TRK] [AUC] Laphroaig 1991 DeDr Whiskyland Chapter 23 700ml (48.3°): 매치 2건
2026-10-08 17:32:58  [TRK] [AUC] 변화 없음 (매치 27건)
2026-10-08 17:42:06    [ERR] nickolls: JSON 아님: <html><head><link rel="icon" href="data:;"><meta http-equiv="refresh" content="0;/.well-known/sgcaptcha/?r=%2Fwp-json%2F
2026-10-08 17:42:06    [EVENT] 신규 1 · 재입고 0
2026-10-08 17:42:06  [OK] 폴링 완료 → 신규 0건, 세일 0건, 사이트 오류 1건 | 수집 rudder 441, mukawa 24, deinwhisky 61, shinanoya 59, vitalaus 0, whiskybarrel 500, innout 500, topwhiskies 500, abbey 500, reallygood 500, htfw 0, whiskymaniac 24, whiskysite 44, lmdw 60, wio 500, dailyshot_cvs 3336, lotteon 28
2026-10-08 17:42:07  [TRK] 추적 보틀 5개
2026-10-08 17:42:08  [TRK]   데일리샷 페이지에 데이터 없음(2032B): <!DOCTYPE html>
<html lang="en">
<head>
    <meta charset="utf-8">
    <meta name="viewport" content="width=device-width
2026-10-08 17:42:09  [TRK] 완료 — 알림 0건, 이력 2행
2026-10-08 17:42:09  [TRK] [AUC] 감시 대상 8건 · 사이트 15곳
2026-10-08 17:42:20  [TRK] [AUC] 아드벡 하우스 리저브: 매치 1건
2026-10-08 17:42:27  [TRK] [AUC] 메이커스마크 구병(1990s 레드탑): 매치 10건
2026-10-08 17:42:32  [TRK] [AUC] 메이커스마크 골드탑(50.5% 수출용 더스티): 매치 1건
2026-10-08 17:42:39  [TRK] [AUC] 메이커스마크 블랙탑(47.5% 수출용 더스티): 매치 2건
2026-10-08 17:42:50  [TRK] [AUC] Nickolls & Perks(영국) 검색 실패 'glen moray 1962': RuntimeError JSON 아님: <html><head><link rel="icon" href="data:;"><meta http-equiv="refresh" content="0;/.well-known/sgcaptcha/?r=%2Fwp-json%2F
2026-10-08 17:42:50  [TRK] [AUC] Glen Moray 1962 27 Year Old Vintage 750ml (43°): 매치 3건
2026-10-08 17:43:03  [TRK] [AUC] Nickolls & Perks(영국) 검색 실패 'lagavulin 12 2024': RuntimeError JSON 아님: <html><head><link rel="icon" href="data:;"><meta http-equiv="refresh" content="0;/.well-known/sgcaptcha/?r=%2Fwp-json%2F
2026-10-08 17:43:03  [TRK] [AUC] Lagavulin 12yo Fireside Tales Special Release 2024 700ml 57.4%: 매치 3건
2026-10-08 17:43:15  [TRK] [AUC] Nickolls & Perks(영국) 검색 실패 'laphroaig 1991': RuntimeError JSON 아님: <html><head><link rel="icon" href="data:;"><meta http-equiv="refresh" content="0;/.well-known/sgcaptcha/?r=%2Fwp-json%2F
2026-10-08 17:43:15  [TRK] [AUC] Laphroaig 1991 23 Year Old 700ml (52.6°): 매치 5건
2026-10-08 17:43:26  [TRK] [AUC] Nickolls & Perks(영국) 검색 실패 'laphroaig 1991 whiskyland': RuntimeError JSON 아님: <html><head><link rel="icon" href="data:;"><meta http-equiv="refresh" content="0;/.well-known/sgcaptcha/?r=%2Fwp-json%2F
2026-10-08 17:43:26  [TRK] [AUC] Laphroaig 1991 DeDr Whiskyland Chapter 23 700ml (48.3°): 매치 2건
2026-10-08 17:43:26  [TRK] [AUC] 변화 없음 (매치 27건)
2026-10-08 17:52:06    [EVENT] 신규 0 · 재입고 0
2026-10-08 17:52:07  [OK] 폴링 완료 → 신규 0건, 세일 0건 | 수집 rudder 441, mukawa 24, deinwhisky 61, shinanoya 59, vitalaus 0, whiskybarrel 500, innout 500, topwhiskies 500, abbey 500, reallygood 500, htfw 0, whiskymaniac 24, nickolls 100, whiskysite 44, lmdw 60, wio 500, dailyshot_cvs 3336, lotteon 28
2026-10-08 17:52:08  [TRK] 추적 보틀 5개
2026-10-08 17:52:09  [TRK]   데일리샷 페이지에 데이터 없음(2032B): <!DOCTYPE html>
<html lang="en">
<head>
    <meta charset="utf-8">
    <meta name="viewport" content="width=device-width
2026-10-08 17:52:09  [TRK] 완료 — 알림 0건, 이력 2행
2026-10-08 17:52:10  [TRK] [AUC] 감시 대상 8건 · 사이트 15곳
2026-10-08 17:52:20  [TRK] [AUC] 아드벡 하우스 리저브: 매치 1건
2026-10-08 17:52:26  [TRK] [AUC] 메이커스마크 구병(1990s 레드탑): 매치 10건
2026-10-08 17:52:32  [TRK] [AUC] 메이커스마크 골드탑(50.5% 수출용 더스티): 매치 1건
2026-10-08 17:52:38  [TRK] [AUC] 메이커스마크 블랙탑(47.5% 수출용 더스티): 매치 2건
2026-10-08 17:52:41  [TRK] [AUC] Glen Moray 1962 27 Year Old Vintage 750ml (43°): 매치 3건
2026-10-08 17:52:45  [TRK] [AUC] Lagavulin 12yo Fireside Tales Special Release 2024 700ml 57.4%: 매치 3건
2026-10-08 17:52:48  [TRK] [AUC] Laphroaig 1991 23 Year Old 700ml (52.6°): 매치 5건
2026-10-08 17:52:51  [TRK] [AUC] Laphroaig 1991 DeDr Whiskyland Chapter 23 700ml (48.3°): 매치 2건
2026-10-08 17:52:51  [TRK] [AUC] 변화 없음 (매치 27건)
2026-10-08 18:02:35    [EVENT] 신규 0 · 재입고 0
2026-10-08 18:02:36  [OK] 폴링 완료 → 신규 0건, 세일 0건 | 수집 rudder 441, mukawa 24, deinwhisky 61, shinanoya 59, vitalaus 0, whiskybarrel 500, innout 500, topwhiskies 500, abbey 500, reallygood 500, htfw 0, whiskymaniac 24, nickolls 100, whiskysite 44, lmdw 60, wio 500, dailyshot_cvs 3336, lotteon 28
2026-10-08 18:02:38  [TRK] 추적 보틀 5개
2026-10-08 18:02:39  [TRK]   데일리샷 페이지에 데이터 없음(2032B): <!DOCTYPE html>
<html lang="en">
<head>
    <meta charset="utf-8">
    <meta name="viewport" content="width=device-width
2026-10-08 18:02:40  [TRK] 완료 — 알림 0건, 이력 2행
2026-10-08 18:02:40  [TRK] [AUC] 감시 대상 8건 · 사이트 15곳
2026-10-08 18:02:51  [TRK] [AUC] 아드벡 하우스 리저브: 매치 1건
2026-10-08 18:02:57  [TRK] [AUC] 메이커스마크 구병(1990s 레드탑): 매치 10건
2026-10-08 18:03:03  [TRK] [AUC] 메이커스마크 골드탑(50.5% 수출용 더스티): 매치 1건
2026-10-08 18:03:09  [TRK] [AUC] 메이커스마크 블랙탑(47.5% 수출용 더스티): 매치 2건
2026-10-08 18:03:12  [TRK] [AUC] Glen Moray 1962 27 Year Old Vintage 750ml (43°): 매치 3건
2026-10-08 18:03:16  [TRK] [AUC] Lagavulin 12yo Fireside Tales Special Release 2024 700ml 57.4%: 매치 2건
2026-10-08 18:03:19  [TRK] [AUC] Laphroaig 1991 23 Year Old 700ml (52.6°): 매치 5건
2026-10-08 18:03:22  [TRK] [AUC] Laphroaig 1991 DeDr Whiskyland Chapter 23 700ml (48.3°): 매치 2건
2026-10-08 18:03:22  [TRK] [AUC] 변화 없음 (매치 26건)
2026-10-08 18:12:17    [ERR] nickolls: JSON 아님: <html><head><link rel="icon" href="data:;"><meta http-equiv="refresh" content="0;/.well-known/sgcaptcha/?r=%2Fwp-json%2F
2026-10-08 18:12:17    [EVENT] 신규 0 · 재입고 0
2026-10-08 18:12:17  [OK] 폴링 완료 → 신규 0건, 세일 0건, 사이트 오류 1건 | 수집 rudder 441, mukawa 24, deinwhisky 61, shinanoya 59, vitalaus 0, whiskybarrel 500, innout 500, topwhiskies 500, abbey 500, reallygood 500, htfw 0, whiskymaniac 24, whiskysite 44, lmdw 60, wio 500, dailyshot_cvs 3336, lotteon 28
2026-10-08 18:12:21  [TRK] 추적 보틀 5개
2026-10-08 18:12:22  [TRK]   데일리샷 페이지에 데이터 없음(2032B): <!DOCTYPE html>
<html lang="en">
<head>
    <meta charset="utf-8">
    <meta name="viewport" content="width=device-width
2026-10-08 18:12:22  [TRK] 완료 — 알림 0건, 이력 2행
2026-10-08 18:12:23  [TRK] [AUC] 감시 대상 8건 · 사이트 15곳
2026-10-08 18:12:33  [TRK] [AUC] 아드벡 하우스 리저브: 매치 1건
2026-10-08 18:12:39  [TRK] [AUC] 메이커스마크 구병(1990s 레드탑): 매치 10건
2026-10-08 18:12:44  [TRK] [AUC] 메이커스마크 골드탑(50.5% 수출용 더스티): 매치 1건
2026-10-08 18:12:50  [TRK] [AUC] 메이커스마크 블랙탑(47.5% 수출용 더스티): 매치 3건
2026-10-08 18:13:03  [TRK] [AUC] Nickolls & Perks(영국) 검색 실패 'glen moray 1962': RuntimeError JSON 아님: <html><head><link rel="icon" href="data:;"><meta http-equiv="refresh" content="0;/.well-known/sgcaptcha/?r=%2Fwp-json%2F
2026-10-08 18:13:03  [TRK] [AUC] Glen Moray 1962 27 Year Old Vintage 750ml (43°): 매치 3건
2026-10-08 18:13:16  [TRK] [AUC] Nickolls & Perks(영국) 검색 실패 'lagavulin 12 2024': RuntimeError JSON 아님: <html><head><link rel="icon" href="data:;"><meta http-equiv="refresh" content="0;/.well-known/sgcaptcha/?r=%2Fwp-json%2F
2026-10-08 18:13:16  [TRK] [AUC] Lagavulin 12yo Fireside Tales Special Release 2024 700ml 57.4%: 매치 3건
2026-10-08 18:13:29  [TRK] [AUC] Nickolls & Perks(영국) 검색 실패 'laphroaig 1991': RuntimeError JSON 아님: <html><head><link rel="icon" href="data:;"><meta http-equiv="refresh" content="0;/.well-known/sgcaptcha/?r=%2Fwp-json%2F
2026-10-08 18:13:29  [TRK] [AUC] Laphroaig 1991 23 Year Old 700ml (52.6°): 매치 5건
2026-10-08 18:13:41  [TRK] [AUC] Nickolls & Perks(영국) 검색 실패 'laphroaig 1991 whiskyland': RuntimeError JSON 아님: <html><head><link rel="icon" href="data:;"><meta http-equiv="refresh" content="0;/.well-known/sgcaptcha/?r=%2Fwp-json%2F
2026-10-08 18:13:41  [TRK] [AUC] Laphroaig 1991 DeDr Whiskyland Chapter 23 700ml (48.3°): 매치 2건
2026-10-08 18:13:41  [TRK] [AUC] 변화 없음 (매치 28건)
2026-10-08 18:21:52    [EVENT] 신규 0 · 재입고 0
2026-10-08 18:21:52  [OK] 폴링 완료 → 신규 0건, 세일 0건 | 수집 rudder 441, mukawa 24, deinwhisky 61, shinanoya 59, vitalaus 0, whiskybarrel 500, innout 500, topwhiskies 500, abbey 500, reallygood 500, htfw 0, whiskymaniac 24, nickolls 100, whiskysite 44, lmdw 60, wio 500, dailyshot_cvs 3336, lotteon 28
2026-10-08 18:21:53  [TRK] 추적 보틀 5개
2026-10-08 18:21:54  [TRK]   데일리샷 페이지에 데이터 없음(2032B): <!DOCTYPE html>
<html lang="en">
<head>
    <meta charset="utf-8">
    <meta name="viewport" content="width=device-width
2026-10-08 18:21:54  [TRK] 완료 — 알림 0건, 이력 2행
2026-10-08 18:21:55  [TRK] [AUC] 감시 대상 8건 · 사이트 15곳
2026-10-08 18:22:02  [TRK] [AUC] 야후옥션 검색 실패 'ハウスリザーブ': HTTPError HTTP Error 500: Internal Server Error
2026-10-08 18:22:02  [TRK] [AUC] 야후옥션 검색 실패 'Ardbeg': HTTPError HTTP Error 500: Internal Server Error
2026-10-08 18:22:02  [TRK] [AUC] 야후옥션 검색 실패 'アードベッグ': HTTPError HTTP Error 500: Internal Server Error
2026-10-08 18:22:02  [TRK] [AUC] 야후옥션 검색 실패 'アードベック': HTTPError HTTP Error 500: Internal Server Error
2026-10-08 18:22:02  [TRK] [AUC] 아드벡 하우스 리저브: 매치 1건
2026-10-08 18:22:10  [TRK] [AUC] 야후옥션 검색 실패 'メーカーズ マーク': HTTPError HTTP Error 500: Internal Server Error
2026-10-08 18:22:10  [TRK] [AUC] 야후옥션 검색 실패 'メーカーズマーク': HTTPError HTTP Error 500: Internal Server Error
2026-10-08 18:22:10  [TRK] [AUC] 메이커스마크 구병(1990s 레드탑): 매치 0건
2026-10-08 18:22:17  [TRK] [AUC] 야후옥션 검색 실패 'メーカーズマーク': HTTPError HTTP Error 500: Internal Server Error
2026-10-08 18:22:17  [TRK] [AUC] 야후옥션 검색 실패 'メーカーズ マーク': HTTPError HTTP Error 500: Internal Server Error
2026-10-08 18:22:17  [TRK] [AUC] 메이커스마크 골드탑(50.5% 수출용 더스티): 매치 0건
2026-10-08 18:22:24  [TRK] [AUC] 야후옥션 검색 실패 'メーカーズ マーク': HTTPError HTTP Error 500: Internal Server Error
2026-10-08 18:22:24  [TRK] [AUC] 야후옥션 검색 실패 'メーカーズマーク': HTTPError HTTP Error 500: Internal Server Error
2026-10-08 18:22:24  [TRK] [AUC] 메이커스마크 블랙탑(47.5% 수출용 더스티): 매치 0건
2026-10-08 18:22:32  [TRK] [AUC] 야후옥션 검색 실패 'グレンマレイ 1962': HTTPError HTTP Error 500: Internal Server Error
2026-10-08 18:22:32  [TRK] [AUC] Glen Moray 1962 27 Year Old Vintage 750ml (43°): 매치 3건
2026-10-08 18:22:39  [TRK] [AUC] 야후옥션 검색 실패 'ラガヴーリン 12 2024': HTTPError HTTP Error 500: Internal Server Error
2026-10-08 18:22:39  [TRK] [AUC] Lagavulin 12yo Fireside Tales Special Release 2024 700ml 57.4%: 매치 2건
2026-10-08 18:22:46  [TRK] [AUC] 야후옥션 검색 실패 'ラフロイグ 1991': HTTPError HTTP Error 500: Internal Server Error
2026-10-08 18:22:46  [TRK] [AUC] Laphroaig 1991 23 Year Old 700ml (52.6°): 매치 5건
2026-10-08 18:22:53  [TRK] [AUC] 야후옥션 검색 실패 'ラフロイグ 1991 whiskyland': HTTPError HTTP Error 500: Internal Server Error
2026-10-08 18:22:53  [TRK] [AUC] Laphroaig 1991 DeDr Whiskyland Chapter 23 700ml (48.3°): 매치 2건
2026-10-08 18:22:54  [TRK] [AUC] 텔레그램 알림 1건 발송
2026-10-08 18:22:54    [ERR] send_email: 'ascii' codec can't encode characters in position 2-3: ordinal not in range(128)
2026-10-08 18:22:54  [TRK] [AUC] 메일 발송
2026-10-08 18:32:21    [ERR] nickolls: JSON 아님: <html><head><link rel="icon" href="data:;"><meta http-equiv="refresh" content="0;/.well-known/sgcaptcha/?r=%2Fwp-json%2F
2026-10-08 18:32:21    [EVENT] 신규 0 · 재입고 0
2026-10-08 18:32:22  [OK] 폴링 완료 → 신규 0건, 세일 0건, 사이트 오류 1건 | 수집 rudder 441, mukawa 24, deinwhisky 61, shinanoya 59, vitalaus 0, whiskybarrel 500, innout 500, topwhiskies 500, abbey 500, reallygood 500, htfw 0, whiskymaniac 24, whiskysite 44, lmdw 60, wio 500, dailyshot_cvs 3336, lotteon 28
2026-10-08 18:32:23  [TRK] 추적 보틀 5개
2026-10-08 18:32:24  [TRK]   데일리샷 페이지에 데이터 없음(2032B): <!DOCTYPE html>
<html lang="en">
<head>
    <meta charset="utf-8">
    <meta name="viewport" content="width=device-width
2026-10-08 18:32:25  [TRK] 완료 — 알림 0건, 이력 2행
2026-10-08 18:32:25  [TRK] [AUC] 감시 대상 8건 · 사이트 15곳
2026-10-08 18:32:35  [TRK] [AUC] 아드벡 하우스 리저브: 매치 1건
2026-10-08 18:32:41  [TRK] [AUC] 메이커스마크 구병(1990s 레드탑): 매치 2건
2026-10-08 18:32:47  [TRK] [AUC] 메이커스마크 골드탑(50.5% 수출용 더스티): 매치 1건
2026-10-08 18:32:52  [TRK] [AUC] 메이커스마크 블랙탑(47.5% 수출용 더스티): 매치 3건
2026-10-08 18:33:04  [TRK] [AUC] Nickolls & Perks(영국) 검색 실패 'glen moray 1962': RuntimeError JSON 아님: <html><head><link rel="icon" href="data:;"><meta http-equiv="refresh" content="0;/.well-known/sgcaptcha/?r=%2Fwp-json%2F
2026-10-08 18:33:04  [TRK] [AUC] Glen Moray 1962 27 Year Old Vintage 750ml (43°): 매치 3건
2026-10-08 18:33:17  [TRK] [AUC] Nickolls & Perks(영국) 검색 실패 'lagavulin 12 2024': RuntimeError JSON 아님: <html><head><link rel="icon" href="data:;"><meta http-equiv="refresh" content="0;/.well-known/sgcaptcha/?r=%2Fwp-json%2F
2026-10-08 18:33:17  [TRK] [AUC] Lagavulin 12yo Fireside Tales Special Release 2024 700ml 57.4%: 매치 3건
2026-10-08 18:33:30  [TRK] [AUC] Nickolls & Perks(영국) 검색 실패 'laphroaig 1991': RuntimeError JSON 아님: <html><head><link rel="icon" href="data:;"><meta http-equiv="refresh" content="0;/.well-known/sgcaptcha/?r=%2Fwp-json%2F
2026-10-08 18:33:30  [TRK] [AUC] Laphroaig 1991 23 Year Old 700ml (52.6°): 매치 5건
2026-10-08 18:33:41  [TRK] [AUC] Nickolls & Perks(영국) 검색 실패 'laphroaig 1991 whiskyland': RuntimeError JSON 아님: <html><head><link rel="icon" href="data:;"><meta http-equiv="refresh" content="0;/.well-known/sgcaptcha/?r=%2Fwp-json%2F
2026-10-08 18:33:41  [TRK] [AUC] Laphroaig 1991 DeDr Whiskyland Chapter 23 700ml (48.3°): 매치 2건
2026-10-08 18:33:41  [TRK] [AUC] 변화 없음 (매치 20건)
2026-10-08 18:58:23    [EVENT] 신규 0 · 재입고 18 (정밀 스캔)
2026-10-08 18:58:24  [OK] 폴링 완료 → 신규 0건, 세일 0건 | 수집 rudder 441, mukawa 24, deinwhisky 61, shinanoya 59, vitalaus 0, whiskybarrel 8644, innout 1686, topwhiskies 1143, abbey 4879, reallygood 2791, htfw 0, whiskymaniac 24, nickolls 3790, whiskysite 44, lmdw 399, wio 2191, dailyshot_cvs 3336, lotteon 28
2026-10-08 18:58:25  [TRK] 추적 보틀 5개
2026-10-08 18:58:28  [TRK]   데일리샷 페이지에 데이터 없음(2032B): <!DOCTYPE html>
<html lang="en">
<head>
    <meta charset="utf-8">
    <meta name="viewport" content="width=device-width
2026-10-08 18:58:29  [TRK] 완료 — 알림 0건, 이력 2행
2026-10-08 18:58:30  [TRK] [AUC] 감시 대상 8건 · 사이트 15곳
2026-10-08 18:58:41  [TRK] [AUC] 아드벡 하우스 리저브: 매치 1건
2026-10-08 18:58:46  [TRK] [AUC] 메이커스마크 구병(1990s 레드탑): 매치 9건
2026-10-08 18:58:51  [TRK] [AUC] 메이커스마크 골드탑(50.5% 수출용 더스티): 매치 3건
2026-10-08 18:58:56  [TRK] [AUC] 메이커스마크 블랙탑(47.5% 수출용 더스티): 매치 3건
2026-10-08 18:59:03  [TRK] [AUC] Glen Moray 1962 27 Year Old Vintage 750ml (43°): 매치 3건
2026-10-08 18:59:07  [TRK] [AUC] Lagavulin 12yo Fireside Tales Special Release 2024 700ml 57.4%: 매치 3건
2026-10-08 18:59:13  [TRK] [AUC] Laphroaig 1991 23 Year Old 700ml (52.6°): 매치 5건
2026-10-08 18:59:17  [TRK] [AUC] Laphroaig 1991 DeDr Whiskyland Chapter 23 700ml (48.3°): 매치 2건
2026-10-08 18:59:18  [TRK] [AUC] 텔레그램 알림 2건 발송
2026-10-08 18:59:19    [ERR] send_email: 'ascii' codec can't encode characters in position 2-3: ordinal not in range(128)
2026-10-08 18:59:19  [TRK] [AUC] 메일 발송
2026-10-08 18:59:19    [ERR] send_email: 'ascii' codec can't encode characters in position 2-3: ordinal not in range(128)
2026-10-08 18:59:19  [TRK] [DIGEST] 샵 리포트 발송 — 신제품 11 · 재입고 27 · ⭐ 5 (위스키 외 8 제외)
2026-10-08 19:02:09    [EVENT] 신규 0 · 재입고 0
2026-10-08 19:02:09  [OK] 폴링 완료 → 신규 0건, 세일 0건 | 수집 rudder 441, mukawa 24, deinwhisky 61, shinanoya 59, vitalaus 0, whiskybarrel 500, innout 500, topwhiskies 500, abbey 500, reallygood 500, htfw 0, whiskymaniac 24, nickolls 100, whiskysite 44, lmdw 60, wio 500, dailyshot_cvs 3336, lotteon 28
2026-10-08 19:02:10  [TRK] 추적 보틀 5개
2026-10-08 19:02:11  [TRK]   데일리샷 페이지에 데이터 없음(2032B): <!DOCTYPE html>
<html lang="en">
<head>
    <meta charset="utf-8">
    <meta name="viewport" content="width=device-width
2026-10-08 19:02:12  [TRK] 완료 — 알림 0건, 이력 2행
2026-10-08 19:02:12  [TRK] [AUC] 감시 대상 8건 · 사이트 15곳
2026-10-08 19:02:22  [TRK] [AUC] 아드벡 하우스 리저브: 매치 1건
2026-10-08 19:02:26  [TRK] [AUC] 메이커스마크 구병(1990s 레드탑): 매치 9건
2026-10-08 19:02:31  [TRK] [AUC] 메이커스마크 골드탑(50.5% 수출용 더스티): 매치 3건
2026-10-08 19:02:36  [TRK] [AUC] 메이커스마크 블랙탑(47.5% 수출용 더스티): 매치 3건
2026-10-08 19:02:40  [TRK] [AUC] Glen Moray 1962 27 Year Old Vintage 750ml (43°): 매치 3건
2026-10-08 19:02:44  [TRK] [AUC] Lagavulin 12yo Fireside Tales Special Release 2024 700ml 57.4%: 매치 3건
2026-10-08 19:02:48  [TRK] [AUC] Laphroaig 1991 23 Year Old 700ml (52.6°): 매치 5건
2026-10-08 19:02:51  [TRK] [AUC] Laphroaig 1991 DeDr Whiskyland Chapter 23 700ml (48.3°): 매치 2건
2026-10-08 19:02:51  [TRK] [AUC] 변화 없음 (매치 29건)
2026-10-08 19:32:11    [ERR] nickolls: JSON 아님: <html><head><link rel="icon" href="data:;"><meta http-equiv="refresh" content="0;/.well-known/sgcaptcha/?r=%2Fwp-json%2F
2026-10-08 19:32:11    [EVENT] 신규 2 · 재입고 0
2026-10-08 19:32:11  [OK] 폴링 완료 → 신규 0건, 세일 0건, 사이트 오류 1건 | 수집 rudder 441, mukawa 24, deinwhisky 61, shinanoya 59, vitalaus 0, whiskybarrel 500, innout 500, topwhiskies 500, abbey 500, reallygood 500, htfw 0, whiskymaniac 24, whiskysite 44, lmdw 60, wio 500, dailyshot_cvs 3336, lotteon 28
2026-10-08 19:32:13    [ALERT] 즉시 알림(텔레그램) — 위스키 샵 알림 — ⭐0 · 🆕2 · 🔁0
2026-10-08 19:32:14  [TRK] 추적 보틀 5개
2026-10-08 19:32:15  [TRK]   데일리샷 페이지에 데이터 없음(2032B): <!DOCTYPE html>
<html lang="en">
<head>
    <meta charset="utf-8">
    <meta name="viewport" content="width=device-width
2026-10-08 19:32:15  [TRK] 완료 — 알림 0건, 이력 2행
2026-10-08 19:32:16  [TRK] [AUC] 감시 대상 8건 · 사이트 15곳
2026-10-08 19:32:25  [TRK] [AUC] 아드벡 하우스 리저브: 매치 1건
2026-10-08 19:32:29  [TRK] [AUC] 메이커스마크 구병(1990s 레드탑): 매치 2건
2026-10-08 19:32:34  [TRK] [AUC] 메이커스마크 골드탑(50.5% 수출용 더스티): 매치 3건
2026-10-08 19:32:39  [TRK] [AUC] 메이커스마크 블랙탑(47.5% 수출용 더스티): 매치 3건
2026-10-08 19:32:52  [TRK] [AUC] Nickolls & Perks(영국) 검색 실패 'glen moray 1962': RuntimeError JSON 아님: <html><head><link rel="icon" href="data:;"><meta http-equiv="refresh" content="0;/.well-known/sgcaptcha/?r=%2Fwp-json%2F
2026-10-08 19:32:52  [TRK] [AUC] Glen Moray 1962 27 Year Old Vintage 750ml (43°): 매치 3건
2026-10-08 19:33:06  [TRK] [AUC] Nickolls & Perks(영국) 검색 실패 'lagavulin 12 2024': RuntimeError JSON 아님: <html><head><link rel="icon" href="data:;"><meta http-equiv="refresh" content="0;/.well-known/sgcaptcha/?r=%2Fwp-json%2F
2026-10-08 19:33:06  [TRK] [AUC] Lagavulin 12yo Fireside Tales Special Release 2024 700ml 57.4%: 매치 3건
2026-10-08 19:33:19  [TRK] [AUC] Nickolls & Perks(영국) 검색 실패 'laphroaig 1991': RuntimeError JSON 아님: <html><head><link rel="icon" href="data:;"><meta http-equiv="refresh" content="0;/.well-known/sgcaptcha/?r=%2Fwp-json%2F
2026-10-08 19:33:19  [TRK] [AUC] Laphroaig 1991 23 Year Old 700ml (52.6°): 매치 5건
2026-10-08 19:33:30  [TRK] [AUC] Nickolls & Perks(영국) 검색 실패 'laphroaig 1991 whiskyland': RuntimeError JSON 아님: <html><head><link rel="icon" href="data:;"><meta http-equiv="refresh" content="0;/.well-known/sgcaptcha/?r=%2Fwp-json%2F
2026-10-08 19:33:30  [TRK] [AUC] Laphroaig 1991 DeDr Whiskyland Chapter 23 700ml (48.3°): 매치 2건
2026-10-08 19:33:31  [TRK] [AUC] 텔레그램 알림 1건 발송
2026-10-08 19:33:31    [ERR] send_email: 'ascii' codec can't encode characters in position 2-3: ordinal not in range(128)
2026-10-08 19:33:31  [TRK] [AUC] 메일 발송
2026-10-08 20:02:29    [EVENT] 신규 0 · 재입고 0
2026-10-08 20:02:29  [OK] 폴링 완료 → 신규 0건, 세일 0건 | 수집 rudder 441, mukawa 24, deinwhisky 61, shinanoya 59, vitalaus 0, whiskybarrel 500, innout 500, topwhiskies 500, abbey 500, reallygood 500, htfw 0, whiskymaniac 24, nickolls 100, whiskysite 44, lmdw 60, wio 500, dailyshot_cvs 3336, lotteon 28
2026-10-08 20:02:30  [TRK] 추적 보틀 5개
2026-10-08 20:02:31  [TRK]   데일리샷 페이지에 데이터 없음(2032B): <!DOCTYPE html>
<html lang="en">
<head>
    <meta charset="utf-8">
    <meta name="viewport" content="width=device-width
2026-10-08 20:02:32  [TRK] 완료 — 알림 0건, 이력 2행
2026-10-08 20:02:32  [TRK] [AUC] 감시 대상 8건 · 사이트 15곳
2026-10-08 20:02:43  [TRK] [AUC] 아드벡 하우스 리저브: 매치 1건
2026-10-08 20:02:48  [TRK] [AUC] 메이커스마크 구병(1990s 레드탑): 매치 8건
2026-10-08 20:02:54  [TRK] [AUC] 메이커스마크 골드탑(50.5% 수출용 더스티): 매치 3건
2026-10-08 20:02:59  [TRK] [AUC] 메이커스마크 블랙탑(47.5% 수출용 더스티): 매치 3건
2026-10-08 20:03:03  [TRK] [AUC] Glen Moray 1962 27 Year Old Vintage 750ml (43°): 매치 3건
2026-10-08 20:03:08  [TRK] [AUC] Lagavulin 12yo Fireside Tales Special Release 2024 700ml 57.4%: 매치 3건
2026-10-08 20:03:13  [TRK] [AUC] Laphroaig 1991 23 Year Old 700ml (52.6°): 매치 5건
2026-10-08 20:03:16  [TRK] [AUC] Laphroaig 1991 DeDr Whiskyland Chapter 23 700ml (48.3°): 매치 2건
2026-10-08 20:03:16  [TRK] [AUC] 변화 없음 (매치 28건)
2026-10-08 20:32:22    [ERR] nickolls: JSON 아님: <html><head><link rel="icon" href="data:;"><meta http-equiv="refresh" content="0;/.well-known/sgcaptcha/?r=%2Fwp-json%2F
2026-10-08 20:32:22    [EVENT] 신규 2 · 재입고 0
2026-10-08 20:32:22  [OK] 폴링 완료 → 신규 0건, 세일 1건, 사이트 오류 1건 | 수집 rudder 441, mukawa 24, deinwhisky 61, shinanoya 59, vitalaus 0, whiskybarrel 500, innout 500, topwhiskies 500, abbey 500, reallygood 500, htfw 0, whiskymaniac 24, whiskysite 44, lmdw 60, wio 500, dailyshot_cvs 3336, lotteon 28
2026-10-08 20:32:24    [ALERT] 즉시 알림(텔레그램) — 위스키 샵 알림 — ⭐0 · 🆕2 · 🔁0 · 💰1
2026-10-08 20:32:25  [TRK] 추적 보틀 5개
2026-10-08 20:32:27  [TRK]   데일리샷 페이지에 데이터 없음(2032B): <!DOCTYPE html>
<html lang="en">
<head>
    <meta charset="utf-8">
    <meta name="viewport" content="width=device-width
2026-10-08 20:32:28  [TRK] 완료 — 알림 0건, 이력 2행
2026-10-08 20:32:29  [TRK] [AUC] 감시 대상 8건 · 사이트 15곳
2026-10-08 20:32:41  [TRK] [AUC] 아드벡 하우스 리저브: 매치 1건
2026-10-08 20:32:47  [TRK] [AUC] 메이커스마크 구병(1990s 레드탑): 매치 8건
2026-10-08 20:32:54  [TRK] [AUC] 메이커스마크 골드탑(50.5% 수출용 더스티): 매치 3건
2026-10-08 20:33:00  [TRK] [AUC] 메이커스마크 블랙탑(47.5% 수출용 더스티): 매치 3건
2026-10-08 20:33:12  [TRK] [AUC] Nickolls & Perks(영국) 검색 실패 'glen moray 1962': RuntimeError JSON 아님: <html><head><link rel="icon" href="data:;"><meta http-equiv="refresh" content="0;/.well-known/sgcaptcha/?r=%2Fwp-json%2F
2026-10-08 20:33:12  [TRK] [AUC] Glen Moray 1962 27 Year Old Vintage 750ml (43°): 매치 3건
2026-10-08 20:33:24  [TRK] [AUC] Nickolls & Perks(영국) 검색 실패 'lagavulin 12 2024': RuntimeError JSON 아님: <html><head><link rel="icon" href="data:;"><meta http-equiv="refresh" content="0;/.well-known/sgcaptcha/?r=%2Fwp-json%2F
2026-10-08 20:33:24  [TRK] [AUC] Lagavulin 12yo Fireside Tales Special Release 2024 700ml 57.4%: 매치 3건
2026-10-08 20:33:37  [TRK] [AUC] Nickolls & Perks(영국) 검색 실패 'laphroaig 1991': RuntimeError JSON 아님: <html><head><link rel="icon" href="data:;"><meta http-equiv="refresh" content="0;/.well-known/sgcaptcha/?r=%2Fwp-json%2F
2026-10-08 20:33:37  [TRK] [AUC] Laphroaig 1991 23 Year Old 700ml (52.6°): 매치 5건
2026-10-08 20:33:49  [TRK] [AUC] Nickolls & Perks(영국) 검색 실패 'laphroaig 1991 whiskyland': RuntimeError JSON 아님: <html><head><link rel="icon" href="data:;"><meta http-equiv="refresh" content="0;/.well-known/sgcaptcha/?r=%2Fwp-json%2F
2026-10-08 20:33:49  [TRK] [AUC] Laphroaig 1991 DeDr Whiskyland Chapter 23 700ml (48.3°): 매치 2건
2026-10-08 20:33:49  [TRK] [AUC] 변화 없음 (매치 28건)
2026-10-08 21:01:36    [ERR] htfw/p1: HTTP Error 503: Service Unavailable
2026-10-08 21:02:30    [EVENT] 신규 1 · 재입고 0
2026-10-08 21:02:30  [OK] 폴링 완료 → 신규 0건, 세일 0건 | 수집 rudder 441, mukawa 24, deinwhisky 61, shinanoya 59, vitalaus 0, whiskybarrel 500, innout 500, topwhiskies 500, abbey 500, reallygood 500, htfw 0, whiskymaniac 24, nickolls 100, whiskysite 44, lmdw 60, wio 500, dailyshot_cvs 3336, lotteon 28
2026-10-08 21:02:32    [ALERT] 즉시 알림(텔레그램) — 위스키 샵 알림 — ⭐0 · 🆕1 · 🔁0
2026-10-08 21:02:33  [TRK] 추적 보틀 5개
2026-10-08 21:02:34  [TRK]   데일리샷 페이지에 데이터 없음(2032B): <!DOCTYPE html>
<html lang="en">
<head>
    <meta charset="utf-8">
    <meta name="viewport" content="width=device-width
2026-10-08 21:02:35  [TRK] 완료 — 알림 0건, 이력 2행
2026-10-08 21:02:36  [TRK] [AUC] 감시 대상 8건 · 사이트 15곳
2026-10-08 21:02:46  [TRK] [AUC] 아드벡 하우스 리저브: 매치 1건
2026-10-08 21:02:51  [TRK] [AUC] 메이커스마크 구병(1990s 레드탑): 매치 8건
2026-10-08 21:02:56  [TRK] [AUC] 메이커스마크 골드탑(50.5% 수출용 더스티): 매치 3건
2026-10-08 21:03:01  [TRK] [AUC] 메이커스마크 블랙탑(47.5% 수출용 더스티): 매치 3건
2026-10-08 21:03:10  [TRK] [AUC] HTFW(영국) 검색 실패 'glen moray 1962': HTTPError HTTP Error 503: Service Unavailable
2026-10-08 21:03:10  [TRK] [AUC] Glen Moray 1962 27 Year Old Vintage 750ml (43°): 매치 3건
2026-10-08 21:03:21  [TRK] [AUC] HTFW(영국) 검색 실패 'lagavulin 12 2024': HTTPError HTTP Error 503: Service Unavailable
2026-10-08 21:03:21  [TRK] [AUC] Lagavulin 12yo Fireside Tales Special Release 2024 700ml 57.4%: 매치 3건
2026-10-08 21:03:29  [TRK] [AUC] HTFW(영국) 검색 실패 'laphroaig 1991': HTTPError HTTP Error 503: Service Unavailable
2026-10-08 21:03:29  [TRK] [AUC] Laphroaig 1991 23 Year Old 700ml (52.6°): 매치 5건
2026-10-08 21:03:36  [TRK] [AUC] HTFW(영국) 검색 실패 'laphroaig 1991 whiskyland': HTTPError HTTP Error 503: Service Unavailable
2026-10-08 21:03:36  [TRK] [AUC] Laphroaig 1991 DeDr Whiskyland Chapter 23 700ml (48.3°): 매치 2건
2026-10-08 21:03:36  [TRK] [AUC] 변화 없음 (매치 28건)
2026-10-08 21:32:07    [ERR] nickolls: JSON 아님: <html><head><link rel="icon" href="data:;"><meta http-equiv="refresh" content="0;/.well-known/sgcaptcha/?r=%2Fwp-json%2F
2026-10-08 21:32:08    [EVENT] 신규 3 · 재입고 0
2026-10-08 21:32:08  [OK] 폴링 완료 → 신규 1건, 세일 0건, 사이트 오류 1건 | 수집 rudder 441, mukawa 24, deinwhisky 61, shinanoya 59, vitalaus 0, whiskybarrel 500, innout 500, topwhiskies 500, abbey 500, reallygood 500, htfw 0, whiskymaniac 24, whiskysite 44, lmdw 60, wio 500, dailyshot_cvs 3336, lotteon 28
2026-10-08 21:32:10    [ALERT] 즉시 알림(텔레그램) — 위스키 샵 알림 — ⭐1 · 🆕2 · 🔁0
2026-10-08 21:32:11  [TRK] 추적 보틀 5개
2026-10-08 21:32:12  [TRK]   데일리샷 페이지에 데이터 없음(2032B): <!DOCTYPE html>
<html lang="en">
<head>
    <meta charset="utf-8">
    <meta name="viewport" content="width=device-width
2026-10-08 21:32:13  [TRK] 완료 — 알림 0건, 이력 2행
2026-10-08 21:32:13  [TRK] [AUC] 감시 대상 8건 · 사이트 15곳
2026-10-08 21:32:22  [TRK] [AUC] 아드벡 하우스 리저브: 매치 1건
2026-10-08 21:32:27  [TRK] [AUC] 메이커스마크 구병(1990s 레드탑): 매치 10건
2026-10-08 21:32:32  [TRK] [AUC] 메이커스마크 골드탑(50.5% 수출용 더스티): 매치 3건
2026-10-08 21:32:37  [TRK] [AUC] 메이커스마크 블랙탑(47.5% 수출용 더스티): 매치 3건
2026-10-08 21:32:49  [TRK] [AUC] Nickolls & Perks(영국) 검색 실패 'glen moray 1962': RuntimeError JSON 아님: <html><head><link rel="icon" href="data:;"><meta http-equiv="refresh" content="0;/.well-known/sgcaptcha/?r=%2Fwp-json%2F
2026-10-08 21:32:49  [TRK] [AUC] Glen Moray 1962 27 Year Old Vintage 750ml (43°): 매치 3건
2026-10-08 21:33:03  [TRK] [AUC] Nickolls & Perks(영국) 검색 실패 'lagavulin 12 2024': RuntimeError JSON 아님: <html><head><link rel="icon" href="data:;"><meta http-equiv="refresh" content="0;/.well-known/sgcaptcha/?r=%2Fwp-json%2F
2026-10-08 21:33:03  [TRK] [AUC] Lagavulin 12yo Fireside Tales Special Release 2024 700ml 57.4%: 매치 3건
2026-10-08 21:33:16  [TRK] [AUC] Nickolls & Perks(영국) 검색 실패 'laphroaig 1991': RuntimeError JSON 아님: <html><head><link rel="icon" href="data:;"><meta http-equiv="refresh" content="0;/.well-known/sgcaptcha/?r=%2Fwp-json%2F
2026-10-08 21:33:16  [TRK] [AUC] Laphroaig 1991 23 Year Old 700ml (52.6°): 매치 5건
2026-10-08 21:33:29  [TRK] [AUC] Nickolls & Perks(영국) 검색 실패 'laphroaig 1991 whiskyland': RuntimeError JSON 아님: <html><head><link rel="icon" href="data:;"><meta http-equiv="refresh" content="0;/.well-known/sgcaptcha/?r=%2Fwp-json%2F
2026-10-08 21:33:29  [TRK] [AUC] Laphroaig 1991 DeDr Whiskyland Chapter 23 700ml (48.3°): 매치 2건
2026-10-08 21:33:29  [TRK] [AUC] 변화 없음 (매치 30건)
2026-10-08 22:02:13    [EVENT] 신규 1 · 재입고 0
2026-10-08 22:02:13  [OK] 폴링 완료 → 신규 0건, 세일 0건 | 수집 rudder 441, mukawa 24, deinwhisky 61, shinanoya 59, vitalaus 0, whiskybarrel 500, innout 500, topwhiskies 500, abbey 500, reallygood 500, htfw 0, whiskymaniac 24, nickolls 100, whiskysite 44, lmdw 60, wio 500, dailyshot_cvs 3336, lotteon 28
2026-10-08 22:02:15    [ALERT] 즉시 알림(텔레그램) — 위스키 샵 알림 — ⭐0 · 🆕1 · 🔁0
2026-10-08 22:02:16  [TRK] 추적 보틀 5개
2026-10-08 22:02:17  [TRK]   데일리샷 페이지에 데이터 없음(2032B): <!DOCTYPE html>
<html lang="en">
<head>
    <meta charset="utf-8">
    <meta name="viewport" content="width=device-width
2026-10-08 22:02:18  [TRK] 완료 — 알림 0건, 이력 2행
2026-10-08 22:02:18  [TRK] [AUC] 감시 대상 8건 · 사이트 15곳
2026-10-08 22:02:27  [TRK] [AUC] 아드벡 하우스 리저브: 매치 1건
2026-10-08 22:02:33  [TRK] [AUC] 메이커스마크 구병(1990s 레드탑): 매치 9건
2026-10-08 22:02:38  [TRK] [AUC] 메이커스마크 골드탑(50.5% 수출용 더스티): 매치 3건
2026-10-08 22:02:43  [TRK] [AUC] 메이커스마크 블랙탑(47.5% 수출용 더스티): 매치 3건
2026-10-08 22:02:49  [TRK] [AUC] Glen Moray 1962 27 Year Old Vintage 750ml (43°): 매치 3건
2026-10-08 22:02:53  [TRK] [AUC] Lagavulin 12yo Fireside Tales Special Release 2024 700ml 57.4%: 매치 3건
2026-10-08 22:02:58  [TRK] [AUC] Laphroaig 1991 23 Year Old 700ml (52.6°): 매치 5건
2026-10-08 22:03:06  [TRK] [AUC] Laphroaig 1991 DeDr Whiskyland Chapter 23 700ml (48.3°): 매치 2건
2026-10-08 22:03:06  [TRK] [AUC] 변화 없음 (매치 29건)
2026-10-08 22:32:32    [EVENT] 신규 18 · 재입고 1
2026-10-08 22:32:32  [OK] 폴링 완료 → 신규 2건, 세일 0건 | 수집 rudder 441, mukawa 24, deinwhisky 61, shinanoya 59, vitalaus 0, whiskybarrel 500, innout 500, topwhiskies 500, abbey 500, reallygood 500, htfw 20, whiskymaniac 24, nickolls 100, whiskysite 44, lmdw 60, wio 500, dailyshot_cvs 3336, lotteon 28
2026-10-08 22:32:35    [ALERT] 즉시 알림(텔레그램) — 위스키 샵 알림 — ⭐2 · 🆕10 · 🔁1
2026-10-08 22:32:36  [TRK] 추적 보틀 5개
2026-10-08 22:32:37  [TRK]   데일리샷 페이지에 데이터 없음(2032B): <!DOCTYPE html>
<html lang="en">
<head>
    <meta charset="utf-8">
    <meta name="viewport" content="width=device-width
2026-10-08 22:32:38  [TRK] 완료 — 알림 0건, 이력 2행
2026-10-08 22:32:38  [TRK] [AUC] 감시 대상 8건 · 사이트 15곳
2026-10-08 22:32:46  [TRK] [AUC] 아드벡 하우스 리저브: 매치 1건
2026-10-08 22:32:51  [TRK] [AUC] 메이커스마크 구병(1990s 레드탑): 매치 10건
2026-10-08 22:32:56  [TRK] [AUC] 메이커스마크 골드탑(50.5% 수출용 더스티): 매치 2건
2026-10-08 22:33:00  [TRK] [AUC] 메이커스마크 블랙탑(47.5% 수출용 더스티): 매치 3건
2026-10-08 22:33:05  [TRK] [AUC] Glen Moray 1962 27 Year Old Vintage 750ml (43°): 매치 3건
2026-10-08 22:33:09  [TRK] [AUC] Lagavulin 12yo Fireside Tales Special Release 2024 700ml 57.4%: 매치 3건
2026-10-08 22:33:14  [TRK] [AUC] Laphroaig 1991 23 Year Old 700ml (52.6°): 매치 5건
2026-10-08 22:33:14  [TRK] [AUC] WIO(영국리테일) 검색 실패 'laphroaig 1991 whiskyland': HTTPError HTTP Error 429: Too Many Requests
2026-10-08 22:33:14  [TRK] [AUC] Inn-Out(독일) 검색 실패 'laphroaig 1991 whiskyland': HTTPError HTTP Error 429: Too Many Requests
2026-10-08 22:33:14  [TRK] [AUC] The Whisky Barrel(영국) 검색 실패 'laphroaig 1991 whiskyland': HTTPError HTTP Error 429: Too Many Requests
2026-10-08 22:33:14  [TRK] [AUC] Top Whiskies(영국) 검색 실패 'laphroaig 1991 whiskyland': HTTPError HTTP Error 429: Too Many Requests
2026-10-08 22:33:14  [TRK] [AUC] Abbey Whisky(영국) 검색 실패 'laphroaig 1991 whiskyland': HTTPError HTTP Error 429: Too Many Requests
2026-10-08 22:33:14  [TRK] [AUC] Really Good Whisky(영국) 검색 실패 'laphroaig 1991 whiskyland': HTTPError HTTP Error 429: Too Many Requests
2026-10-08 22:33:18  [TRK] [AUC] Laphroaig 1991 DeDr Whiskyland Chapter 23 700ml (48.3°): 매치 1건
2026-10-08 22:33:18  [TRK] [AUC] 변화 없음 (매치 28건)
2026-10-08 22:58:23    [EVENT] 신규 2 · 재입고 0
2026-10-08 22:58:23  [OK] 폴링 완료 → 신규 0건, 세일 0건 | 수집 rudder 441, mukawa 24, deinwhisky 61, shinanoya 59, vitalaus 0, whiskybarrel 500, innout 500, topwhiskies 500, abbey 500, reallygood 500, htfw 0, whiskymaniac 24, nickolls 100, whiskysite 45, lmdw 60, wio 500, dailyshot_cvs 3336, lotteon 28
2026-10-08 22:58:25    [ALERT] 즉시 알림(텔레그램) — 위스키 샵 알림 — ⭐0 · 🆕2 · 🔁0
2026-10-08 22:58:26  [TRK] 추적 보틀 5개
2026-10-08 22:58:27  [TRK]   데일리샷 페이지에 데이터 없음(2032B): <!DOCTYPE html>
<html lang="en">
<head>
    <meta charset="utf-8">
    <meta name="viewport" content="width=device-width
2026-10-08 22:58:27  [TRK] 완료 — 알림 0건, 이력 2행
2026-10-08 22:58:28  [TRK] [AUC] 감시 대상 8건 · 사이트 15곳
2026-10-08 22:58:37  [TRK] [AUC] 아드벡 하우스 리저브: 매치 1건
2026-10-08 22:58:41  [TRK] [AUC] 메이커스마크 구병(1990s 레드탑): 매치 10건
2026-10-08 22:58:46  [TRK] [AUC] 메이커스마크 골드탑(50.5% 수출용 더스티): 매치 2건
2026-10-08 22:58:51  [TRK] [AUC] 메이커스마크 블랙탑(47.5% 수출용 더스티): 매치 3건
2026-10-08 22:58:56  [TRK] [AUC] Glen Moray 1962 27 Year Old Vintage 750ml (43°): 매치 3건
2026-10-08 22:59:00  [TRK] [AUC] Lagavulin 12yo Fireside Tales Special Release 2024 700ml 57.4%: 매치 3건
2026-10-08 22:59:05  [TRK] [AUC] Laphroaig 1991 23 Year Old 700ml (52.6°): 매치 5건
2026-10-08 22:59:10  [TRK] [AUC] Laphroaig 1991 DeDr Whiskyland Chapter 23 700ml (48.3°): 매치 2건
2026-10-08 22:59:10  [TRK] [AUC] 변화 없음 (매치 29건)
2026-10-08 23:02:42    [EVENT] 신규 1 · 재입고 0
2026-10-08 23:02:42  [OK] 폴링 완료 → 신규 0건, 세일 0건 | 수집 rudder 441, mukawa 24, deinwhisky 61, shinanoya 59, vitalaus 0, whiskybarrel 500, innout 500, topwhiskies 500, abbey 500, reallygood 500, htfw 0, whiskymaniac 24, nickolls 100, whiskysite 45, lmdw 60, wio 500, dailyshot_cvs 3336, lotteon 28
2026-10-08 23:02:44    [ALERT] 즉시 알림(텔레그램) — 위스키 샵 알림 — ⭐0 · 🆕1 · 🔁0
2026-10-08 23:02:46  [TRK] 추적 보틀 5개
2026-10-08 23:02:46  [TRK]   데일리샷 페이지에 데이터 없음(2032B): <!DOCTYPE html>
<html lang="en">
<head>
    <meta charset="utf-8">
    <meta name="viewport" content="width=device-width
2026-10-08 23:02:47  [TRK] 완료 — 알림 0건, 이력 2행
2026-10-08 23:02:47  [TRK] [AUC] 감시 대상 8건 · 사이트 15곳
2026-10-08 23:02:57  [TRK] [AUC] 아드벡 하우스 리저브: 매치 1건
2026-10-08 23:03:01  [TRK] [AUC] 메이커스마크 구병(1990s 레드탑): 매치 10건
2026-10-08 23:03:06  [TRK] [AUC] 메이커스마크 골드탑(50.5% 수출용 더스티): 매치 2건
2026-10-08 23:03:11  [TRK] [AUC] 메이커스마크 블랙탑(47.5% 수출용 더스티): 매치 3건
2026-10-08 23:03:14  [TRK] [AUC] Glen Moray 1962 27 Year Old Vintage 750ml (43°): 매치 3건
2026-10-08 23:03:19  [TRK] [AUC] Lagavulin 12yo Fireside Tales Special Release 2024 700ml 57.4%: 매치 3건
2026-10-08 23:03:23  [TRK] [AUC] Laphroaig 1991 23 Year Old 700ml (52.6°): 매치 5건
2026-10-08 23:03:26  [TRK] [AUC] Laphroaig 1991 DeDr Whiskyland Chapter 23 700ml (48.3°): 매치 2건
2026-10-08 23:03:26  [TRK] [AUC] 변화 없음 (매치 29건)
2026-10-08 23:32:15    [EVENT] 신규 1 · 재입고 0
2026-10-08 23:32:15  [OK] 폴링 완료 → 신규 0건, 세일 0건 | 수집 rudder 441, mukawa 24, deinwhisky 61, shinanoya 59, vitalaus 0, whiskybarrel 500, innout 500, topwhiskies 500, abbey 500, reallygood 500, htfw 0, whiskymaniac 24, nickolls 100, whiskysite 46, lmdw 60, wio 500, dailyshot_cvs 3336, lotteon 28
2026-10-08 23:32:16    [ALERT] 즉시 알림(텔레그램) — 위스키 샵 알림 — ⭐0 · 🆕1 · 🔁0
2026-10-08 23:32:17  [TRK] 추적 보틀 5개
2026-10-08 23:32:18  [TRK]   데일리샷 페이지에 데이터 없음(2032B): <!DOCTYPE html>
<html lang="en">
<head>
    <meta charset="utf-8">
    <meta name="viewport" content="width=device-width
2026-10-08 23:32:19  [TRK] 완료 — 알림 0건, 이력 2행
2026-10-08 23:32:19  [TRK] [AUC] 감시 대상 8건 · 사이트 15곳
2026-10-08 23:32:30  [TRK] [AUC] 아드벡 하우스 리저브: 매치 1건
2026-10-08 23:32:36  [TRK] [AUC] 메이커스마크 구병(1990s 레드탑): 매치 10건
2026-10-08 23:32:42  [TRK] [AUC] 메이커스마크 골드탑(50.5% 수출용 더스티): 매치 2건
2026-10-08 23:32:48  [TRK] [AUC] 메이커스마크 블랙탑(47.5% 수출용 더스티): 매치 3건
2026-10-08 23:32:54  [TRK] [AUC] Glen Moray 1962 27 Year Old Vintage 750ml (43°): 매치 3건
2026-10-08 23:32:58  [TRK] [AUC] Lagavulin 12yo Fireside Tales Special Release 2024 700ml 57.4%: 매치 2건
2026-10-08 23:33:02  [TRK] [AUC] Laphroaig 1991 23 Year Old 700ml (52.6°): 매치 5건
2026-10-08 23:33:05  [TRK] [AUC] Laphroaig 1991 DeDr Whiskyland Chapter 23 700ml (48.3°): 매치 2건
2026-10-08 23:33:05  [TRK] [AUC] 변화 없음 (매치 28건)
2026-10-09 00:12:07    [EVENT] 신규 20 · 재입고 0
2026-10-09 00:12:07  [OK] 폴링 완료 → 신규 3건, 세일 0건 | 수집 rudder 441, mukawa 24, deinwhisky 61, shinanoya 59, vitalaus 0, whiskybarrel 500, innout 500, topwhiskies 500, abbey 500, reallygood 500, htfw 0, whiskymaniac 24, nickolls 100, whiskysite 46, lmdw 60, wio 500, dailyshot_cvs 3336, lotteon 28
2026-10-09 00:12:09    [ALERT] 즉시 알림(텔레그램) — 위스키 샵 알림 — ⭐3 · 🆕17 · 🔁0
2026-10-09 00:12:10  [TRK] 추적 보틀 5개
2026-10-09 00:12:12  [TRK]   데일리샷 페이지에 데이터 없음(2032B): <!DOCTYPE html>
<html lang="en">
<head>
    <meta charset="utf-8">
    <meta name="viewport" content="width=device-width
2026-10-09 00:12:12  [TRK] 완료 — 알림 0건, 이력 2행
2026-10-09 00:12:12  [TRK] [AUC] 감시 대상 8건 · 사이트 15곳
2026-10-09 00:12:21  [TRK] [AUC] 야후옥션 검색 실패 'ハウスリザーブ': HTTPError HTTP Error 500: Internal Server Error
2026-10-09 00:12:21  [TRK] [AUC] 야후옥션 검색 실패 'アードベッグ': HTTPError HTTP Error 500: Internal Server Error
2026-10-09 00:12:21  [TRK] [AUC] 야후옥션 검색 실패 'アードベック': HTTPError HTTP Error 500: Internal Server Error
2026-10-09 00:12:21  [TRK] [AUC] 야후옥션 검색 실패 'Ardbeg': HTTPError HTTP Error 500: Internal Server Error
2026-10-09 00:12:21  [TRK] [AUC] 아드벡 하우스 리저브: 매치 1건
2026-10-09 00:12:28  [TRK] [AUC] 야후옥션 검색 실패 'メーカーズ マーク': HTTPError HTTP Error 500: Internal Server Error
2026-10-09 00:12:28  [TRK] [AUC] 야후옥션 검색 실패 'メーカーズマーク': HTTPError HTTP Error 500: Internal Server Error
2026-10-09 00:12:28  [TRK] [AUC] 메이커스마크 구병(1990s 레드탑): 매치 0건
2026-10-09 00:12:36  [TRK] [AUC] 야후옥션 검색 실패 'メーカーズマーク': HTTPError HTTP Error 500: Internal Server Error
2026-10-09 00:12:36  [TRK] [AUC] 야후옥션 검색 실패 'メーカーズ マーク': HTTPError HTTP Error 500: Internal Server Error
2026-10-09 00:12:36  [TRK] [AUC] 메이커스마크 골드탑(50.5% 수출용 더스티): 매치 0건
2026-10-09 00:12:44  [TRK] [AUC] 야후옥션 검색 실패 'メーカーズマーク': HTTPError HTTP Error 500: Internal Server Error
2026-10-09 00:12:44  [TRK] [AUC] 야후옥션 검색 실패 'メーカーズ マーク': HTTPError HTTP Error 500: Internal Server Error
2026-10-09 00:12:44  [TRK] [AUC] 메이커스마크 블랙탑(47.5% 수출용 더스티): 매치 0건
2026-10-09 00:12:51  [TRK] [AUC] 야후옥션 검색 실패 'グレンマレイ 1962': HTTPError HTTP Error 500: Internal Server Error
2026-10-09 00:12:51  [TRK] [AUC] Glen Moray 1962 27 Year Old Vintage 750ml (43°): 매치 3건
2026-10-09 00:12:59  [TRK] [AUC] 야후옥션 검색 실패 'ラガヴーリン 12 2024': HTTPError HTTP Error 500: Internal Server Error
2026-10-09 00:12:59  [TRK] [AUC] Lagavulin 12yo Fireside Tales Special Release 2024 700ml 57.4%: 매치 2건
2026-10-09 00:13:06  [TRK] [AUC] 야후옥션 검색 실패 'ラフロイグ 1991': HTTPError HTTP Error 500: Internal Server Error
2026-10-09 00:13:06  [TRK] [AUC] Laphroaig 1991 23 Year Old 700ml (52.6°): 매치 5건
2026-10-09 00:13:14  [TRK] [AUC] 야후옥션 검색 실패 'ラフロイグ 1991 whiskyland': HTTPError HTTP Error 500: Internal Server Error
2026-10-09 00:13:15  [TRK] [AUC] Laphroaig 1991 DeDr Whiskyland Chapter 23 700ml (48.3°): 매치 2건
2026-10-09 00:13:15  [TRK] [AUC] 변화 없음 (매치 13건)
2026-10-09 02:12:03    [EVENT] 신규 10 · 재입고 0
2026-10-09 02:12:03  [OK] 폴링 완료 → 신규 1건, 세일 3건 | 수집 rudder 441, mukawa 24, deinwhisky 61, shinanoya 59, vitalaus 0, whiskybarrel 500, innout 500, topwhiskies 500, abbey 500, reallygood 500, htfw 0, whiskymaniac 24, nickolls 100, whiskysite 48, lmdw 60, wio 500, dailyshot_cvs 3336, lotteon 28
2026-10-09 02:12:05    [ALERT] 즉시 알림(텔레그램) — 위스키 샵 알림 — ⭐1 · 🆕9 · 🔁0 · 💰3
2026-10-09 02:12:06  [TRK] 추적 보틀 5개
2026-10-09 02:12:08  [TRK]   데일리샷 페이지에 데이터 없음(2032B): <!DOCTYPE html>
<html lang="en">
<head>
    <meta charset="utf-8">
    <meta name="viewport" content="width=device-width
2026-10-09 02:12:08  [TRK] 완료 — 알림 0건, 이력 2행
2026-10-09 02:12:09  [TRK] [AUC] 감시 대상 8건 · 사이트 15곳
2026-10-09 02:12:19  [TRK] [AUC] 아드벡 하우스 리저브: 매치 1건
2026-10-09 02:12:25  [TRK] [AUC] 메이커스마크 구병(1990s 레드탑): 매치 10건
2026-10-09 02:12:31  [TRK] [AUC] 메이커스마크 골드탑(50.5% 수출용 더스티): 매치 2건
2026-10-09 02:12:36  [TRK] [AUC] 메이커스마크 블랙탑(47.5% 수출용 더스티): 매치 3건
2026-10-09 02:12:41  [TRK] [AUC] Glen Moray 1962 27 Year Old Vintage 750ml (43°): 매치 3건
2026-10-09 02:12:47  [TRK] [AUC] Lagavulin 12yo Fireside Tales Special Release 2024 700ml 57.4%: 매치 3건
2026-10-09 02:12:52  [TRK] [AUC] Laphroaig 1991 23 Year Old 700ml (52.6°): 매치 5건
2026-10-09 02:12:55  [TRK] [AUC] Laphroaig 1991 DeDr Whiskyland Chapter 23 700ml (48.3°): 매치 2건
2026-10-09 02:12:55  [TRK] [AUC] 변화 없음 (매치 29건)
2026-10-09 04:12:11    [EVENT] 신규 3 · 재입고 1
2026-10-09 04:12:12  [OK] 폴링 완료 → 신규 1건, 세일 0건 | 수집 rudder 441, mukawa 24, deinwhisky 61, shinanoya 59, vitalaus 0, whiskybarrel 500, innout 500, topwhiskies 500, abbey 500, reallygood 500, htfw 0, whiskymaniac 24, nickolls 100, whiskysite 48, lmdw 60, wio 500, dailyshot_cvs 3336, lotteon 27
2026-10-09 04:12:15    [ALERT] 즉시 알림(텔레그램) — 위스키 샵 알림 — ⭐1 · 🆕2 · 🔁1
2026-10-09 04:12:16  [TRK] 추적 보틀 5개
2026-10-09 04:12:17  [TRK]   데일리샷 페이지에 데이터 없음(2032B): <!DOCTYPE html>
<html lang="en">
<head>
    <meta charset="utf-8">
    <meta name="viewport" content="width=device-width
2026-10-09 04:12:18  [TRK] 완료 — 알림 0건, 이력 2행
2026-10-09 04:12:19  [TRK] [AUC] 감시 대상 8건 · 사이트 15곳
2026-10-09 04:12:28  [TRK] [AUC] 아드벡 하우스 리저브: 매치 1건
2026-10-09 04:12:33  [TRK] [AUC] 메이커스마크 구병(1990s 레드탑): 매치 3건
2026-10-09 04:12:38  [TRK] [AUC] 메이커스마크 골드탑(50.5% 수출용 더스티): 매치 2건
2026-10-09 04:12:43  [TRK] [AUC] 메이커스마크 블랙탑(47.5% 수출용 더스티): 매치 3건
2026-10-09 04:12:47  [TRK] [AUC] Glen Moray 1962 27 Year Old Vintage 750ml (43°): 매치 3건
2026-10-09 04:12:53  [TRK] [AUC] Lagavulin 12yo Fireside Tales Special Release 2024 700ml 57.4%: 매치 2건
2026-10-09 04:12:58  [TRK] [AUC] Laphroaig 1991 23 Year Old 700ml (52.6°): 매치 5건
2026-10-09 04:13:01  [TRK] [AUC] Laphroaig 1991 DeDr Whiskyland Chapter 23 700ml (48.3°): 매치 2건
2026-10-09 04:13:01  [TRK] [AUC] 변화 없음 (매치 21건)
2026-10-09 06:12:06    [ERR] nickolls: JSON 아님: <html><head><link rel="icon" href="data:;"><meta http-equiv="refresh" content="0;/.well-known/sgcaptcha/?r=%2Fwp-json%2F
2026-10-09 06:12:06    [EVENT] 신규 0 · 재입고 0
2026-10-09 06:12:06  [OK] 폴링 완료 → 신규 0건, 세일 0건, 사이트 오류 1건 | 수집 rudder 441, mukawa 24, deinwhisky 61, shinanoya 59, vitalaus 0, whiskybarrel 500, innout 500, topwhiskies 500, abbey 500, reallygood 500, htfw 0, whiskymaniac 24, whiskysite 48, lmdw 60, wio 500, dailyshot_cvs 3336, lotteon 27
2026-10-09 06:12:07  [TRK] 추적 보틀 5개
2026-10-09 06:12:08  [TRK]   데일리샷 페이지에 데이터 없음(2032B): <!DOCTYPE html>
<html lang="en">
<head>
    <meta charset="utf-8">
    <meta name="viewport" content="width=device-width
2026-10-09 06:12:09  [TRK] 완료 — 알림 0건, 이력 2행
2026-10-09 06:12:09  [TRK] [AUC] 감시 대상 8건 · 사이트 15곳
2026-10-09 06:12:19  [TRK] [AUC] 아드벡 하우스 리저브: 매치 1건
2026-10-09 06:12:25  [TRK] [AUC] 메이커스마크 구병(1990s 레드탑): 매치 10건
2026-10-09 06:12:30  [TRK] [AUC] 메이커스마크 골드탑(50.5% 수출용 더스티): 매치 2건
2026-10-09 06:12:36  [TRK] [AUC] 메이커스마크 블랙탑(47.5% 수출용 더스티): 매치 3건
2026-10-09 06:12:49  [TRK] [AUC] Nickolls & Perks(영국) 검색 실패 'glen moray 1962': RuntimeError JSON 아님: <html><head><link rel="icon" href="data:;"><meta http-equiv="refresh" content="0;/.well-known/sgcaptcha/?r=%2Fwp-json%2F
2026-10-09 06:12:49  [TRK] [AUC] Glen Moray 1962 27 Year Old Vintage 750ml (43°): 매치 3건
2026-10-09 06:13:01  [TRK] [AUC] Nickolls & Perks(영국) 검색 실패 'lagavulin 12 2024': RuntimeError JSON 아님: <html><head><link rel="icon" href="data:;"><meta http-equiv="refresh" content="0;/.well-known/sgcaptcha/?r=%2Fwp-json%2F
2026-10-09 06:13:01  [TRK] [AUC] Lagavulin 12yo Fireside Tales Special Release 2024 700ml 57.4%: 매치 3건
2026-10-09 06:13:17  [TRK] [AUC] Nickolls & Perks(영국) 검색 실패 'laphroaig 1991': RuntimeError JSON 아님: <html><head><link rel="icon" href="data:;"><meta http-equiv="refresh" content="0;/.well-known/sgcaptcha/?r=%2Fwp-json%2F
2026-10-09 06:13:17  [TRK] [AUC] Laphroaig 1991 23 Year Old 700ml (52.6°): 매치 5건
2026-10-09 06:13:29  [TRK] [AUC] Nickolls & Perks(영국) 검색 실패 'laphroaig 1991 whiskyland': RuntimeError JSON 아님: <html><head><link rel="icon" href="data:;"><meta http-equiv="refresh" content="0;/.well-known/sgcaptcha/?r=%2Fwp-json%2F
2026-10-09 06:13:30  [TRK] [AUC] Laphroaig 1991 DeDr Whiskyland Chapter 23 700ml (48.3°): 매치 2건
2026-10-09 06:13:30  [TRK] [AUC] 변화 없음 (매치 29건)
2026-10-09 07:56:59    [ERR] nickolls: JSON 아님: <html><head><link rel="icon" href="data:;"><meta http-equiv="refresh" content="0;/.well-known/sgcaptcha/?r=%2Fwp-json%2F
2026-10-09 07:56:59    [EVENT] 신규 0 · 재입고 2 (정밀 스캔)
2026-10-09 07:56:59  [OK] 폴링 완료 → 신규 0건, 세일 2건, 사이트 오류 1건 | 수집 rudder 441, mukawa 24, deinwhisky 61, shinanoya 59, vitalaus 0, whiskybarrel 8644, innout 1687, topwhiskies 1143, abbey 4879, reallygood 2794, htfw 0, whiskymaniac 24, whiskysite 48, lmdw 399, wio 2197, dailyshot_cvs 3336, lotteon 27
2026-10-09 07:57:01    [ALERT] 즉시 알림(텔레그램) — 위스키 샵 알림 — ⭐0 · 🆕0 · 🔁0 · 💰2
2026-10-09 07:57:02  [TRK] 추적 보틀 5개
2026-10-09 07:57:05  [TRK]   데일리샷 페이지에 데이터 없음(2032B): <!DOCTYPE html>
<html lang="en">
<head>
    <meta charset="utf-8">
    <meta name="viewport" content="width=device-width
2026-10-09 07:57:06  [TRK] 완료 — 알림 0건, 이력 2행
2026-10-09 07:57:06  [TRK] [AUC] 감시 대상 8건 · 사이트 15곳
2026-10-09 07:57:15  [TRK] [AUC] 아드벡 하우스 리저브: 매치 1건
2026-10-09 07:57:20  [TRK] [AUC] 메이커스마크 구병(1990s 레드탑): 매치 10건
2026-10-09 07:57:25  [TRK] [AUC] 메이커스마크 골드탑(50.5% 수출용 더스티): 매치 2건
2026-10-09 07:57:30  [TRK] [AUC] 메이커스마크 블랙탑(47.5% 수출용 더스티): 매치 3건
2026-10-09 07:57:43  [TRK] [AUC] Nickolls & Perks(영국) 검색 실패 'glen moray 1962': RuntimeError JSON 아님: <html><head><link rel="icon" href="data:;"><meta http-equiv="refresh" content="0;/.well-known/sgcaptcha/?r=%2Fwp-json%2F
2026-10-09 07:57:43  [TRK] [AUC] Glen Moray 1962 27 Year Old Vintage 750ml (43°): 매치 3건
2026-10-09 07:57:57  [TRK] [AUC] Nickolls & Perks(영국) 검색 실패 'lagavulin 12 2024': RuntimeError JSON 아님: <html><head><link rel="icon" href="data:;"><meta http-equiv="refresh" content="0;/.well-known/sgcaptcha/?r=%2Fwp-json%2F
2026-10-09 07:57:57  [TRK] [AUC] Lagavulin 12yo Fireside Tales Special Release 2024 700ml 57.4%: 매치 3건
2026-10-09 07:58:10  [TRK] [AUC] Nickolls & Perks(영국) 검색 실패 'laphroaig 1991': RuntimeError JSON 아님: <html><head><link rel="icon" href="data:;"><meta http-equiv="refresh" content="0;/.well-known/sgcaptcha/?r=%2Fwp-json%2F
2026-10-09 07:58:10  [TRK] [AUC] Laphroaig 1991 23 Year Old 700ml (52.6°): 매치 5건
2026-10-09 07:58:22  [TRK] [AUC] Nickolls & Perks(영국) 검색 실패 'laphroaig 1991 whiskyland': RuntimeError JSON 아님: <html><head><link rel="icon" href="data:;"><meta http-equiv="refresh" content="0;/.well-known/sgcaptcha/?r=%2Fwp-json%2F
2026-10-09 07:58:22  [TRK] [AUC] Laphroaig 1991 DeDr Whiskyland Chapter 23 700ml (48.3°): 매치 2건
2026-10-09 07:58:22  [TRK] [AUC] 변화 없음 (매치 29건)
2026-10-09 07:58:24    [ERR] send_email: 'ascii' codec can't encode characters in position 2-3: ordinal not in range(128)
2026-10-09 07:58:24  [TRK] [DIGEST] 샵 리포트 발송 — 신제품 58 · 재입고 4 · ⭐ 9 (위스키 외 6 제외)
2026-10-09 08:02:08    [EVENT] 신규 0 · 재입고 0
2026-10-09 08:02:08  [OK] 폴링 완료 → 신규 0건, 세일 0건 | 수집 rudder 441, mukawa 24, deinwhisky 61, shinanoya 59, vitalaus 0, whiskybarrel 500, innout 500, topwhiskies 500, abbey 500, reallygood 500, htfw 0, whiskymaniac 24, nickolls 100, whiskysite 48, lmdw 60, wio 500, dailyshot_cvs 3336, lotteon 27
2026-10-09 08:02:09  [TRK] 추적 보틀 5개
2026-10-09 08:02:11  [TRK]   데일리샷 페이지에 데이터 없음(2032B): <!DOCTYPE html>
<html lang="en">
<head>
    <meta charset="utf-8">
    <meta name="viewport" content="width=device-width
2026-10-09 08:02:11  [TRK] 완료 — 알림 0건, 이력 2행
2026-10-09 08:02:12  [TRK] [AUC] 감시 대상 8건 · 사이트 15곳
2026-10-09 08:02:21  [TRK] [AUC] 아드벡 하우스 리저브: 매치 1건
2026-10-09 08:02:26  [TRK] [AUC] 메이커스마크 구병(1990s 레드탑): 매치 10건
2026-10-09 08:02:31  [TRK] [AUC] 메이커스마크 골드탑(50.5% 수출용 더스티): 매치 2건
2026-10-09 08:02:36  [TRK] [AUC] 메이커스마크 블랙탑(47.5% 수출용 더스티): 매치 3건
2026-10-09 08:02:40  [TRK] [AUC] Glen Moray 1962 27 Year Old Vintage 750ml (43°): 매치 3건
2026-10-09 08:02:45  [TRK] [AUC] Lagavulin 12yo Fireside Tales Special Release 2024 700ml 57.4%: 매치 3건
2026-10-09 08:02:50  [TRK] [AUC] Laphroaig 1991 23 Year Old 700ml (52.6°): 매치 5건
2026-10-09 08:02:53  [TRK] [AUC] Laphroaig 1991 DeDr Whiskyland Chapter 23 700ml (48.3°): 매치 2건
2026-10-09 08:02:53  [TRK] [AUC] 변화 없음 (매치 29건)
2026-10-09 08:32:09    [EVENT] 신규 0 · 재입고 0
2026-10-09 08:32:09  [OK] 폴링 완료 → 신규 0건, 세일 0건 | 수집 rudder 441, mukawa 24, deinwhisky 61, shinanoya 59, vitalaus 0, whiskybarrel 500, innout 500, topwhiskies 500, abbey 500, reallygood 500, htfw 0, whiskymaniac 24, nickolls 100, whiskysite 48, lmdw 60, wio 500, dailyshot_cvs 3336, lotteon 27
2026-10-09 08:32:10  [TRK] 추적 보틀 5개
2026-10-09 08:32:11  [TRK]   데일리샷 페이지에 데이터 없음(2032B): <!DOCTYPE html>
<html lang="en">
<head>
    <meta charset="utf-8">
    <meta name="viewport" content="width=device-width
2026-10-09 08:32:12  [TRK] 완료 — 알림 0건, 이력 2행
2026-10-09 08:32:13  [TRK] [AUC] 감시 대상 8건 · 사이트 15곳
2026-10-09 08:32:21  [TRK] [AUC] 야후옥션 검색 실패 'ハウスリザーブ': HTTPError HTTP Error 500: Internal Server Error
2026-10-09 08:32:21  [TRK] [AUC] 야후옥션 검색 실패 'Ardbeg': HTTPError HTTP Error 500: Internal Server Error
2026-10-09 08:32:21  [TRK] [AUC] 야후옥션 검색 실패 'アードベッグ': HTTPError HTTP Error 500: Internal Server Error
2026-10-09 08:32:21  [TRK] [AUC] 야후옥션 검색 실패 'アードベック': HTTPError HTTP Error 500: Internal Server Error
2026-10-09 08:32:21  [TRK] [AUC] 아드벡 하우스 리저브: 매치 1건
2026-10-09 08:32:29  [TRK] [AUC] 야후옥션 검색 실패 'メーカーズマーク': HTTPError HTTP Error 500: Internal Server Error
2026-10-09 08:32:29  [TRK] [AUC] 야후옥션 검색 실패 'メーカーズ マーク': HTTPError HTTP Error 500: Internal Server Error
2026-10-09 08:32:29  [TRK] [AUC] 메이커스마크 구병(1990s 레드탑): 매치 0건
2026-10-09 08:32:37  [TRK] [AUC] 야후옥션 검색 실패 'メーカーズマーク': HTTPError HTTP Error 500: Internal Server Error
2026-10-09 08:32:38  [TRK] [AUC] 야후옥션 검색 실패 'メーカーズ マーク': HTTPError HTTP Error 500: Internal Server Error
2026-10-09 08:32:38  [TRK] [AUC] 메이커스마크 골드탑(50.5% 수출용 더스티): 매치 0건
2026-10-09 08:32:45  [TRK] [AUC] 야후옥션 검색 실패 'メーカーズ マーク': HTTPError HTTP Error 500: Internal Server Error
2026-10-09 08:32:45  [TRK] [AUC] 야후옥션 검색 실패 'メーカーズマーク': HTTPError HTTP Error 500: Internal Server Error
2026-10-09 08:32:45  [TRK] [AUC] 메이커스마크 블랙탑(47.5% 수출용 더스티): 매치 0건
2026-10-09 08:32:53  [TRK] [AUC] 야후옥션 검색 실패 'グレンマレイ 1962': HTTPError HTTP Error 500: Internal Server Error
2026-10-09 08:32:53  [TRK] [AUC] Glen Moray 1962 27 Year Old Vintage 750ml (43°): 매치 3건
2026-10-09 08:33:02  [TRK] [AUC] 야후옥션 검색 실패 'ラガヴーリン 12 2024': HTTPError HTTP Error 500: Internal Server Error
2026-10-09 08:33:02  [TRK] [AUC] Lagavulin 12yo Fireside Tales Special Release 2024 700ml 57.4%: 매치 2건
2026-10-09 08:33:10  [TRK] [AUC] 야후옥션 검색 실패 'ラフロイグ 1991': HTTPError HTTP Error 500: Internal Server Error
2026-10-09 08:33:10  [TRK] [AUC] Laphroaig 1991 23 Year Old 700ml (52.6°): 매치 5건
2026-10-09 08:33:18  [TRK] [AUC] 야후옥션 검색 실패 'ラフロイグ 1991 whiskyland': HTTPError HTTP Error 500: Internal Server Error
2026-10-09 08:33:18  [TRK] [AUC] Laphroaig 1991 DeDr Whiskyland Chapter 23 700ml (48.3°): 매치 2건
2026-10-09 08:33:18  [TRK] [AUC] 변화 없음 (매치 13건)
2026-10-09 08:34:37    [EVENT] 신규 0 · 재입고 0
2026-10-09 08:34:37  [OK] 폴링 완료 → 신규 0건, 세일 0건 | 수집 rudder 441, mukawa 24, deinwhisky 61, shinanoya 59, vitalaus 0, whiskybarrel 500, innout 500, topwhiskies 500, abbey 500, reallygood 500, htfw 0, whiskymaniac 24, nickolls 100, whiskysite 48, lmdw 60, wio 500, dailyshot_cvs 3336, lotteon 27
2026-10-09 08:34:38  [TRK] 추적 보틀 5개
2026-10-09 08:34:39  [TRK]   데일리샷 페이지에 데이터 없음(2032B): <!DOCTYPE html>
<html lang="en">
<head>
    <meta charset="utf-8">
    <meta name="viewport" content="width=device-width
2026-10-09 08:34:40  [TRK] 완료 — 알림 0건, 이력 2행
2026-10-09 08:34:40  [TRK] [AUC] 감시 대상 8건 · 사이트 15곳
2026-10-09 08:34:50  [TRK] [AUC] 아드벡 하우스 리저브: 매치 1건
2026-10-09 08:34:55  [TRK] [AUC] 메이커스마크 구병(1990s 레드탑): 매치 10건
2026-10-09 08:34:59  [TRK] [AUC] 메이커스마크 골드탑(50.5% 수출용 더스티): 매치 2건
2026-10-09 08:35:04  [TRK] [AUC] 메이커스마크 블랙탑(47.5% 수출용 더스티): 매치 3건
2026-10-09 08:35:08  [TRK] [AUC] Glen Moray 1962 27 Year Old Vintage 750ml (43°): 매치 3건
2026-10-09 08:35:13  [TRK] [AUC] Lagavulin 12yo Fireside Tales Special Release 2024 700ml 57.4%: 매치 3건
2026-10-09 08:35:16  [TRK] [AUC] Laphroaig 1991 23 Year Old 700ml (52.6°): 매치 5건
2026-10-09 08:35:20  [TRK] [AUC] Laphroaig 1991 DeDr Whiskyland Chapter 23 700ml (48.3°): 매치 2건
2026-10-09 08:35:20  [TRK] [AUC] 변화 없음 (매치 29건)
2026-10-09 09:02:20    [EVENT] 신규 0 · 재입고 0
2026-10-09 09:02:20  [OK] 폴링 완료 → 신규 0건, 세일 0건 | 수집 rudder 441, mukawa 24, deinwhisky 61, shinanoya 59, vitalaus 0, whiskybarrel 500, innout 500, topwhiskies 500, abbey 500, reallygood 500, htfw 0, whiskymaniac 24, nickolls 100, whiskysite 48, lmdw 60, wio 500, dailyshot_cvs 3336, lotteon 27
2026-10-09 09:02:21  [TRK] 추적 보틀 5개
2026-10-09 09:02:23  [TRK]   데일리샷 페이지에 데이터 없음(2032B): <!DOCTYPE html>
<html lang="en">
<head>
    <meta charset="utf-8">
    <meta name="viewport" content="width=device-width
2026-10-09 09:02:23  [TRK] 완료 — 알림 0건, 이력 2행
2026-10-09 09:02:24  [TRK] [AUC] 감시 대상 8건 · 사이트 15곳
2026-10-09 09:02:35  [TRK] [AUC] 아드벡 하우스 리저브: 매치 1건
2026-10-09 09:02:41  [TRK] [AUC] 메이커스마크 구병(1990s 레드탑): 매치 10건
2026-10-09 09:02:47  [TRK] [AUC] 메이커스마크 골드탑(50.5% 수출용 더스티): 매치 2건
2026-10-09 09:02:54  [TRK] [AUC] 메이커스마크 블랙탑(47.5% 수출용 더스티): 매치 3건
2026-10-09 09:02:57  [TRK] [AUC] Glen Moray 1962 27 Year Old Vintage 750ml (43°): 매치 3건
2026-10-09 09:03:00  [TRK] [AUC] Lagavulin 12yo Fireside Tales Special Release 2024 700ml 57.4%: 매치 2건
2026-10-09 09:03:04  [TRK] [AUC] Laphroaig 1991 23 Year Old 700ml (52.6°): 매치 5건
2026-10-09 09:03:07  [TRK] [AUC] Laphroaig 1991 DeDr Whiskyland Chapter 23 700ml (48.3°): 매치 2건
2026-10-09 09:03:07  [TRK] [AUC] 변화 없음 (매치 28건)
2026-10-09 09:32:04    [EVENT] 신규 0 · 재입고 0
2026-10-09 09:32:04  [OK] 폴링 완료 → 신규 0건, 세일 0건 | 수집 rudder 441, mukawa 24, deinwhisky 61, shinanoya 59, vitalaus 0, whiskybarrel 500, innout 500, topwhiskies 500, abbey 500, reallygood 500, htfw 0, whiskymaniac 24, nickolls 100, whiskysite 48, lmdw 60, wio 500, dailyshot_cvs 3336, lotteon 27
2026-10-09 09:32:06  [TRK] 추적 보틀 5개
2026-10-09 09:32:06  [TRK]   데일리샷 페이지에 데이터 없음(2032B): <!DOCTYPE html>
<html lang="en">
<head>
    <meta charset="utf-8">
    <meta name="viewport" content="width=device-width
2026-10-09 09:32:07  [TRK] 완료 — 알림 0건, 이력 2행
2026-10-09 09:32:07  [TRK] [AUC] 감시 대상 8건 · 사이트 15곳
2026-10-09 09:32:16  [TRK] [AUC] 아드벡 하우스 리저브: 매치 1건
2026-10-09 09:32:21  [TRK] [AUC] 메이커스마크 구병(1990s 레드탑): 매치 10건
2026-10-09 09:32:26  [TRK] [AUC] 메이커스마크 골드탑(50.5% 수출용 더스티): 매치 2건
2026-10-09 09:32:31  [TRK] [AUC] 메이커스마크 블랙탑(47.5% 수출용 더스티): 매치 3건
2026-10-09 09:32:39  [TRK] [AUC] Glen Moray 1962 27 Year Old Vintage 750ml (43°): 매치 3건
2026-10-09 09:32:41  [TRK] [AUC] HTFW(영국) 검색 실패 'lagavulin 12 2024': HTTPError HTTP Error 429: Too Many Requests
2026-10-09 09:32:43  [TRK] [AUC] Lagavulin 12yo Fireside Tales Special Release 2024 700ml 57.4%: 매치 3건
2026-10-09 09:32:48  [TRK] [AUC] Laphroaig 1991 23 Year Old 700ml (52.6°): 매치 5건
2026-10-09 09:32:49  [TRK] [AUC] HTFW(영국) 검색 실패 'laphroaig 1991 whiskyland': HTTPError HTTP Error 429: Too Many Requests
2026-10-09 09:32:51  [TRK] [AUC] Laphroaig 1991 DeDr Whiskyland Chapter 23 700ml (48.3°): 매치 2건
2026-10-09 09:32:51  [TRK] [AUC] 변화 없음 (매치 29건)
2026-10-09 10:01:54    [ERR] nickolls: JSON 아님: <html><head><link rel="icon" href="data:;"><meta http-equiv="refresh" content="0;/.well-known/sgcaptcha/?r=%2Fwp-json%2F
2026-10-09 10:01:54    [EVENT] 신규 0 · 재입고 0
2026-10-09 10:01:54  [OK] 폴링 완료 → 신규 0건, 세일 0건, 사이트 오류 1건 | 수집 rudder 441, mukawa 24, deinwhisky 61, shinanoya 59, vitalaus 0, whiskybarrel 500, innout 500, topwhiskies 500, abbey 500, reallygood 500, htfw 0, whiskymaniac 24, whiskysite 48, lmdw 60, wio 500, dailyshot_cvs 3336, lotteon 27
2026-10-09 10:01:55  [TRK] 추적 보틀 5개
2026-10-09 10:01:56  [TRK]   데일리샷 페이지에 데이터 없음(2032B): <!DOCTYPE html>
<html lang="en">
<head>
    <meta charset="utf-8">
    <meta name="viewport" content="width=device-width
2026-10-09 10:01:57  [TRK] 완료 — 알림 0건, 이력 2행
2026-10-09 10:01:58  [TRK] [AUC] 감시 대상 8건 · 사이트 15곳
2026-10-09 10:02:07  [TRK] [AUC] 아드벡 하우스 리저브: 매치 1건
2026-10-09 10:02:12  [TRK] [AUC] 메이커스마크 구병(1990s 레드탑): 매치 10건
2026-10-09 10:02:17  [TRK] [AUC] 메이커스마크 골드탑(50.5% 수출용 더스티): 매치 3건
2026-10-09 10:02:22  [TRK] [AUC] 메이커스마크 블랙탑(47.5% 수출용 더스티): 매치 3건
2026-10-09 10:02:35  [TRK] [AUC] Nickolls & Perks(영국) 검색 실패 'glen moray 1962': RuntimeError JSON 아님: <html><head><link rel="icon" href="data:;"><meta http-equiv="refresh" content="0;/.well-known/sgcaptcha/?r=%2Fwp-json%2F
2026-10-09 10:02:35  [TRK] [AUC] Glen Moray 1962 27 Year Old Vintage 750ml (43°): 매치 3건
2026-10-09 10:02:48  [TRK] [AUC] Nickolls & Perks(영국) 검색 실패 'lagavulin 12 2024': RuntimeError JSON 아님: <html><head><link rel="icon" href="data:;"><meta http-equiv="refresh" content="0;/.well-known/sgcaptcha/?r=%2Fwp-json%2F
2026-10-09 10:02:48  [TRK] [AUC] Lagavulin 12yo Fireside Tales Special Release 2024 700ml 57.4%: 매치 3건
2026-10-09 10:03:01  [TRK] [AUC] Nickolls & Perks(영국) 검색 실패 'laphroaig 1991': RuntimeError JSON 아님: <html><head><link rel="icon" href="data:;"><meta http-equiv="refresh" content="0;/.well-known/sgcaptcha/?r=%2Fwp-json%2F
2026-10-09 10:03:01  [TRK] [AUC] Laphroaig 1991 23 Year Old 700ml (52.6°): 매치 5건
2026-10-09 10:03:13  [TRK] [AUC] Nickolls & Perks(영국) 검색 실패 'laphroaig 1991 whiskyland': RuntimeError JSON 아님: <html><head><link rel="icon" href="data:;"><meta http-equiv="refresh" content="0;/.well-known/sgcaptcha/?r=%2Fwp-json%2F
2026-10-09 10:03:13  [TRK] [AUC] Laphroaig 1991 DeDr Whiskyland Chapter 23 700ml (48.3°): 매치 2건
2026-10-09 10:03:13  [TRK] [AUC] 변화 없음 (매치 30건)
2026-10-09 10:31:14    [ERR] htfw/p1: HTTP Error 429: Too Many Requests
2026-10-09 10:32:08    [ERR] nickolls: JSON 아님: <html><head><link rel="icon" href="data:;"><meta http-equiv="refresh" content="0;/.well-known/sgcaptcha/?r=%2Fwp-json%2F
2026-10-09 10:32:08    [EVENT] 신규 0 · 재입고 0
2026-10-09 10:32:08  [OK] 폴링 완료 → 신규 0건, 세일 0건, 사이트 오류 1건 | 수집 rudder 441, mukawa 24, deinwhisky 61, shinanoya 59, vitalaus 0, whiskybarrel 500, innout 500, topwhiskies 500, abbey 500, reallygood 500, htfw 0, whiskymaniac 24, whiskysite 48, lmdw 60, wio 500, dailyshot_cvs 3336, lotteon 27
2026-10-09 10:32:10  [TRK] 추적 보틀 5개
2026-10-09 10:32:11  [TRK]   데일리샷 페이지에 데이터 없음(2032B): <!DOCTYPE html>
<html lang="en">
<head>
    <meta charset="utf-8">
    <meta name="viewport" content="width=device-width
2026-10-09 10:32:12  [TRK] 완료 — 알림 0건, 이력 2행
2026-10-09 10:32:12  [TRK] [AUC] 감시 대상 8건 · 사이트 15곳
2026-10-09 10:32:22  [TRK] [AUC] 아드벡 하우스 리저브: 매치 1건
2026-10-09 10:32:27  [TRK] [AUC] 메이커스마크 구병(1990s 레드탑): 매치 10건
2026-10-09 10:32:32  [TRK] [AUC] 메이커스마크 골드탑(50.5% 수출용 더스티): 매치 3건
2026-10-09 10:32:34  [TRK] [AUC] 메이커스마크 블랙탑(47.5% 수출용 더스티): 매치 0건
2026-10-09 10:32:47  [TRK] [AUC] Nickolls & Perks(영국) 검색 실패 'glen moray 1962': RuntimeError JSON 아님: <html><head><link rel="icon" href="data:;"><meta http-equiv="refresh" content="0;/.well-known/sgcaptcha/?r=%2Fwp-json%2F
2026-10-09 10:32:47  [TRK] [AUC] Glen Moray 1962 27 Year Old Vintage 750ml (43°): 매치 3건
2026-10-09 10:33:00  [TRK] [AUC] Nickolls & Perks(영국) 검색 실패 'lagavulin 12 2024': RuntimeError JSON 아님: <html><head><link rel="icon" href="data:;"><meta http-equiv="refresh" content="0;/.well-known/sgcaptcha/?r=%2Fwp-json%2F
2026-10-09 10:33:00  [TRK] [AUC] Lagavulin 12yo Fireside Tales Special Release 2024 700ml 57.4%: 매치 3건
2026-10-09 10:33:14  [TRK] [AUC] Nickolls & Perks(영국) 검색 실패 'laphroaig 1991': RuntimeError JSON 아님: <html><head><link rel="icon" href="data:;"><meta http-equiv="refresh" content="0;/.well-known/sgcaptcha/?r=%2Fwp-json%2F
2026-10-09 10:33:14  [TRK] [AUC] Laphroaig 1991 23 Year Old 700ml (52.6°): 매치 5건
2026-10-09 10:33:26  [TRK] [AUC] Nickolls & Perks(영국) 검색 실패 'laphroaig 1991 whiskyland': RuntimeError JSON 아님: <html><head><link rel="icon" href="data:;"><meta http-equiv="refresh" content="0;/.well-known/sgcaptcha/?r=%2Fwp-json%2F
2026-10-09 10:33:26  [TRK] [AUC] Laphroaig 1991 DeDr Whiskyland Chapter 23 700ml (48.3°): 매치 2건
2026-10-09 10:33:26  [TRK] [AUC] 변화 없음 (매치 27건)
2026-10-09 11:02:25    [EVENT] 신규 0 · 재입고 0
2026-10-09 11:02:25  [OK] 폴링 완료 → 신규 0건, 세일 0건 | 수집 rudder 441, mukawa 24, deinwhisky 61, shinanoya 59, vitalaus 0, whiskybarrel 500, innout 500, topwhiskies 500, abbey 500, reallygood 500, htfw 0, whiskymaniac 24, nickolls 100, whiskysite 48, lmdw 60, wio 500, dailyshot_cvs 3336, lotteon 27
2026-10-09 11:02:26  [TRK] 추적 보틀 5개
2026-10-09 11:02:27  [TRK]   데일리샷 페이지에 데이터 없음(2032B): <!DOCTYPE html>
<html lang="en">
<head>
    <meta charset="utf-8">
    <meta name="viewport" content="width=device-width
2026-10-09 11:02:28  [TRK] 완료 — 알림 0건, 이력 2행
2026-10-09 11:02:28  [TRK] [AUC] 감시 대상 8건 · 사이트 15곳
2026-10-09 11:02:40  [TRK] [AUC] 아드벡 하우스 리저브: 매치 1건
2026-10-09 11:02:47  [TRK] [AUC] 메이커스마크 구병(1990s 레드탑): 매치 10건
2026-10-09 11:02:53  [TRK] [AUC] 메이커스마크 골드탑(50.5% 수출용 더스티): 매치 3건
2026-10-09 11:02:59  [TRK] [AUC] 메이커스마크 블랙탑(47.5% 수출용 더스티): 매치 3건
2026-10-09 11:03:03  [TRK] [AUC] Glen Moray 1962 27 Year Old Vintage 750ml (43°): 매치 3건
2026-10-09 11:03:06  [TRK] [AUC] Lagavulin 12yo Fireside Tales Special Release 2024 700ml 57.4%: 매치 3건
2026-10-09 11:03:11  [TRK] [AUC] Laphroaig 1991 23 Year Old 700ml (52.6°): 매치 5건
2026-10-09 11:03:13  [TRK] [AUC] Laphroaig 1991 DeDr Whiskyland Chapter 23 700ml (48.3°): 매치 2건
2026-10-09 11:03:13  [TRK] [AUC] 변화 없음 (매치 30건)
2026-10-09 11:31:49    [ERR] nickolls: JSON 아님: <html><head><link rel="icon" href="data:;"><meta http-equiv="refresh" content="0;/.well-known/sgcaptcha/?r=%2Fwp-json%2F
2026-10-09 11:31:49    [EVENT] 신규 0 · 재입고 0
2026-10-09 11:31:49  [OK] 폴링 완료 → 신규 0건, 세일 0건, 사이트 오류 1건 | 수집 rudder 441, mukawa 24, deinwhisky 61, shinanoya 59, vitalaus 0, whiskybarrel 500, innout 500, topwhiskies 500, abbey 500, reallygood 500, htfw 0, whiskymaniac 24, whiskysite 48, lmdw 60, wio 500, dailyshot_cvs 3336, lotteon 27
2026-10-09 11:31:51  [TRK] 추적 보틀 5개
2026-10-09 11:31:51  [TRK]   데일리샷 페이지에 데이터 없음(2032B): <!DOCTYPE html>
<html lang="en">
<head>
    <meta charset="utf-8">
    <meta name="viewport" content="width=device-width
2026-10-09 11:31:52  [TRK] 완료 — 알림 0건, 이력 2행
2026-10-09 11:31:52  [TRK] [AUC] 감시 대상 8건 · 사이트 15곳
2026-10-09 11:32:01  [TRK] [AUC] 아드벡 하우스 리저브: 매치 1건
2026-10-09 11:32:06  [TRK] [AUC] 메이커스마크 구병(1990s 레드탑): 매치 10건
2026-10-09 11:32:11  [TRK] [AUC] 메이커스마크 골드탑(50.5% 수출용 더스티): 매치 3건
2026-10-09 11:32:15  [TRK] [AUC] 메이커스마크 블랙탑(47.5% 수출용 더스티): 매치 3건
2026-10-09 11:32:29  [TRK] [AUC] Nickolls & Perks(영국) 검색 실패 'glen moray 1962': RuntimeError JSON 아님: <html><head><link rel="icon" href="data:;"><meta http-equiv="refresh" content="0;/.well-known/sgcaptcha/?r=%2Fwp-json%2F
2026-10-09 11:32:29  [TRK] [AUC] Glen Moray 1962 27 Year Old Vintage 750ml (43°): 매치 3건
2026-10-09 11:32:43  [TRK] [AUC] Nickolls & Perks(영국) 검색 실패 'lagavulin 12 2024': RuntimeError JSON 아님: <html><head><link rel="icon" href="data:;"><meta http-equiv="refresh" content="0;/.well-known/sgcaptcha/?r=%2Fwp-json%2F
2026-10-09 11:32:54  [TRK] [AUC] Lagavulin 12yo Fireside Tales Special Release 2024 700ml 57.4%: 매치 3건
2026-10-09 11:33:08  [TRK] [AUC] Nickolls & Perks(영국) 검색 실패 'laphroaig 1991': RuntimeError JSON 아님: <html><head><link rel="icon" href="data:;"><meta http-equiv="refresh" content="0;/.well-known/sgcaptcha/?r=%2Fwp-json%2F
2026-10-09 11:33:08  [TRK] [AUC] Laphroaig 1991 23 Year Old 700ml (52.6°): 매치 5건
2026-10-09 11:33:20  [TRK] [AUC] Nickolls & Perks(영국) 검색 실패 'laphroaig 1991 whiskyland': RuntimeError JSON 아님: <html><head><link rel="icon" href="data:;"><meta http-equiv="refresh" content="0;/.well-known/sgcaptcha/?r=%2Fwp-json%2F
2026-10-09 11:33:20  [TRK] [AUC] Laphroaig 1991 DeDr Whiskyland Chapter 23 700ml (48.3°): 매치 2건
2026-10-09 11:33:20  [TRK] [AUC] 변화 없음 (매치 30건)
2026-10-09 12:01:59    [ERR] nickolls: JSON 아님: <html><head><link rel="icon" href="data:;"><meta http-equiv="refresh" content="0;/.well-known/sgcaptcha/?r=%2Fwp-json%2F
2026-10-09 12:01:59    [EVENT] 신규 0 · 재입고 0
2026-10-09 12:01:59  [OK] 폴링 완료 → 신규 0건, 세일 0건, 사이트 오류 1건 | 수집 rudder 441, mukawa 24, deinwhisky 61, shinanoya 59, vitalaus 0, whiskybarrel 500, innout 500, topwhiskies 500, abbey 500, reallygood 500, htfw 0, whiskymaniac 24, whiskysite 48, lmdw 60, wio 500, dailyshot_cvs 3336, lotteon 27
2026-10-09 12:02:01  [TRK] 추적 보틀 5개
2026-10-09 12:02:02  [TRK]   데일리샷 페이지에 데이터 없음(2032B): <!DOCTYPE html>
<html lang="en">
<head>
    <meta charset="utf-8">
    <meta name="viewport" content="width=device-width
2026-10-09 12:02:02  [TRK] 완료 — 알림 0건, 이력 2행
2026-10-09 12:02:02  [TRK] [AUC] 감시 대상 8건 · 사이트 15곳
2026-10-09 12:02:10  [TRK] [AUC] 아드벡 하우스 리저브: 매치 1건
2026-10-09 12:02:15  [TRK] [AUC] 메이커스마크 구병(1990s 레드탑): 매치 10건
2026-10-09 12:02:20  [TRK] [AUC] 메이커스마크 골드탑(50.5% 수출용 더스티): 매치 3건
2026-10-09 12:02:25  [TRK] [AUC] 메이커스마크 블랙탑(47.5% 수출용 더스티): 매치 3건
2026-10-09 12:02:37  [TRK] [AUC] Nickolls & Perks(영국) 검색 실패 'glen moray 1962': RuntimeError JSON 아님: <html><head><link rel="icon" href="data:;"><meta http-equiv="refresh" content="0;/.well-known/sgcaptcha/?r=%2Fwp-json%2F
2026-10-09 12:02:37  [TRK] [AUC] Glen Moray 1962 27 Year Old Vintage 750ml (43°): 매치 3건
2026-10-09 12:02:51  [TRK] [AUC] Nickolls & Perks(영국) 검색 실패 'lagavulin 12 2024': RuntimeError JSON 아님: <html><head><link rel="icon" href="data:;"><meta http-equiv="refresh" content="0;/.well-known/sgcaptcha/?r=%2Fwp-json%2F
2026-10-09 12:02:51  [TRK] [AUC] Lagavulin 12yo Fireside Tales Special Release 2024 700ml 57.4%: 매치 3건
2026-10-09 12:03:04  [TRK] [AUC] Nickolls & Perks(영국) 검색 실패 'laphroaig 1991': RuntimeError JSON 아님: <html><head><link rel="icon" href="data:;"><meta http-equiv="refresh" content="0;/.well-known/sgcaptcha/?r=%2Fwp-json%2F
2026-10-09 12:03:04  [TRK] [AUC] Laphroaig 1991 23 Year Old 700ml (52.6°): 매치 5건
2026-10-09 12:03:17  [TRK] [AUC] Nickolls & Perks(영국) 검색 실패 'laphroaig 1991 whiskyland': RuntimeError JSON 아님: <html><head><link rel="icon" href="data:;"><meta http-equiv="refresh" content="0;/.well-known/sgcaptcha/?r=%2Fwp-json%2F
2026-10-09 12:03:17  [TRK] [AUC] Laphroaig 1991 DeDr Whiskyland Chapter 23 700ml (48.3°): 매치 2건
2026-10-09 12:03:17  [TRK] [AUC] 변화 없음 (매치 30건)
2026-10-09 12:31:58    [ERR] nickolls: JSON 아님: <html><head><link rel="icon" href="data:;"><meta http-equiv="refresh" content="0;/.well-known/sgcaptcha/?r=%2Fwp-json%2F
2026-10-09 12:31:58    [EVENT] 신규 0 · 재입고 0
2026-10-09 12:31:58  [OK] 폴링 완료 → 신규 0건, 세일 0건, 사이트 오류 1건 | 수집 rudder 431, mukawa 24, deinwhisky 61, shinanoya 59, vitalaus 0, whiskybarrel 500, innout 500, topwhiskies 500, abbey 500, reallygood 500, htfw 0, whiskymaniac 24, whiskysite 48, lmdw 60, wio 500, dailyshot_cvs 3336, lotteon 27
2026-10-09 12:31:59  [TRK] 추적 보틀 5개
2026-10-09 12:32:00  [TRK]   데일리샷 페이지에 데이터 없음(2032B): <!DOCTYPE html>
<html lang="en">
<head>
    <meta charset="utf-8">
    <meta name="viewport" content="width=device-width
2026-10-09 12:32:01  [TRK] 완료 — 알림 0건, 이력 2행
2026-10-09 12:32:01  [TRK] [AUC] 감시 대상 8건 · 사이트 15곳
2026-10-09 12:32:13  [TRK] [AUC] 아드벡 하우스 리저브: 매치 1건
2026-10-09 12:32:19  [TRK] [AUC] 메이커스마크 구병(1990s 레드탑): 매치 10건
2026-10-09 12:32:26  [TRK] [AUC] 메이커스마크 골드탑(50.5% 수출용 더스티): 매치 3건
2026-10-09 12:32:32  [TRK] [AUC] 메이커스마크 블랙탑(47.5% 수출용 더스티): 매치 3건
2026-10-09 12:32:44  [TRK] [AUC] Nickolls & Perks(영국) 검색 실패 'glen moray 1962': RuntimeError JSON 아님: <html><head><link rel="icon" href="data:;"><meta http-equiv="refresh" content="0;/.well-known/sgcaptcha/?r=%2Fwp-json%2F
2026-10-09 12:32:44  [TRK] [AUC] Glen Moray 1962 27 Year Old Vintage 750ml (43°): 매치 3건
2026-10-09 12:32:56  [TRK] [AUC] Nickolls & Perks(영국) 검색 실패 'lagavulin 12 2024': RuntimeError JSON 아님: <html><head><link rel="icon" href="data:;"><meta http-equiv="refresh" content="0;/.well-known/sgcaptcha/?r=%2Fwp-json%2F
2026-10-09 12:32:56  [TRK] [AUC] Lagavulin 12yo Fireside Tales Special Release 2024 700ml 57.4%: 매치 3건
2026-10-09 12:33:09  [TRK] [AUC] Nickolls & Perks(영국) 검색 실패 'laphroaig 1991': RuntimeError JSON 아님: <html><head><link rel="icon" href="data:;"><meta http-equiv="refresh" content="0;/.well-known/sgcaptcha/?r=%2Fwp-json%2F
2026-10-09 12:33:09  [TRK] [AUC] Laphroaig 1991 23 Year Old 700ml (52.6°): 매치 5건
2026-10-09 12:33:20  [TRK] [AUC] Nickolls & Perks(영국) 검색 실패 'laphroaig 1991 whiskyland': RuntimeError JSON 아님: <html><head><link rel="icon" href="data:;"><meta http-equiv="refresh" content="0;/.well-known/sgcaptcha/?r=%2Fwp-json%2F
2026-10-09 12:33:20  [TRK] [AUC] Laphroaig 1991 DeDr Whiskyland Chapter 23 700ml (48.3°): 매치 2건
2026-10-09 12:33:20  [TRK] [AUC] 변화 없음 (매치 30건)
2026-10-09 13:02:09    [EVENT] 신규 0 · 재입고 0
2026-10-09 13:02:09  [OK] 폴링 완료 → 신규 0건, 세일 0건 | 수집 rudder 431, mukawa 24, deinwhisky 61, shinanoya 59, vitalaus 0, whiskybarrel 500, innout 500, topwhiskies 500, abbey 500, reallygood 500, htfw 0, whiskymaniac 24, nickolls 100, whiskysite 48, lmdw 60, wio 500, dailyshot_cvs 3336, lotteon 27
2026-10-09 13:02:10  [TRK] 추적 보틀 5개
2026-10-09 13:02:11  [TRK]   데일리샷 페이지에 데이터 없음(2032B): <!DOCTYPE html>
<html lang="en">
<head>
    <meta charset="utf-8">
    <meta name="viewport" content="width=device-width
2026-10-09 13:02:12  [TRK] 완료 — 알림 0건, 이력 2행
2026-10-09 13:02:12  [TRK] [AUC] 감시 대상 8건 · 사이트 15곳
2026-10-09 13:02:20  [TRK] [AUC] 야후옥션 검색 실패 'Ardbeg': HTTPError HTTP Error 500: Internal Server Error
2026-10-09 13:02:20  [TRK] [AUC] 야후옥션 검색 실패 'アードベッグ': HTTPError HTTP Error 500: Internal Server Error
2026-10-09 13:02:20  [TRK] [AUC] 야후옥션 검색 실패 'ハウスリザーブ': HTTPError HTTP Error 500: Internal Server Error
2026-10-09 13:02:20  [TRK] [AUC] 야후옥션 검색 실패 'アードベック': HTTPError HTTP Error 500: Internal Server Error
2026-10-09 13:02:20  [TRK] [AUC] 아드벡 하우스 리저브: 매치 1건
2026-10-09 13:02:28  [TRK] [AUC] 야후옥션 검색 실패 'メーカーズマーク': HTTPError HTTP Error 500: Internal Server Error
2026-10-09 13:02:28  [TRK] [AUC] 야후옥션 검색 실패 'メーカーズ マーク': HTTPError HTTP Error 500: Internal Server Error
2026-10-09 13:02:28  [TRK] [AUC] 메이커스마크 구병(1990s 레드탑): 매치 0건
2026-10-09 13:02:36  [TRK] [AUC] 야후옥션 검색 실패 'メーカーズ マーク': HTTPError HTTP Error 500: Internal Server Error
2026-10-09 13:02:36  [TRK] [AUC] 야후옥션 검색 실패 'メーカーズマーク': HTTPError HTTP Error 500: Internal Server Error
2026-10-09 13:02:36  [TRK] [AUC] 메이커스마크 골드탑(50.5% 수출용 더스티): 매치 0건
2026-10-09 13:02:43  [TRK] [AUC] 야후옥션 검색 실패 'メーカーズ マーク': HTTPError HTTP Error 500: Internal Server Error
2026-10-09 13:02:43  [TRK] [AUC] 야후옥션 검색 실패 'メーカーズマーク': HTTPError HTTP Error 500: Internal Server Error
2026-10-09 13:02:43  [TRK] [AUC] 메이커스마크 블랙탑(47.5% 수출용 더스티): 매치 0건
2026-10-09 13:02:51  [TRK] [AUC] 야후옥션 검색 실패 'グレンマレイ 1962': HTTPError HTTP Error 500: Internal Server Error
2026-10-09 13:02:51  [TRK] [AUC] Glen Moray 1962 27 Year Old Vintage 750ml (43°): 매치 3건
2026-10-09 13:02:58  [TRK] [AUC] 야후옥션 검색 실패 'ラガヴーリン 12 2024': HTTPError HTTP Error 500: Internal Server Error
2026-10-09 13:02:58  [TRK] [AUC] Lagavulin 12yo Fireside Tales Special Release 2024 700ml 57.4%: 매치 2건
2026-10-09 13:03:06  [TRK] [AUC] 야후옥션 검색 실패 'ラフロイグ 1991': HTTPError HTTP Error 500: Internal Server Error
2026-10-09 13:03:06  [TRK] [AUC] Laphroaig 1991 23 Year Old 700ml (52.6°): 매치 5건
2026-10-09 13:03:14  [TRK] [AUC] 야후옥션 검색 실패 'ラフロイグ 1991 whiskyland': HTTPError HTTP Error 500: Internal Server Error
2026-10-09 13:03:14  [TRK] [AUC] Laphroaig 1991 DeDr Whiskyland Chapter 23 700ml (48.3°): 매치 2건
2026-10-09 13:03:14  [TRK] [AUC] 변화 없음 (매치 13건)
2026-10-09 13:32:00    [EVENT] 신규 0 · 재입고 0
2026-10-09 13:32:00  [OK] 폴링 완료 → 신규 0건, 세일 0건 | 수집 rudder 431, mukawa 24, deinwhisky 61, shinanoya 59, vitalaus 0, whiskybarrel 500, innout 500, topwhiskies 500, abbey 500, reallygood 500, htfw 0, whiskymaniac 24, nickolls 100, whiskysite 48, lmdw 60, wio 500, dailyshot_cvs 3336, lotteon 27
2026-10-09 13:32:02  [TRK] 추적 보틀 5개
2026-10-09 13:32:03  [TRK]   데일리샷 페이지에 데이터 없음(2032B): <!DOCTYPE html>
<html lang="en">
<head>
    <meta charset="utf-8">
    <meta name="viewport" content="width=device-width
2026-10-09 13:32:03  [TRK] 완료 — 알림 0건, 이력 2행
2026-10-09 13:32:05  [TRK] [AUC] 감시 대상 8건 · 사이트 15곳
2026-10-09 13:32:15  [TRK] [AUC] 아드벡 하우스 리저브: 매치 1건
2026-10-09 13:32:21  [TRK] [AUC] 메이커스마크 구병(1990s 레드탑): 매치 10건
2026-10-09 13:32:26  [TRK] [AUC] 메이커스마크 골드탑(50.5% 수출용 더스티): 매치 3건
2026-10-09 13:32:31  [TRK] [AUC] 메이커스마크 블랙탑(47.5% 수출용 더스티): 매치 3건
2026-10-09 13:32:35  [TRK] [AUC] Glen Moray 1962 27 Year Old Vintage 750ml (43°): 매치 3건
2026-10-09 13:32:39  [TRK] [AUC] Lagavulin 12yo Fireside Tales Special Release 2024 700ml 57.4%: 매치 3건
2026-10-09 13:32:43  [TRK] [AUC] Laphroaig 1991 23 Year Old 700ml (52.6°): 매치 5건
2026-10-09 13:32:45  [TRK] [AUC] Laphroaig 1991 DeDr Whiskyland Chapter 23 700ml (48.3°): 매치 2건
2026-10-09 13:32:45  [TRK] [AUC] 변화 없음 (매치 30건)
2026-10-09 14:02:19    [ERR] nickolls: JSON 아님: <html><head><link rel="icon" href="data:;"><meta http-equiv="refresh" content="0;/.well-known/sgcaptcha/?r=%2Fwp-json%2F
2026-10-09 14:02:19    [EVENT] 신규 0 · 재입고 0
2026-10-09 14:02:19  [OK] 폴링 완료 → 신규 0건, 세일 0건, 사이트 오류 1건 | 수집 rudder 431, mukawa 24, deinwhisky 61, shinanoya 59, vitalaus 0, whiskybarrel 500, innout 500, topwhiskies 500, abbey 500, reallygood 500, htfw 0, whiskymaniac 24, whiskysite 48, lmdw 60, wio 500, dailyshot_cvs 3336, lotteon 27
2026-10-09 14:02:20  [TRK] 추적 보틀 5개
2026-10-09 14:02:22  [TRK]   데일리샷 페이지에 데이터 없음(2032B): <!DOCTYPE html>
<html lang="en">
<head>
    <meta charset="utf-8">
    <meta name="viewport" content="width=device-width
2026-10-09 14:02:23  [TRK] 완료 — 알림 0건, 이력 2행
2026-10-09 14:02:23  [TRK] [AUC] 감시 대상 8건 · 사이트 15곳
2026-10-09 14:02:33  [TRK] [AUC] 아드벡 하우스 리저브: 매치 1건
2026-10-09 14:02:39  [TRK] [AUC] 메이커스마크 구병(1990s 레드탑): 매치 10건
2026-10-09 14:02:46  [TRK] [AUC] 메이커스마크 골드탑(50.5% 수출용 더스티): 매치 3건
2026-10-09 14:02:52  [TRK] [AUC] 메이커스마크 블랙탑(47.5% 수출용 더스티): 매치 3건
2026-10-09 14:03:03  [TRK] [AUC] Nickolls & Perks(영국) 검색 실패 'glen moray 1962': RuntimeError JSON 아님: <html><head><link rel="icon" href="data:;"><meta http-equiv="refresh" content="0;/.well-known/sgcaptcha/?r=%2Fwp-json%2F
2026-10-09 14:03:03  [TRK] [AUC] Glen Moray 1962 27 Year Old Vintage 750ml (43°): 매치 3건
2026-10-09 14:03:16  [TRK] [AUC] Nickolls & Perks(영국) 검색 실패 'lagavulin 12 2024': RuntimeError JSON 아님: <html><head><link rel="icon" href="data:;"><meta http-equiv="refresh" content="0;/.well-known/sgcaptcha/?r=%2Fwp-json%2F
2026-10-09 14:03:16  [TRK] [AUC] Lagavulin 12yo Fireside Tales Special Release 2024 700ml 57.4%: 매치 3건
2026-10-09 14:03:28  [TRK] [AUC] Nickolls & Perks(영국) 검색 실패 'laphroaig 1991': RuntimeError JSON 아님: <html><head><link rel="icon" href="data:;"><meta http-equiv="refresh" content="0;/.well-known/sgcaptcha/?r=%2Fwp-json%2F
2026-10-09 14:03:28  [TRK] [AUC] Laphroaig 1991 23 Year Old 700ml (52.6°): 매치 5건
2026-10-09 14:03:40  [TRK] [AUC] Nickolls & Perks(영국) 검색 실패 'laphroaig 1991 whiskyland': RuntimeError JSON 아님: <html><head><link rel="icon" href="data:;"><meta http-equiv="refresh" content="0;/.well-known/sgcaptcha/?r=%2Fwp-json%2F
2026-10-09 14:03:40  [TRK] [AUC] Laphroaig 1991 DeDr Whiskyland Chapter 23 700ml (48.3°): 매치 2건
2026-10-09 14:03:40  [TRK] [AUC] 변화 없음 (매치 30건)
2026-10-09 14:33:01    [EVENT] 신규 0 · 재입고 1
2026-10-09 14:33:01  [OK] 폴링 완료 → 신규 0건, 세일 0건 | 수집 rudder 431, mukawa 24, deinwhisky 61, shinanoya 59, vitalaus 0, whiskybarrel 500, innout 500, topwhiskies 500, abbey 500, reallygood 500, htfw 0, whiskymaniac 24, nickolls 100, whiskysite 48, lmdw 60, wio 500, dailyshot_cvs 3336, lotteon 27
2026-10-09 14:33:03    [ALERT] 즉시 알림(텔레그램) — 위스키 샵 알림 — ⭐0 · 🆕0 · 🔁1
2026-10-09 14:33:04  [TRK] 추적 보틀 5개
2026-10-09 14:33:05  [TRK]   데일리샷 페이지에 데이터 없음(2032B): <!DOCTYPE html>
<html lang="en">
<head>
    <meta charset="utf-8">
    <meta name="viewport" content="width=device-width
2026-10-09 14:33:06  [TRK] 완료 — 알림 0건, 이력 2행
2026-10-09 14:33:06  [TRK] [AUC] 감시 대상 8건 · 사이트 15곳
2026-10-09 14:33:16  [TRK] [AUC] 아드벡 하우스 리저브: 매치 1건
2026-10-09 14:33:23  [TRK] [AUC] 메이커스마크 구병(1990s 레드탑): 매치 10건
2026-10-09 14:33:29  [TRK] [AUC] 메이커스마크 골드탑(50.5% 수출용 더스티): 매치 3건
2026-10-09 14:33:35  [TRK] [AUC] 메이커스마크 블랙탑(47.5% 수출용 더스티): 매치 3건
2026-10-09 14:33:40  [TRK] [AUC] Glen Moray 1962 27 Year Old Vintage 750ml (43°): 매치 3건
2026-10-09 14:33:45  [TRK] [AUC] Lagavulin 12yo Fireside Tales Special Release 2024 700ml 57.4%: 매치 3건
2026-10-09 14:33:49  [TRK] [AUC] Laphroaig 1991 23 Year Old 700ml (52.6°): 매치 5건
2026-10-09 14:33:52  [TRK] [AUC] Laphroaig 1991 DeDr Whiskyland Chapter 23 700ml (48.3°): 매치 2건
2026-10-09 14:33:52  [TRK] [AUC] 변화 없음 (매치 30건)
2026-10-09 15:02:21    [EVENT] 신규 0 · 재입고 1
2026-10-09 15:02:21  [OK] 폴링 완료 → 신규 0건, 세일 0건 | 수집 rudder 431, mukawa 24, deinwhisky 61, shinanoya 59, vitalaus 0, whiskybarrel 500, innout 500, topwhiskies 500, abbey 500, reallygood 500, htfw 0, whiskymaniac 24, nickolls 100, whiskysite 48, lmdw 60, wio 500, dailyshot_cvs 3336, lotteon 27
2026-10-09 15:02:22    [ALERT] 즉시 알림(텔레그램) — 위스키 샵 알림 — ⭐0 · 🆕0 · 🔁1
2026-10-09 15:02:23  [TRK] 추적 보틀 5개
2026-10-09 15:02:24  [TRK]   데일리샷 페이지에 데이터 없음(2032B): <!DOCTYPE html>
<html lang="en">
<head>
    <meta charset="utf-8">
    <meta name="viewport" content="width=device-width
2026-10-09 15:02:25  [TRK] 완료 — 알림 0건, 이력 2행
2026-10-09 15:02:26  [TRK] [AUC] 감시 대상 8건 · 사이트 15곳
2026-10-09 15:02:37  [TRK] [AUC] 아드벡 하우스 리저브: 매치 1건
2026-10-09 15:02:43  [TRK] [AUC] 메이커스마크 구병(1990s 레드탑): 매치 10건
2026-10-09 15:02:49  [TRK] [AUC] 메이커스마크 골드탑(50.5% 수출용 더스티): 매치 3건
2026-10-09 15:02:55  [TRK] [AUC] 메이커스마크 블랙탑(47.5% 수출용 더스티): 매치 3건
2026-10-09 15:02:58  [TRK] [AUC] Glen Moray 1962 27 Year Old Vintage 750ml (43°): 매치 3건
2026-10-09 15:03:01  [TRK] [AUC] Lagavulin 12yo Fireside Tales Special Release 2024 700ml 57.4%: 매치 3건
2026-10-09 15:03:05  [TRK] [AUC] Laphroaig 1991 23 Year Old 700ml (52.6°): 매치 5건
2026-10-09 15:03:07  [TRK] [AUC] Laphroaig 1991 DeDr Whiskyland Chapter 23 700ml (48.3°): 매치 2건
2026-10-09 15:03:07  [TRK] [AUC] 변화 없음 (매치 30건)
2026-10-09 15:32:30    [ERR] nickolls: JSON 아님: <html><head><link rel="icon" href="data:;"><meta http-equiv="refresh" content="0;/.well-known/sgcaptcha/?r=%2Fwp-json%2F
2026-10-09 15:32:30    [EVENT] 신규 0 · 재입고 0
2026-10-09 15:32:30  [OK] 폴링 완료 → 신규 0건, 세일 0건, 사이트 오류 1건 | 수집 rudder 431, mukawa 24, deinwhisky 61, shinanoya 59, vitalaus 0, whiskybarrel 500, innout 500, topwhiskies 500, abbey 500, reallygood 500, htfw 0, whiskymaniac 24, whiskysite 48, lmdw 60, wio 500, dailyshot_cvs 3336, lotteon 27
2026-10-09 15:32:32  [TRK] 추적 보틀 5개
2026-10-09 15:32:32  [TRK]   데일리샷 페이지에 데이터 없음(2032B): <!DOCTYPE html>
<html lang="en">
<head>
    <meta charset="utf-8">
    <meta name="viewport" content="width=device-width
2026-10-09 15:32:33  [TRK] 완료 — 알림 0건, 이력 2행
2026-10-09 15:32:34  [TRK] [AUC] 감시 대상 8건 · 사이트 15곳
2026-10-09 15:32:43  [TRK] [AUC] 아드벡 하우스 리저브: 매치 1건
2026-10-09 15:32:49  [TRK] [AUC] 메이커스마크 구병(1990s 레드탑): 매치 10건
2026-10-09 15:32:55  [TRK] [AUC] 메이커스마크 골드탑(50.5% 수출용 더스티): 매치 3건
2026-10-09 15:33:01  [TRK] [AUC] 메이커스마크 블랙탑(47.5% 수출용 더스티): 매치 3건
2026-10-09 15:33:13  [TRK] [AUC] Nickolls & Perks(영국) 검색 실패 'glen moray 1962': RuntimeError JSON 아님: <html><head><link rel="icon" href="data:;"><meta http-equiv="refresh" content="0;/.well-known/sgcaptcha/?r=%2Fwp-json%2F
2026-10-09 15:33:13  [TRK] [AUC] Glen Moray 1962 27 Year Old Vintage 750ml (43°): 매치 3건
2026-10-09 15:33:26  [TRK] [AUC] Nickolls & Perks(영국) 검색 실패 'lagavulin 12 2024': RuntimeError JSON 아님: <html><head><link rel="icon" href="data:;"><meta http-equiv="refresh" content="0;/.well-known/sgcaptcha/?r=%2Fwp-json%2F
2026-10-09 15:33:26  [TRK] [AUC] Lagavulin 12yo Fireside Tales Special Release 2024 700ml 57.4%: 매치 3건
2026-10-09 15:33:38  [TRK] [AUC] Nickolls & Perks(영국) 검색 실패 'laphroaig 1991': RuntimeError JSON 아님: <html><head><link rel="icon" href="data:;"><meta http-equiv="refresh" content="0;/.well-known/sgcaptcha/?r=%2Fwp-json%2F
2026-10-09 15:33:38  [TRK] [AUC] Laphroaig 1991 23 Year Old 700ml (52.6°): 매치 5건
2026-10-09 15:33:50  [TRK] [AUC] Nickolls & Perks(영국) 검색 실패 'laphroaig 1991 whiskyland': RuntimeError JSON 아님: <html><head><link rel="icon" href="data:;"><meta http-equiv="refresh" content="0;/.well-known/sgcaptcha/?r=%2Fwp-json%2F
2026-10-09 15:33:50  [TRK] [AUC] Laphroaig 1991 DeDr Whiskyland Chapter 23 700ml (48.3°): 매치 2건
2026-10-09 15:33:50  [TRK] [AUC] 변화 없음 (매치 30건)
2026-10-09 15:38:48    [ERR] nickolls: JSON 아님: <html><head><link rel="icon" href="data:;"><meta http-equiv="refresh" content="0;/.well-known/sgcaptcha/?r=%2Fwp-json%2F
2026-10-09 15:38:48    [EVENT] 신규 0 · 재입고 0
2026-10-09 15:38:48  [OK] 폴링 완료 → 신규 0건, 세일 0건, 사이트 오류 1건 | 수집 rudder 431, mukawa 24, deinwhisky 61, shinanoya 59, vitalaus 0, whiskybarrel 500, innout 500, topwhiskies 500, abbey 500, reallygood 500, htfw 0, whiskymaniac 24, whiskysite 48, lmdw 60, wio 500, dailyshot_cvs 3336, lotteon 27
2026-10-09 15:38:49  [TRK] 추적 보틀 5개
2026-10-09 15:38:50  [TRK]   데일리샷 페이지에 데이터 없음(2032B): <!DOCTYPE html>
<html lang="en">
<head>
    <meta charset="utf-8">
    <meta name="viewport" content="width=device-width
2026-10-09 15:38:51  [TRK] 완료 — 알림 0건, 이력 2행
2026-10-09 15:38:51  [TRK] [AUC] 감시 대상 8건 · 사이트 15곳
2026-10-09 15:39:01  [TRK] [AUC] 아드벡 하우스 리저브: 매치 1건
2026-10-09 15:39:08  [TRK] [AUC] 메이커스마크 구병(1990s 레드탑): 매치 10건
2026-10-09 15:39:14  [TRK] [AUC] 메이커스마크 골드탑(50.5% 수출용 더스티): 매치 3건
2026-10-09 15:39:21  [TRK] [AUC] 메이커스마크 블랙탑(47.5% 수출용 더스티): 매치 3건
2026-10-09 15:39:33  [TRK] [AUC] Nickolls & Perks(영국) 검색 실패 'glen moray 1962': RuntimeError JSON 아님: <html><head><link rel="icon" href="data:;"><meta http-equiv="refresh" content="0;/.well-known/sgcaptcha/?r=%2Fwp-json%2F
2026-10-09 15:39:33  [TRK] [AUC] Glen Moray 1962 27 Year Old Vintage 750ml (43°): 매치 3건
2026-10-09 15:39:45  [TRK] [AUC] Nickolls & Perks(영국) 검색 실패 'lagavulin 12 2024': RuntimeError JSON 아님: <html><head><link rel="icon" href="data:;"><meta http-equiv="refresh" content="0;/.well-known/sgcaptcha/?r=%2Fwp-json%2F
2026-10-09 15:39:45  [TRK] [AUC] Lagavulin 12yo Fireside Tales Special Release 2024 700ml 57.4%: 매치 3건
2026-10-09 15:39:57  [TRK] [AUC] Nickolls & Perks(영국) 검색 실패 'laphroaig 1991': RuntimeError JSON 아님: <html><head><link rel="icon" href="data:;"><meta http-equiv="refresh" content="0;/.well-known/sgcaptcha/?r=%2Fwp-json%2F
2026-10-09 15:39:57  [TRK] [AUC] Laphroaig 1991 23 Year Old 700ml (52.6°): 매치 5건
2026-10-09 15:40:09  [TRK] [AUC] Nickolls & Perks(영국) 검색 실패 'laphroaig 1991 whiskyland': RuntimeError JSON 아님: <html><head><link rel="icon" href="data:;"><meta http-equiv="refresh" content="0;/.well-known/sgcaptcha/?r=%2Fwp-json%2F
2026-10-09 15:40:09  [TRK] [AUC] Laphroaig 1991 DeDr Whiskyland Chapter 23 700ml (48.3°): 매치 2건
2026-10-09 15:40:09  [TRK] [AUC] 변화 없음 (매치 30건)
2026-10-09 16:02:22    [EVENT] 신규 0 · 재입고 0
2026-10-09 16:02:22  [OK] 폴링 완료 → 신규 0건, 세일 0건 | 수집 rudder 431, mukawa 24, deinwhisky 61, shinanoya 59, vitalaus 0, whiskybarrel 500, innout 500, topwhiskies 500, abbey 500, reallygood 500, htfw 0, whiskymaniac 24, nickolls 100, whiskysite 48, lmdw 60, wio 500, dailyshot_cvs 3336, lotteon 27
2026-10-09 16:02:23  [TRK] 추적 보틀 5개
2026-10-09 16:02:24  [TRK]   데일리샷 페이지에 데이터 없음(2032B): <!DOCTYPE html>
<html lang="en">
<head>
    <meta charset="utf-8">
    <meta name="viewport" content="width=device-width
2026-10-09 16:02:25  [TRK] 완료 — 알림 0건, 이력 2행
2026-10-09 16:02:25  [TRK] [AUC] 감시 대상 8건 · 사이트 15곳
2026-10-09 16:02:34  [TRK] [AUC] 아드벡 하우스 리저브: 매치 1건
2026-10-09 16:02:38  [TRK] [AUC] 메이커스마크 구병(1990s 레드탑): 매치 2건
2026-10-09 16:02:44  [TRK] [AUC] 메이커스마크 골드탑(50.5% 수출용 더스티): 매치 3건
2026-10-09 16:02:49  [TRK] [AUC] 메이커스마크 블랙탑(47.5% 수출용 더스티): 매치 2건
2026-10-09 16:02:53  [TRK] [AUC] Glen Moray 1962 27 Year Old Vintage 750ml (43°): 매치 3건
2026-10-09 16:02:57  [TRK] [AUC] Lagavulin 12yo Fireside Tales Special Release 2024 700ml 57.4%: 매치 3건
2026-10-09 16:03:01  [TRK] [AUC] Laphroaig 1991 23 Year Old 700ml (52.6°): 매치 5건
2026-10-09 16:03:04  [TRK] [AUC] Laphroaig 1991 DeDr Whiskyland Chapter 23 700ml (48.3°): 매치 2건
2026-10-09 16:03:04  [TRK] [AUC] 변화 없음 (매치 21건)
2026-10-09 16:32:08    [EVENT] 신규 0 · 재입고 0
2026-10-09 16:32:08  [OK] 폴링 완료 → 신규 0건, 세일 0건 | 수집 rudder 431, mukawa 24, deinwhisky 61, shinanoya 59, vitalaus 0, whiskybarrel 500, innout 500, topwhiskies 500, abbey 500, reallygood 500, htfw 0, whiskymaniac 24, nickolls 100, whiskysite 48, lmdw 60, wio 500, dailyshot_cvs 3336, lotteon 27
2026-10-09 16:32:09  [TRK] 추적 보틀 5개
2026-10-09 16:32:10  [TRK]   데일리샷 페이지에 데이터 없음(2032B): <!DOCTYPE html>
<html lang="en">
<head>
    <meta charset="utf-8">
    <meta name="viewport" content="width=device-width
2026-10-09 16:32:11  [TRK] 완료 — 알림 0건, 이력 2행
2026-10-09 16:32:11  [TRK] [AUC] 감시 대상 8건 · 사이트 15곳
2026-10-09 16:32:22  [TRK] [AUC] 아드벡 하우스 리저브: 매치 1건
2026-10-09 16:32:29  [TRK] [AUC] 메이커스마크 구병(1990s 레드탑): 매치 10건
2026-10-09 16:32:35  [TRK] [AUC] 메이커스마크 골드탑(50.5% 수출용 더스티): 매치 3건
2026-10-09 16:32:42  [TRK] [AUC] 메이커스마크 블랙탑(47.5% 수출용 더스티): 매치 3건
2026-10-09 16:32:45  [TRK] [AUC] Glen Moray 1962 27 Year Old Vintage 750ml (43°): 매치 3건
2026-10-09 16:32:48  [TRK] [AUC] Lagavulin 12yo Fireside Tales Special Release 2024 700ml 57.4%: 매치 3건
2026-10-09 16:32:51  [TRK] [AUC] Laphroaig 1991 23 Year Old 700ml (52.6°): 매치 5건
2026-10-09 16:32:53  [TRK] [AUC] Laphroaig 1991 DeDr Whiskyland Chapter 23 700ml (48.3°): 매치 2건
2026-10-09 16:32:53  [TRK] [AUC] 변화 없음 (매치 30건)
2026-10-09 16:42:01    [EVENT] 신규 5 · 재입고 5
2026-10-09 16:42:01  [OK] 폴링 완료 → 신규 0건, 세일 0건 | 수집 rudder 431, mukawa 24, deinwhisky 61, shinanoya 59, vitalaus 0, whiskybarrel 500, innout 500, topwhiskies 500, abbey 500, reallygood 500, htfw 0, whiskymaniac 24, nickolls 100, whiskysite 48, lmdw 60, wio 500, dailyshot_cvs 3336, lotteon 27
2026-10-09 16:42:02    [ALERT] 즉시 알림(텔레그램) — 위스키 샵 알림 — ⭐0 · 🆕5 · 🔁5
2026-10-09 16:42:04  [TRK] 추적 보틀 5개
2026-10-09 16:42:05  [TRK]   데일리샷 페이지에 데이터 없음(2032B): <!DOCTYPE html>
<html lang="en">
<head>
    <meta charset="utf-8">
    <meta name="viewport" content="width=device-width
2026-10-09 16:42:06  [TRK] 완료 — 알림 0건, 이력 2행
2026-10-09 16:42:06  [TRK] [AUC] 감시 대상 8건 · 사이트 15곳
2026-10-09 16:42:18  [TRK] [AUC] 아드벡 하우스 리저브: 매치 1건
2026-10-09 16:42:24  [TRK] [AUC] 메이커스마크 구병(1990s 레드탑): 매치 10건
2026-10-09 16:42:30  [TRK] [AUC] 메이커스마크 골드탑(50.5% 수출용 더스티): 매치 3건
2026-10-09 16:42:37  [TRK] [AUC] 메이커스마크 블랙탑(47.5% 수출용 더스티): 매치 3건
2026-10-09 16:42:40  [TRK] [AUC] Glen Moray 1962 27 Year Old Vintage 750ml (43°): 매치 3건
2026-10-09 16:42:43  [TRK] [AUC] Lagavulin 12yo Fireside Tales Special Release 2024 700ml 57.4%: 매치 3건
2026-10-09 16:42:46  [TRK] [AUC] Laphroaig 1991 23 Year Old 700ml (52.6°): 매치 5건
2026-10-09 16:42:49  [TRK] [AUC] Laphroaig 1991 DeDr Whiskyland Chapter 23 700ml (48.3°): 매치 2건
2026-10-09 16:42:49  [TRK] [AUC] 변화 없음 (매치 30건)
2026-10-09 16:51:55    [EVENT] 신규 6 · 재입고 0
2026-10-09 16:51:55  [OK] 폴링 완료 → 신규 1건, 세일 0건 | 수집 rudder 431, mukawa 24, deinwhisky 61, shinanoya 59, vitalaus 0, whiskybarrel 500, innout 500, topwhiskies 500, abbey 500, reallygood 500, htfw 0, whiskymaniac 24, nickolls 100, whiskysite 48, lmdw 60, wio 500, dailyshot_cvs 3336, lotteon 27
2026-10-09 16:51:56    [ALERT] 즉시 알림(텔레그램) — 위스키 샵 알림 — ⭐1 · 🆕1 · 🔁0
2026-10-09 16:51:57  [TRK] 추적 보틀 5개
2026-10-09 16:51:58  [TRK]   데일리샷 페이지에 데이터 없음(2032B): <!DOCTYPE html>
<html lang="en">
<head>
    <meta charset="utf-8">
    <meta name="viewport" content="width=device-width
2026-10-09 16:51:59  [TRK] 완료 — 알림 0건, 이력 2행
2026-10-09 16:51:59  [TRK] [AUC] 감시 대상 8건 · 사이트 15곳
2026-10-09 16:52:08  [TRK] [AUC] 아드벡 하우스 리저브: 매치 1건
2026-10-09 16:52:13  [TRK] [AUC] 메이커스마크 구병(1990s 레드탑): 매치 10건
2026-10-09 16:52:18  [TRK] [AUC] 메이커스마크 골드탑(50.5% 수출용 더스티): 매치 3건
2026-10-09 16:52:23  [TRK] [AUC] 메이커스마크 블랙탑(47.5% 수출용 더스티): 매치 3건
2026-10-09 16:52:28  [TRK] [AUC] Glen Moray 1962 27 Year Old Vintage 750ml (43°): 매치 3건
2026-10-09 16:52:32  [TRK] [AUC] Lagavulin 12yo Fireside Tales Special Release 2024 700ml 57.4%: 매치 3건
2026-10-09 16:52:36  [TRK] [AUC] Laphroaig 1991 23 Year Old 700ml (52.6°): 매치 5건
2026-10-09 16:52:39  [TRK] [AUC] Laphroaig 1991 DeDr Whiskyland Chapter 23 700ml (48.3°): 매치 2건
2026-10-09 16:52:39  [TRK] [AUC] 변화 없음 (매치 30건)
2026-10-09 17:02:05    [EVENT] 신규 7 · 재입고 0
2026-10-09 17:02:06  [OK] 폴링 완료 → 신규 2건, 세일 0건 | 수집 rudder 431, mukawa 24, deinwhisky 61, shinanoya 59, vitalaus 0, whiskybarrel 500, innout 500, topwhiskies 500, abbey 500, reallygood 500, htfw 0, whiskymaniac 24, nickolls 100, whiskysite 48, lmdw 60, wio 500, dailyshot_cvs 3336, lotteon 27
2026-10-09 17:02:08    [ALERT] 즉시 알림(텔레그램) — 위스키 샵 알림 — ⭐2 · 🆕4 · 🔁0
2026-10-09 17:02:09  [TRK] 추적 보틀 5개
2026-10-09 17:02:10  [TRK]   데일리샷 페이지에 데이터 없음(2032B): <!DOCTYPE html>
<html lang="en">
<head>
    <meta charset="utf-8">
    <meta name="viewport" content="width=device-width
2026-10-09 17:02:10  [TRK] 완료 — 알림 0건, 이력 2행
2026-10-09 17:02:11  [TRK] [AUC] 감시 대상 8건 · 사이트 15곳
2026-10-09 17:02:22  [TRK] [AUC] 아드벡 하우스 리저브: 매치 1건
2026-10-09 17:02:28  [TRK] [AUC] 메이커스마크 구병(1990s 레드탑): 매치 10건
2026-10-09 17:02:33  [TRK] [AUC] 메이커스마크 골드탑(50.5% 수출용 더스티): 매치 3건
2026-10-09 17:02:39  [TRK] [AUC] 메이커스마크 블랙탑(47.5% 수출용 더스티): 매치 3건
2026-10-09 17:02:43  [TRK] [AUC] Glen Moray 1962 27 Year Old Vintage 750ml (43°): 매치 3건
2026-10-09 17:02:46  [TRK] [AUC] Lagavulin 12yo Fireside Tales Special Release 2024 700ml 57.4%: 매치 3건
2026-10-09 17:02:50  [TRK] [AUC] Laphroaig 1991 23 Year Old 700ml (52.6°): 매치 5건
2026-10-09 17:02:53  [TRK] [AUC] Laphroaig 1991 DeDr Whiskyland Chapter 23 700ml (48.3°): 매치 2건
2026-10-09 17:02:53  [TRK] [AUC] 변화 없음 (매치 30건)
2026-10-09 17:12:02    [ERR] nickolls: JSON 아님: <html><head><link rel="icon" href="data:;"><meta http-equiv="refresh" content="0;/.well-known/sgcaptcha/?r=%2Fwp-json%2F
2026-10-09 17:12:02    [EVENT] 신규 3 · 재입고 0
2026-10-09 17:12:02  [OK] 폴링 완료 → 신규 1건, 세일 0건, 사이트 오류 1건 | 수집 rudder 431, mukawa 24, deinwhisky 61, shinanoya 59, vitalaus 0, whiskybarrel 500, innout 500, topwhiskies 500, abbey 500, reallygood 500, htfw 0, whiskymaniac 24, whiskysite 48, lmdw 60, wio 500, dailyshot_cvs 3336, lotteon 27
2026-10-09 17:12:04    [ALERT] 즉시 알림(텔레그램) — 위스키 샵 알림 — ⭐1 · 🆕2 · 🔁0
2026-10-09 17:12:05  [TRK] 추적 보틀 5개
2026-10-09 17:12:06  [TRK]   데일리샷 페이지에 데이터 없음(2032B): <!DOCTYPE html>
<html lang="en">
<head>
    <meta charset="utf-8">
    <meta name="viewport" content="width=device-width
2026-10-09 17:12:07  [TRK] 완료 — 알림 0건, 이력 2행
2026-10-09 17:12:07  [TRK] [AUC] 감시 대상 8건 · 사이트 15곳
2026-10-09 17:12:18  [TRK] [AUC] 아드벡 하우스 리저브: 매치 1건
2026-10-09 17:12:24  [TRK] [AUC] 메이커스마크 구병(1990s 레드탑): 매치 10건
2026-10-09 17:12:31  [TRK] [AUC] 메이커스마크 골드탑(50.5% 수출용 더스티): 매치 3건
2026-10-09 17:12:37  [TRK] [AUC] 메이커스마크 블랙탑(47.5% 수출용 더스티): 매치 3건
2026-10-09 17:12:49  [TRK] [AUC] Nickolls & Perks(영국) 검색 실패 'glen moray 1962': RuntimeError JSON 아님: <html><head><link rel="icon" href="data:;"><meta http-equiv="refresh" content="0;/.well-known/sgcaptcha/?r=%2Fwp-json%2F
2026-10-09 17:12:49  [TRK] [AUC] Glen Moray 1962 27 Year Old Vintage 750ml (43°): 매치 3건
2026-10-09 17:13:01  [TRK] [AUC] Nickolls & Perks(영국) 검색 실패 'lagavulin 12 2024': RuntimeError JSON 아님: <html><head><link rel="icon" href="data:;"><meta http-equiv="refresh" content="0;/.well-known/sgcaptcha/?r=%2Fwp-json%2F
2026-10-09 17:13:01  [TRK] [AUC] Lagavulin 12yo Fireside Tales Special Release 2024 700ml 57.4%: 매치 3건
2026-10-09 17:13:13  [TRK] [AUC] Nickolls & Perks(영국) 검색 실패 'laphroaig 1991': RuntimeError JSON 아님: <html><head><link rel="icon" href="data:;"><meta http-equiv="refresh" content="0;/.well-known/sgcaptcha/?r=%2Fwp-json%2F
2026-10-09 17:13:13  [TRK] [AUC] Laphroaig 1991 23 Year Old 700ml (52.6°): 매치 5건
2026-10-09 17:13:25  [TRK] [AUC] Nickolls & Perks(영국) 검색 실패 'laphroaig 1991 whiskyland': RuntimeError JSON 아님: <html><head><link rel="icon" href="data:;"><meta http-equiv="refresh" content="0;/.well-known/sgcaptcha/?r=%2Fwp-json%2F
2026-10-09 17:13:25  [TRK] [AUC] Laphroaig 1991 DeDr Whiskyland Chapter 23 700ml (48.3°): 매치 2건
2026-10-09 17:13:25  [TRK] [AUC] 변화 없음 (매치 30건)
2026-10-09 17:21:59    [ERR] nickolls: JSON 아님: <html><head><link rel="icon" href="data:;"><meta http-equiv="refresh" content="0;/.well-known/sgcaptcha/?r=%2Fwp-json%2F
2026-10-09 17:21:59    [EVENT] 신규 0 · 재입고 0
2026-10-09 17:21:59  [OK] 폴링 완료 → 신규 0건, 세일 0건, 사이트 오류 1건 | 수집 rudder 431, mukawa 24, deinwhisky 61, shinanoya 59, vitalaus 0, whiskybarrel 500, innout 500, topwhiskies 500, abbey 500, reallygood 500, htfw 0, whiskymaniac 24, whiskysite 48, lmdw 60, wio 500, dailyshot_cvs 3336, lotteon 27
2026-10-09 17:22:01  [TRK] 추적 보틀 5개
2026-10-09 17:22:02  [TRK]   데일리샷 페이지에 데이터 없음(2032B): <!DOCTYPE html>
<html lang="en">
<head>
    <meta charset="utf-8">
    <meta name="viewport" content="width=device-width
2026-10-09 17:22:03  [TRK] 완료 — 알림 0건, 이력 2행
2026-10-09 17:22:03  [TRK] [AUC] 감시 대상 8건 · 사이트 15곳
2026-10-09 17:22:14  [TRK] [AUC] 아드벡 하우스 리저브: 매치 1건
2026-10-09 17:22:19  [TRK] [AUC] 메이커스마크 구병(1990s 레드탑): 매치 10건
2026-10-09 17:22:25  [TRK] [AUC] 메이커스마크 골드탑(50.5% 수출용 더스티): 매치 3건
2026-10-09 17:22:32  [TRK] [AUC] 메이커스마크 블랙탑(47.5% 수출용 더스티): 매치 3건
2026-10-09 17:22:45  [TRK] [AUC] Nickolls & Perks(영국) 검색 실패 'glen moray 1962': RuntimeError JSON 아님: <html><head><link rel="icon" href="data:;"><meta http-equiv="refresh" content="0;/.well-known/sgcaptcha/?r=%2Fwp-json%2F
2026-10-09 17:22:45  [TRK] [AUC] Glen Moray 1962 27 Year Old Vintage 750ml (43°): 매치 3건
2026-10-09 17:22:57  [TRK] [AUC] Nickolls & Perks(영국) 검색 실패 'lagavulin 12 2024': RuntimeError JSON 아님: <html><head><link rel="icon" href="data:;"><meta http-equiv="refresh" content="0;/.well-known/sgcaptcha/?r=%2Fwp-json%2F
2026-10-09 17:22:57  [TRK] [AUC] Lagavulin 12yo Fireside Tales Special Release 2024 700ml 57.4%: 매치 2건
2026-10-09 17:23:11  [TRK] [AUC] Nickolls & Perks(영국) 검색 실패 'laphroaig 1991': RuntimeError JSON 아님: <html><head><link rel="icon" href="data:;"><meta http-equiv="refresh" content="0;/.well-known/sgcaptcha/?r=%2Fwp-json%2F
2026-10-09 17:23:11  [TRK] [AUC] Laphroaig 1991 23 Year Old 700ml (52.6°): 매치 5건
2026-10-09 17:23:23  [TRK] [AUC] Nickolls & Perks(영국) 검색 실패 'laphroaig 1991 whiskyland': RuntimeError JSON 아님: <html><head><link rel="icon" href="data:;"><meta http-equiv="refresh" content="0;/.well-known/sgcaptcha/?r=%2Fwp-json%2F
2026-10-09 17:23:23  [TRK] [AUC] Laphroaig 1991 DeDr Whiskyland Chapter 23 700ml (48.3°): 매치 2건
2026-10-09 17:23:23  [TRK] [AUC] 변화 없음 (매치 29건)
2026-10-09 17:31:58    [ERR] nickolls: JSON 아님: <html><head><link rel="icon" href="data:;"><meta http-equiv="refresh" content="0;/.well-known/sgcaptcha/?r=%2Fwp-json%2F
2026-10-09 17:31:58    [EVENT] 신규 1 · 재입고 0
2026-10-09 17:31:58  [OK] 폴링 완료 → 신규 0건, 세일 0건, 사이트 오류 1건 | 수집 rudder 431, mukawa 24, deinwhisky 61, shinanoya 59, vitalaus 0, whiskybarrel 500, innout 500, topwhiskies 500, abbey 500, reallygood 500, htfw 0, whiskymaniac 24, whiskysite 48, lmdw 60, wio 500, dailyshot_cvs 3336, lotteon 27
2026-10-09 17:32:00    [ALERT] 즉시 알림(텔레그램) — 위스키 샵 알림 — ⭐0 · 🆕1 · 🔁0
2026-10-09 17:32:01  [TRK] 추적 보틀 5개
2026-10-09 17:32:02  [TRK]   데일리샷 페이지에 데이터 없음(2032B): <!DOCTYPE html>
<html lang="en">
<head>
    <meta charset="utf-8">
    <meta name="viewport" content="width=device-width
2026-10-09 17:32:03  [TRK] 완료 — 알림 0건, 이력 2행
2026-10-09 17:32:03  [TRK] [AUC] 감시 대상 8건 · 사이트 15곳
2026-10-09 17:32:11  [TRK] [AUC] 야후옥션 검색 실패 'ハウスリザーブ': HTTPError HTTP Error 500: Internal Server Error
2026-10-09 17:32:11  [TRK] [AUC] 야후옥션 검색 실패 'Ardbeg': HTTPError HTTP Error 500: Internal Server Error
2026-10-09 17:32:11  [TRK] [AUC] 야후옥션 검색 실패 'アードベッグ': HTTPError HTTP Error 500: Internal Server Error
2026-10-09 17:32:11  [TRK] [AUC] 야후옥션 검색 실패 'アードベック': HTTPError HTTP Error 500: Internal Server Error
2026-10-09 17:32:11  [TRK] [AUC] 아드벡 하우스 리저브: 매치 1건
2026-10-09 17:32:19  [TRK] [AUC] 야후옥션 검색 실패 'メーカーズマーク': HTTPError HTTP Error 500: Internal Server Error
2026-10-09 17:32:19  [TRK] [AUC] 야후옥션 검색 실패 'メーカーズ マーク': HTTPError HTTP Error 500: Internal Server Error
2026-10-09 17:32:19  [TRK] [AUC] 메이커스마크 구병(1990s 레드탑): 매치 0건
2026-10-09 17:32:26  [TRK] [AUC] 야후옥션 검색 실패 'メーカーズマーク': HTTPError HTTP Error 500: Internal Server Error
2026-10-09 17:32:26  [TRK] [AUC] 야후옥션 검색 실패 'メーカーズ マーク': HTTPError HTTP Error 500: Internal Server Error
2026-10-09 17:32:26  [TRK] [AUC] 메이커스마크 골드탑(50.5% 수출용 더스티): 매치 0건
2026-10-09 17:32:33  [TRK] [AUC] 야후옥션 검색 실패 'メーカーズ マーク': HTTPError HTTP Error 500: Internal Server Error
2026-10-09 17:32:33  [TRK] [AUC] 야후옥션 검색 실패 'メーカーズマーク': HTTPError HTTP Error 500: Internal Server Error
2026-10-09 17:32:33  [TRK] [AUC] 메이커스마크 블랙탑(47.5% 수출용 더스티): 매치 0건
2026-10-09 17:32:40  [TRK] [AUC] 야후옥션 검색 실패 'グレンマレイ 1962': HTTPError HTTP Error 500: Internal Server Error
2026-10-09 17:32:46  [TRK] [AUC] Nickolls & Perks(영국) 검색 실패 'glen moray 1962': RuntimeError JSON 아님: <html><head><link rel="icon" href="data:;"><meta http-equiv="refresh" content="0;/.well-known/sgcaptcha/?r=%2Fwp-json%2F
2026-10-09 17:32:46  [TRK] [AUC] Glen Moray 1962 27 Year Old Vintage 750ml (43°): 매치 3건
2026-10-09 17:32:53  [TRK] [AUC] 야후옥션 검색 실패 'ラガヴーリン 12 2024': HTTPError HTTP Error 500: Internal Server Error
2026-10-09 17:32:59  [TRK] [AUC] Nickolls & Perks(영국) 검색 실패 'lagavulin 12 2024': RuntimeError JSON 아님: <html><head><link rel="icon" href="data:;"><meta http-equiv="refresh" content="0;/.well-known/sgcaptcha/?r=%2Fwp-json%2F
2026-10-09 17:32:59  [TRK] [AUC] Lagavulin 12yo Fireside Tales Special Release 2024 700ml 57.4%: 매치 2건
2026-10-09 17:33:06  [TRK] [AUC] 야후옥션 검색 실패 'ラフロイグ 1991': HTTPError HTTP Error 500: Internal Server Error
2026-10-09 17:33:12  [TRK] [AUC] Nickolls & Perks(영국) 검색 실패 'laphroaig 1991': RuntimeError JSON 아님: <html><head><link rel="icon" href="data:;"><meta http-equiv="refresh" content="0;/.well-known/sgcaptcha/?r=%2Fwp-json%2F
2026-10-09 17:33:12  [TRK] [AUC] Laphroaig 1991 23 Year Old 700ml (52.6°): 매치 5건
2026-10-09 17:33:19  [TRK] [AUC] 야후옥션 검색 실패 'ラフロイグ 1991 whiskyland': HTTPError HTTP Error 500: Internal Server Error
2026-10-09 17:33:24  [TRK] [AUC] Nickolls & Perks(영국) 검색 실패 'laphroaig 1991 whiskyland': RuntimeError JSON 아님: <html><head><link rel="icon" href="data:;"><meta http-equiv="refresh" content="0;/.well-known/sgcaptcha/?r=%2Fwp-json%2F
2026-10-09 17:33:24  [TRK] [AUC] Laphroaig 1991 DeDr Whiskyland Chapter 23 700ml (48.3°): 매치 2건
2026-10-09 17:33:24  [TRK] [AUC] 변화 없음 (매치 13건)
2026-10-09 17:42:09    [EVENT] 신규 0 · 재입고 0
2026-10-09 17:42:09  [OK] 폴링 완료 → 신규 0건, 세일 0건 | 수집 rudder 431, mukawa 24, deinwhisky 61, shinanoya 59, vitalaus 0, whiskybarrel 500, innout 500, topwhiskies 500, abbey 500, reallygood 500, htfw 0, whiskymaniac 24, nickolls 100, whiskysite 48, lmdw 60, wio 500, dailyshot_cvs 3336, lotteon 27
2026-10-09 17:42:10  [TRK] 추적 보틀 5개
2026-10-09 17:42:11  [TRK]   데일리샷 페이지에 데이터 없음(2032B): <!DOCTYPE html>
<html lang="en">
<head>
    <meta charset="utf-8">
    <meta name="viewport" content="width=device-width
2026-10-09 17:42:12  [TRK] 완료 — 알림 0건, 이력 2행
2026-10-09 17:42:12  [TRK] [AUC] 감시 대상 8건 · 사이트 15곳
2026-10-09 17:42:22  [TRK] [AUC] 아드벡 하우스 리저브: 매치 1건
2026-10-09 17:42:27  [TRK] [AUC] 메이커스마크 구병(1990s 레드탑): 매치 10건
2026-10-09 17:42:32  [TRK] [AUC] 메이커스마크 골드탑(50.5% 수출용 더스티): 매치 3건
2026-10-09 17:42:38  [TRK] [AUC] 메이커스마크 블랙탑(47.5% 수출용 더스티): 매치 3건
2026-10-09 17:42:42  [TRK] [AUC] Glen Moray 1962 27 Year Old Vintage 750ml (43°): 매치 3건
2026-10-09 17:42:46  [TRK] [AUC] Lagavulin 12yo Fireside Tales Special Release 2024 700ml 57.4%: 매치 2건
2026-10-09 17:42:50  [TRK] [AUC] Laphroaig 1991 23 Year Old 700ml (52.6°): 매치 5건
2026-10-09 17:42:53  [TRK] [AUC] Laphroaig 1991 DeDr Whiskyland Chapter 23 700ml (48.3°): 매치 2건
2026-10-09 17:42:53  [TRK] [AUC] 변화 없음 (매치 29건)
2026-10-09 17:51:56    [ERR] nickolls: JSON 아님: <html><head><link rel="icon" href="data:;"><meta http-equiv="refresh" content="0;/.well-known/sgcaptcha/?r=%2Fwp-json%2F
2026-10-09 17:51:56    [EVENT] 신규 0 · 재입고 0
2026-10-09 17:51:57  [OK] 폴링 완료 → 신규 0건, 세일 0건, 사이트 오류 1건 | 수집 rudder 431, mukawa 24, deinwhisky 61, shinanoya 59, vitalaus 0, whiskybarrel 500, innout 500, topwhiskies 500, abbey 500, reallygood 500, htfw 0, whiskymaniac 24, whiskysite 48, lmdw 60, wio 500, dailyshot_cvs 3336, lotteon 27
2026-10-09 17:51:58  [TRK] 추적 보틀 5개
2026-10-09 17:51:59  [TRK]   데일리샷 페이지에 데이터 없음(2032B): <!DOCTYPE html>
<html lang="en">
<head>
    <meta charset="utf-8">
    <meta name="viewport" content="width=device-width
2026-10-09 17:51:59  [TRK] 완료 — 알림 0건, 이력 2행
2026-10-09 17:52:00  [TRK] [AUC] 감시 대상 8건 · 사이트 15곳
2026-10-09 17:52:09  [TRK] [AUC] 아드벡 하우스 리저브: 매치 1건
2026-10-09 17:52:14  [TRK] [AUC] 메이커스마크 구병(1990s 레드탑): 매치 10건
2026-10-09 17:52:18  [TRK] [AUC] 메이커스마크 골드탑(50.5% 수출용 더스티): 매치 3건
2026-10-09 17:52:23  [TRK] [AUC] 메이커스마크 블랙탑(47.5% 수출용 더스티): 매치 3건
2026-10-09 17:52:36  [TRK] [AUC] Nickolls & Perks(영국) 검색 실패 'glen moray 1962': RuntimeError JSON 아님: <html><head><link rel="icon" href="data:;"><meta http-equiv="refresh" content="0;/.well-known/sgcaptcha/?r=%2Fwp-json%2F
2026-10-09 17:52:36  [TRK] [AUC] Glen Moray 1962 27 Year Old Vintage 750ml (43°): 매치 3건
2026-10-09 17:52:49  [TRK] [AUC] Nickolls & Perks(영국) 검색 실패 'lagavulin 12 2024': RuntimeError JSON 아님: <html><head><link rel="icon" href="data:;"><meta http-equiv="refresh" content="0;/.well-known/sgcaptcha/?r=%2Fwp-json%2F
2026-10-09 17:52:49  [TRK] [AUC] Lagavulin 12yo Fireside Tales Special Release 2024 700ml 57.4%: 매치 3건
2026-10-09 17:53:01  [TRK] [AUC] Nickolls & Perks(영국) 검색 실패 'laphroaig 1991': RuntimeError JSON 아님: <html><head><link rel="icon" href="data:;"><meta http-equiv="refresh" content="0;/.well-known/sgcaptcha/?r=%2Fwp-json%2F
2026-10-09 17:53:01  [TRK] [AUC] Laphroaig 1991 23 Year Old 700ml (52.6°): 매치 5건
2026-10-09 17:53:14  [TRK] [AUC] Nickolls & Perks(영국) 검색 실패 'laphroaig 1991 whiskyland': RuntimeError JSON 아님: <html><head><link rel="icon" href="data:;"><meta http-equiv="refresh" content="0;/.well-known/sgcaptcha/?r=%2Fwp-json%2F
2026-10-09 17:53:14  [TRK] [AUC] Laphroaig 1991 DeDr Whiskyland Chapter 23 700ml (48.3°): 매치 2건
2026-10-09 17:53:14  [TRK] [AUC] 변화 없음 (매치 30건)
2026-10-09 18:02:05    [ERR] nickolls: JSON 아님: <html><head><link rel="icon" href="data:;"><meta http-equiv="refresh" content="0;/.well-known/sgcaptcha/?r=%2Fwp-json%2F
2026-10-09 18:02:05    [EVENT] 신규 0 · 재입고 0
2026-10-09 18:02:05  [OK] 폴링 완료 → 신규 0건, 세일 0건, 사이트 오류 1건 | 수집 rudder 431, mukawa 24, deinwhisky 61, shinanoya 59, vitalaus 0, whiskybarrel 500, innout 500, topwhiskies 500, abbey 500, reallygood 500, htfw 0, whiskymaniac 24, whiskysite 48, lmdw 60, wio 500, dailyshot_cvs 3336, lotteon 27
2026-10-09 18:02:07  [TRK] 추적 보틀 5개
2026-10-09 18:02:08  [TRK]   데일리샷 페이지에 데이터 없음(2032B): <!DOCTYPE html>
<html lang="en">
<head>
    <meta charset="utf-8">
    <meta name="viewport" content="width=device-width
2026-10-09 18:02:08  [TRK] 완료 — 알림 0건, 이력 2행
2026-10-09 18:02:09  [TRK] [AUC] 감시 대상 8건 · 사이트 15곳
2026-10-09 18:02:18  [TRK] [AUC] 아드벡 하우스 리저브: 매치 1건
2026-10-09 18:02:23  [TRK] [AUC] 메이커스마크 구병(1990s 레드탑): 매치 10건
2026-10-09 18:02:28  [TRK] [AUC] 메이커스마크 골드탑(50.5% 수출용 더스티): 매치 3건
2026-10-09 18:02:33  [TRK] [AUC] 메이커스마크 블랙탑(47.5% 수출용 더스티): 매치 3건
2026-10-09 18:02:46  [TRK] [AUC] Nickolls & Perks(영국) 검색 실패 'glen moray 1962': RuntimeError JSON 아님: <html><head><link rel="icon" href="data:;"><meta http-equiv="refresh" content="0;/.well-known/sgcaptcha/?r=%2Fwp-json%2F
2026-10-09 18:02:46  [TRK] [AUC] Glen Moray 1962 27 Year Old Vintage 750ml (43°): 매치 3건
2026-10-09 18:03:00  [TRK] [AUC] Nickolls & Perks(영국) 검색 실패 'lagavulin 12 2024': RuntimeError JSON 아님: <html><head><link rel="icon" href="data:;"><meta http-equiv="refresh" content="0;/.well-known/sgcaptcha/?r=%2Fwp-json%2F
2026-10-09 18:03:00  [TRK] [AUC] Lagavulin 12yo Fireside Tales Special Release 2024 700ml 57.4%: 매치 3건
2026-10-09 18:03:13  [TRK] [AUC] Nickolls & Perks(영국) 검색 실패 'laphroaig 1991': RuntimeError JSON 아님: <html><head><link rel="icon" href="data:;"><meta http-equiv="refresh" content="0;/.well-known/sgcaptcha/?r=%2Fwp-json%2F
2026-10-09 18:03:13  [TRK] [AUC] Laphroaig 1991 23 Year Old 700ml (52.6°): 매치 5건
2026-10-09 18:03:25  [TRK] [AUC] Nickolls & Perks(영국) 검색 실패 'laphroaig 1991 whiskyland': RuntimeError JSON 아님: <html><head><link rel="icon" href="data:;"><meta http-equiv="refresh" content="0;/.well-known/sgcaptcha/?r=%2Fwp-json%2F
2026-10-09 18:03:25  [TRK] [AUC] Laphroaig 1991 DeDr Whiskyland Chapter 23 700ml (48.3°): 매치 2건
2026-10-09 18:03:25  [TRK] [AUC] 변화 없음 (매치 30건)
2026-10-09 18:11:59    [EVENT] 신규 1 · 재입고 0
2026-10-09 18:12:00  [OK] 폴링 완료 → 신규 0건, 세일 0건 | 수집 rudder 431, mukawa 24, deinwhisky 61, shinanoya 59, vitalaus 0, whiskybarrel 500, innout 500, topwhiskies 500, abbey 500, reallygood 500, htfw 0, whiskymaniac 24, nickolls 100, whiskysite 48, lmdw 60, wio 500, dailyshot_cvs 3336, lotteon 27
2026-10-09 18:12:01    [ALERT] 즉시 알림(텔레그램) — 위스키 샵 알림 — ⭐0 · 🆕1 · 🔁0
2026-10-09 18:12:02  [TRK] 추적 보틀 5개
2026-10-09 18:12:03  [TRK]   데일리샷 페이지에 데이터 없음(2032B): <!DOCTYPE html>
<html lang="en">
<head>
    <meta charset="utf-8">
    <meta name="viewport" content="width=device-width
2026-10-09 18:12:04  [TRK] 완료 — 알림 0건, 이력 2행
2026-10-09 18:12:04  [TRK] [AUC] 감시 대상 8건 · 사이트 15곳
2026-10-09 18:12:13  [TRK] [AUC] 아드벡 하우스 리저브: 매치 1건
2026-10-09 18:12:18  [TRK] [AUC] 메이커스마크 구병(1990s 레드탑): 매치 10건
2026-10-09 18:12:23  [TRK] [AUC] 메이커스마크 골드탑(50.5% 수출용 더스티): 매치 3건
2026-10-09 18:12:27  [TRK] [AUC] 메이커스마크 블랙탑(47.5% 수출용 더스티): 매치 2건
2026-10-09 18:12:29  [TRK] [AUC] HTFW(영국) 검색 실패 'glen moray 1962': HTTPError HTTP Error 429: Too Many Requests
2026-10-09 18:12:31  [TRK] [AUC] Glen Moray 1962 27 Year Old Vintage 750ml (43°): 매치 3건
2026-10-09 18:12:37  [TRK] [AUC] Lagavulin 12yo Fireside Tales Special Release 2024 700ml 57.4%: 매치 3건
2026-10-09 18:12:42  [TRK] [AUC] Laphroaig 1991 23 Year Old 700ml (52.6°): 매치 5건
2026-10-09 18:12:50  [TRK] [AUC] Laphroaig 1991 DeDr Whiskyland Chapter 23 700ml (48.3°): 매치 2건
2026-10-09 18:12:50  [TRK] [AUC] 변화 없음 (매치 29건)
2026-10-09 18:22:00    [ERR] nickolls: JSON 아님: <html><head><link rel="icon" href="data:;"><meta http-equiv="refresh" content="0;/.well-known/sgcaptcha/?r=%2Fwp-json%2F
2026-10-09 18:22:00    [EVENT] 신규 0 · 재입고 0
2026-10-09 18:22:00  [OK] 폴링 완료 → 신규 0건, 세일 0건, 사이트 오류 1건 | 수집 rudder 431, mukawa 24, deinwhisky 61, shinanoya 59, vitalaus 0, whiskybarrel 500, innout 500, topwhiskies 500, abbey 500, reallygood 500, htfw 0, whiskymaniac 24, whiskysite 48, lmdw 60, wio 500, dailyshot_cvs 3336, lotteon 27
2026-10-09 18:22:01  [TRK] 추적 보틀 5개
2026-10-09 18:22:03  [TRK]   데일리샷 페이지에 데이터 없음(2032B): <!DOCTYPE html>
<html lang="en">
<head>
    <meta charset="utf-8">
    <meta name="viewport" content="width=device-width
2026-10-09 18:22:03  [TRK] 완료 — 알림 0건, 이력 2행
2026-10-09 18:22:05  [TRK] [AUC] 감시 대상 8건 · 사이트 15곳
2026-10-09 18:22:16  [TRK] [AUC] 아드벡 하우스 리저브: 매치 1건
2026-10-09 18:22:23  [TRK] [AUC] 메이커스마크 구병(1990s 레드탑): 매치 10건
2026-10-09 18:22:29  [TRK] [AUC] 메이커스마크 골드탑(50.5% 수출용 더스티): 매치 3건
2026-10-09 18:22:35  [TRK] [AUC] 메이커스마크 블랙탑(47.5% 수출용 더스티): 매치 2건
2026-10-09 18:22:47  [TRK] [AUC] Nickolls & Perks(영국) 검색 실패 'glen moray 1962': RuntimeError JSON 아님: <html><head><link rel="icon" href="data:;"><meta http-equiv="refresh" content="0;/.well-known/sgcaptcha/?r=%2Fwp-json%2F
2026-10-09 18:22:47  [TRK] [AUC] Glen Moray 1962 27 Year Old Vintage 750ml (43°): 매치 3건
2026-10-09 18:22:59  [TRK] [AUC] Nickolls & Perks(영국) 검색 실패 'lagavulin 12 2024': RuntimeError JSON 아님: <html><head><link rel="icon" href="data:;"><meta http-equiv="refresh" content="0;/.well-known/sgcaptcha/?r=%2Fwp-json%2F
2026-10-09 18:22:59  [TRK] [AUC] Lagavulin 12yo Fireside Tales Special Release 2024 700ml 57.4%: 매치 3건
2026-10-09 18:23:12  [TRK] [AUC] Nickolls & Perks(영국) 검색 실패 'laphroaig 1991': RuntimeError JSON 아님: <html><head><link rel="icon" href="data:;"><meta http-equiv="refresh" content="0;/.well-known/sgcaptcha/?r=%2Fwp-json%2F
2026-10-09 18:23:12  [TRK] [AUC] Laphroaig 1991 23 Year Old 700ml (52.6°): 매치 5건
2026-10-09 18:23:23  [TRK] [AUC] Nickolls & Perks(영국) 검색 실패 'laphroaig 1991 whiskyland': RuntimeError JSON 아님: <html><head><link rel="icon" href="data:;"><meta http-equiv="refresh" content="0;/.well-known/sgcaptcha/?r=%2Fwp-json%2F
2026-10-09 18:23:23  [TRK] [AUC] Laphroaig 1991 DeDr Whiskyland Chapter 23 700ml (48.3°): 매치 2건
2026-10-09 18:23:23  [TRK] [AUC] 변화 없음 (매치 29건)
2026-10-09 18:32:03    [EVENT] 신규 0 · 재입고 0
2026-10-09 18:32:03  [OK] 폴링 완료 → 신규 0건, 세일 0건 | 수집 rudder 431, mukawa 24, deinwhisky 61, shinanoya 59, vitalaus 0, whiskybarrel 500, innout 500, topwhiskies 500, abbey 500, reallygood 500, htfw 0, whiskymaniac 24, nickolls 100, whiskysite 48, lmdw 60, wio 500, dailyshot_cvs 3336, lotteon 27
2026-10-09 18:32:05  [TRK] 추적 보틀 5개
2026-10-09 18:32:06  [TRK]   데일리샷 페이지에 데이터 없음(2032B): <!DOCTYPE html>
<html lang="en">
<head>
    <meta charset="utf-8">
    <meta name="viewport" content="width=device-width
2026-10-09 18:32:06  [TRK] 완료 — 알림 0건, 이력 2행
2026-10-09 18:32:07  [TRK] [AUC] 감시 대상 8건 · 사이트 15곳
2026-10-09 18:32:17  [TRK] [AUC] 아드벡 하우스 리저브: 매치 1건
2026-10-09 18:32:23  [TRK] [AUC] 메이커스마크 구병(1990s 레드탑): 매치 10건
2026-10-09 18:32:28  [TRK] [AUC] 메이커스마크 골드탑(50.5% 수출용 더스티): 매치 3건
2026-10-09 18:32:34  [TRK] [AUC] 메이커스마크 블랙탑(47.5% 수출용 더스티): 매치 3건
2026-10-09 18:32:37  [TRK] [AUC] Glen Moray 1962 27 Year Old Vintage 750ml (43°): 매치 3건
2026-10-09 18:32:42  [TRK] [AUC] Lagavulin 12yo Fireside Tales Special Release 2024 700ml 57.4%: 매치 3건
2026-10-09 18:32:46  [TRK] [AUC] Laphroaig 1991 23 Year Old 700ml (52.6°): 매치 5건
2026-10-09 18:32:50  [TRK] [AUC] Laphroaig 1991 DeDr Whiskyland Chapter 23 700ml (48.3°): 매치 2건
2026-10-09 18:32:50  [TRK] [AUC] 변화 없음 (매치 30건)
2026-10-09 18:58:12    [EVENT] 신규 0 · 재입고 14 (정밀 스캔)
2026-10-09 18:58:13  [OK] 폴링 완료 → 신규 0건, 세일 0건 | 수집 rudder 431, mukawa 24, deinwhisky 61, shinanoya 59, vitalaus 0, whiskybarrel 8644, innout 1687, topwhiskies 1143, abbey 4879, reallygood 2794, htfw 0, whiskymaniac 24, nickolls 3790, whiskysite 48, lmdw 598, wio 2197, dailyshot_cvs 3336, lotteon 27
2026-10-09 18:58:14  [TRK] 추적 보틀 5개
2026-10-09 18:58:17  [TRK]   데일리샷 페이지에 데이터 없음(2032B): <!DOCTYPE html>
<html lang="en">
<head>
    <meta charset="utf-8">
    <meta name="viewport" content="width=device-width
2026-10-09 18:58:18  [TRK] 완료 — 알림 0건, 이력 2행
2026-10-09 18:58:18  [TRK] [AUC] 감시 대상 8건 · 사이트 15곳
2026-10-09 18:58:29  [TRK] [AUC] 아드벡 하우스 리저브: 매치 1건
2026-10-09 18:58:34  [TRK] [AUC] 메이커스마크 구병(1990s 레드탑): 매치 9건
2026-10-09 18:58:40  [TRK] [AUC] 메이커스마크 골드탑(50.5% 수출용 더스티): 매치 3건
2026-10-09 18:58:46  [TRK] [AUC] 메이커스마크 블랙탑(47.5% 수출용 더스티): 매치 3건
2026-10-09 18:58:50  [TRK] [AUC] Glen Moray 1962 27 Year Old Vintage 750ml (43°): 매치 3건
2026-10-09 18:58:54  [TRK] [AUC] Lagavulin 12yo Fireside Tales Special Release 2024 700ml 57.4%: 매치 3건
2026-10-09 18:58:58  [TRK] [AUC] Laphroaig 1991 23 Year Old 700ml (52.6°): 매치 5건
2026-10-09 18:59:03  [TRK] [AUC] Laphroaig 1991 DeDr Whiskyland Chapter 23 700ml (48.3°): 매치 2건
2026-10-09 18:59:03  [TRK] [AUC] 변화 없음 (매치 29건)
2026-10-09 18:59:04    [ERR] send_email: 'ascii' codec can't encode characters in position 2-3: ordinal not in range(128)
2026-10-09 18:59:04  [TRK] [DIGEST] 샵 리포트 발송 — 신제품 18 · 재입고 21 · ⭐ 7 (위스키 외 5 제외)
2026-10-09 19:02:05    [EVENT] 신규 0 · 재입고 1
2026-10-09 19:02:05  [OK] 폴링 완료 → 신규 0건, 세일 0건 | 수집 rudder 431, mukawa 24, deinwhisky 61, shinanoya 59, vitalaus 0, whiskybarrel 500, innout 500, topwhiskies 500, abbey 500, reallygood 500, htfw 0, whiskymaniac 24, nickolls 100, whiskysite 48, lmdw 60, wio 500, dailyshot_cvs 3336, lotteon 27
2026-10-09 19:02:07    [ALERT] 즉시 알림(텔레그램) — 위스키 샵 알림 — ⭐0 · 🆕0 · 🔁1
2026-10-09 19:02:08  [TRK] 추적 보틀 5개
2026-10-09 19:02:10  [TRK]   데일리샷 페이지에 데이터 없음(2032B): <!DOCTYPE html>
<html lang="en">
<head>
    <meta charset="utf-8">
    <meta name="viewport" content="width=device-width
2026-10-09 19:02:11  [TRK] 완료 — 알림 0건, 이력 2행
2026-10-09 19:02:11  [TRK] [AUC] 감시 대상 8건 · 사이트 15곳
2026-10-09 19:02:22  [TRK] [AUC] 아드벡 하우스 리저브: 매치 1건
2026-10-09 19:02:28  [TRK] [AUC] 메이커스마크 구병(1990s 레드탑): 매치 9건
2026-10-09 19:02:35  [TRK] [AUC] 메이커스마크 골드탑(50.5% 수출용 더스티): 매치 3건
2026-10-09 19:02:41  [TRK] [AUC] 메이커스마크 블랙탑(47.5% 수출용 더스티): 매치 3건
2026-10-09 19:02:45  [TRK] [AUC] Glen Moray 1962 27 Year Old Vintage 750ml (43°): 매치 3건
2026-10-09 19:02:48  [TRK] [AUC] Lagavulin 12yo Fireside Tales Special Release 2024 700ml 57.4%: 매치 2건
2026-10-09 19:02:53  [TRK] [AUC] Laphroaig 1991 23 Year Old 700ml (52.6°): 매치 5건
2026-10-09 19:02:55  [TRK] [AUC] Laphroaig 1991 DeDr Whiskyland Chapter 23 700ml (48.3°): 매치 2건
2026-10-09 19:02:55  [TRK] [AUC] 변화 없음 (매치 28건)
2026-10-09 19:31:07    [ERR] rudder/eidolon: HTTP Error 503: Service Unavailable
2026-10-09 19:32:04    [EVENT] 신규 2 · 재입고 0
2026-10-09 19:32:05  [OK] 폴링 완료 → 신규 0건, 세일 0건 | 수집 rudder 422, mukawa 24, deinwhisky 61, shinanoya 59, vitalaus 0, whiskybarrel 500, innout 500, topwhiskies 500, abbey 500, reallygood 500, htfw 0, whiskymaniac 24, nickolls 100, whiskysite 48, lmdw 60, wio 500, dailyshot_cvs 3336, lotteon 27
2026-10-09 19:32:07    [ALERT] 즉시 알림(텔레그램) — 위스키 샵 알림 — ⭐0 · 🆕2 · 🔁0
2026-10-09 19:32:08  [TRK] 추적 보틀 5개
2026-10-09 19:32:09  [TRK]   데일리샷 페이지에 데이터 없음(2032B): <!DOCTYPE html>
<html lang="en">
<head>
    <meta charset="utf-8">
    <meta name="viewport" content="width=device-width
2026-10-09 19:32:10  [TRK] 완료 — 알림 0건, 이력 2행
2026-10-09 19:32:11  [TRK] [AUC] 감시 대상 8건 · 사이트 15곳
2026-10-09 19:32:20  [TRK] [AUC] 아드벡 하우스 리저브: 매치 1건
2026-10-09 19:32:26  [TRK] [AUC] 메이커스마크 구병(1990s 레드탑): 매치 9건
2026-10-09 19:32:31  [TRK] [AUC] 메이커스마크 골드탑(50.5% 수출용 더스티): 매치 3건
2026-10-09 19:32:36  [TRK] [AUC] 메이커스마크 블랙탑(47.5% 수출용 더스티): 매치 3건
2026-10-09 19:32:40  [TRK] [AUC] Glen Moray 1962 27 Year Old Vintage 750ml (43°): 매치 3건
2026-10-09 19:32:44  [TRK] [AUC] Lagavulin 12yo Fireside Tales Special Release 2024 700ml 57.4%: 매치 3건
2026-10-09 19:32:48  [TRK] [AUC] Laphroaig 1991 23 Year Old 700ml (52.6°): 매치 5건
2026-10-09 19:32:52  [TRK] [AUC] Laphroaig 1991 DeDr Whiskyland Chapter 23 700ml (48.3°): 매치 2건
2026-10-09 19:32:52  [TRK] [AUC] 변화 없음 (매치 29건)
2026-10-09 20:02:03    [EVENT] 신규 0 · 재입고 0
2026-10-09 20:02:03  [OK] 폴링 완료 → 신규 0건, 세일 0건 | 수집 rudder 431, mukawa 24, deinwhisky 61, shinanoya 59, vitalaus 0, whiskybarrel 500, innout 500, topwhiskies 500, abbey 500, reallygood 500, htfw 0, whiskymaniac 24, nickolls 100, whiskysite 48, lmdw 60, wio 500, dailyshot_cvs 3336, lotteon 27
2026-10-09 20:02:04  [TRK] 추적 보틀 5개
2026-10-09 20:02:05  [TRK]   데일리샷 페이지에 데이터 없음(2032B): <!DOCTYPE html>
<html lang="en">
<head>
    <meta charset="utf-8">
    <meta name="viewport" content="width=device-width
2026-10-09 20:02:06  [TRK] 완료 — 알림 0건, 이력 2행
2026-10-09 20:02:06  [TRK] [AUC] 감시 대상 8건 · 사이트 15곳
2026-10-09 20:02:15  [TRK] [AUC] 아드벡 하우스 리저브: 매치 1건
2026-10-09 20:02:20  [TRK] [AUC] 메이커스마크 구병(1990s 레드탑): 매치 9건
2026-10-09 20:02:25  [TRK] [AUC] 메이커스마크 골드탑(50.5% 수출용 더스티): 매치 3건
2026-10-09 20:02:30  [TRK] [AUC] 메이커스마크 블랙탑(47.5% 수출용 더스티): 매치 3건
2026-10-09 20:02:36  [TRK] [AUC] Glen Moray 1962 27 Year Old Vintage 750ml (43°): 매치 3건
2026-10-09 20:02:40  [TRK] [AUC] Lagavulin 12yo Fireside Tales Special Release 2024 700ml 57.4%: 매치 3건
2026-10-09 20:02:44  [TRK] [AUC] Laphroaig 1991 23 Year Old 700ml (52.6°): 매치 5건
2026-10-09 20:02:48  [TRK] [AUC] Laphroaig 1991 DeDr Whiskyland Chapter 23 700ml (48.3°): 매치 2건
2026-10-09 20:02:48  [TRK] [AUC] 변화 없음 (매치 29건)
2026-10-09 20:32:00    [ERR] nickolls: JSON 아님: <html><head><link rel="icon" href="data:;"><meta http-equiv="refresh" content="0;/.well-known/sgcaptcha/?r=%2Fwp-json%2F
2026-10-09 20:32:00    [EVENT] 신규 1 · 재입고 0
2026-10-09 20:32:00  [OK] 폴링 완료 → 신규 0건, 세일 1건, 사이트 오류 1건 | 수집 rudder 431, mukawa 24, deinwhisky 61, shinanoya 59, vitalaus 0, whiskybarrel 500, innout 500, topwhiskies 500, abbey 500, reallygood 500, htfw 0, whiskymaniac 24, whiskysite 48, lmdw 60, wio 500, dailyshot_cvs 3336, lotteon 27
2026-10-09 20:32:02    [ALERT] 즉시 알림(텔레그램) — 위스키 샵 알림 — ⭐0 · 🆕1 · 🔁0 · 💰1
2026-10-09 20:32:03  [TRK] 추적 보틀 5개
2026-10-09 20:32:04  [TRK]   데일리샷 페이지에 데이터 없음(2032B): <!DOCTYPE html>
<html lang="en">
<head>
    <meta charset="utf-8">
    <meta name="viewport" content="width=device-width
2026-10-09 20:32:05  [TRK] 완료 — 알림 0건, 이력 2행
2026-10-09 20:32:05  [TRK] [AUC] 감시 대상 8건 · 사이트 15곳
2026-10-09 20:32:14  [TRK] [AUC] 아드벡 하우스 리저브: 매치 1건
2026-10-09 20:32:19  [TRK] [AUC] 메이커스마크 구병(1990s 레드탑): 매치 9건
2026-10-09 20:32:21  [TRK] [AUC] 메이커스마크 골드탑(50.5% 수출용 더스티): 매치 0건
2026-10-09 20:32:26  [TRK] [AUC] 메이커스마크 블랙탑(47.5% 수출용 더스티): 매치 3건
2026-10-09 20:32:39  [TRK] [AUC] Nickolls & Perks(영국) 검색 실패 'glen moray 1962': RuntimeError JSON 아님: <html><head><link rel="icon" href="data:;"><meta http-equiv="refresh" content="0;/.well-known/sgcaptcha/?r=%2Fwp-json%2F
2026-10-09 20:32:39  [TRK] [AUC] Glen Moray 1962 27 Year Old Vintage 750ml (43°): 매치 3건
2026-10-09 20:32:53  [TRK] [AUC] Nickolls & Perks(영국) 검색 실패 'lagavulin 12 2024': RuntimeError JSON 아님: <html><head><link rel="icon" href="data:;"><meta http-equiv="refresh" content="0;/.well-known/sgcaptcha/?r=%2Fwp-json%2F
2026-10-09 20:32:53  [TRK] [AUC] Lagavulin 12yo Fireside Tales Special Release 2024 700ml 57.4%: 매치 3건
2026-10-09 20:33:07  [TRK] [AUC] Nickolls & Perks(영국) 검색 실패 'laphroaig 1991': RuntimeError JSON 아님: <html><head><link rel="icon" href="data:;"><meta http-equiv="refresh" content="0;/.well-known/sgcaptcha/?r=%2Fwp-json%2F
2026-10-09 20:33:07  [TRK] [AUC] Laphroaig 1991 23 Year Old 700ml (52.6°): 매치 5건
2026-10-09 20:33:19  [TRK] [AUC] Nickolls & Perks(영국) 검색 실패 'laphroaig 1991 whiskyland': RuntimeError JSON 아님: <html><head><link rel="icon" href="data:;"><meta http-equiv="refresh" content="0;/.well-known/sgcaptcha/?r=%2Fwp-json%2F
2026-10-09 20:33:19  [TRK] [AUC] Laphroaig 1991 DeDr Whiskyland Chapter 23 700ml (48.3°): 매치 2건
2026-10-09 20:33:19  [TRK] [AUC] 텔레그램 알림 1건 발송
2026-10-09 20:33:20    [ERR] send_email: 'ascii' codec can't encode characters in position 2-3: ordinal not in range(128)
2026-10-09 20:33:20  [TRK] [AUC] 메일 발송
2026-10-09 21:02:37    [EVENT] 신규 4 · 재입고 0
2026-10-09 21:02:37  [OK] 폴링 완료 → 신규 0건, 세일 0건 | 수집 rudder 431, mukawa 24, deinwhisky 61, shinanoya 59, vitalaus 0, whiskybarrel 500, innout 500, topwhiskies 500, abbey 500, reallygood 500, htfw 0, whiskymaniac 24, nickolls 100, whiskysite 48, lmdw 60, wio 500, dailyshot_cvs 3336, lotteon 27
2026-10-09 21:02:40    [ALERT] 즉시 알림(텔레그램) — 위스키 샵 알림 — ⭐0 · 🆕4 · 🔁0
2026-10-09 21:02:41  [TRK] 추적 보틀 5개
2026-10-09 21:02:42  [TRK]   데일리샷 페이지에 데이터 없음(2032B): <!DOCTYPE html>
<html lang="en">
<head>
    <meta charset="utf-8">
    <meta name="viewport" content="width=device-width
2026-10-09 21:02:42  [TRK] 완료 — 알림 0건, 이력 2행
2026-10-09 21:02:44  [TRK] [AUC] 감시 대상 8건 · 사이트 15곳
2026-10-09 21:02:54  [TRK] [AUC] 아드벡 하우스 리저브: 매치 1건
2026-10-09 21:03:00  [TRK] [AUC] 메이커스마크 구병(1990s 레드탑): 매치 9건
2026-10-09 21:03:06  [TRK] [AUC] 메이커스마크 골드탑(50.5% 수출용 더스티): 매치 3건
2026-10-09 21:03:11  [TRK] [AUC] 메이커스마크 블랙탑(47.5% 수출용 더스티): 매치 3건
2026-10-09 21:03:15  [TRK] [AUC] Glen Moray 1962 27 Year Old Vintage 750ml (43°): 매치 3건
2026-10-09 21:03:20  [TRK] [AUC] Lagavulin 12yo Fireside Tales Special Release 2024 700ml 57.4%: 매치 3건
2026-10-09 21:03:24  [TRK] [AUC] Laphroaig 1991 23 Year Old 700ml (52.6°): 매치 5건
2026-10-09 21:03:29  [TRK] [AUC] Laphroaig 1991 DeDr Whiskyland Chapter 23 700ml (48.3°): 매치 2건
2026-10-09 21:03:29  [TRK] [AUC] 변화 없음 (매치 29건)
2026-10-09 21:22:11  [TEST] 카카오 테스트 메시지 발송 완료
2026-10-09 21:32:20    [EVENT] 신규 5 · 재입고 0
2026-10-09 21:32:20  [OK] 폴링 완료 → 신규 0건, 세일 0건 | 수집 rudder 431, mukawa 24, deinwhisky 61, shinanoya 59, vitalaus 0, whiskybarrel 500, innout 500, topwhiskies 500, abbey 500, reallygood 500, htfw 0, whiskymaniac 24, nickolls 100, whiskysite 48, lmdw 60, wio 500, dailyshot_cvs 3336, lotteon 27
2026-10-09 21:32:21    [ALERT] 즉시 알림(텔레그램) — 위스키 샵 알림 — ⭐0 · 🆕5 · 🔁0
2026-10-09 21:32:22  [TRK] 추적 보틀 5개
2026-10-09 21:32:23  [TRK]   데일리샷 페이지에 데이터 없음(2032B): <!DOCTYPE html>
<html lang="en">
<head>
    <meta charset="utf-8">
    <meta name="viewport" content="width=device-width
2026-10-09 21:32:24  [TRK] 완료 — 알림 0건, 이력 2행
2026-10-09 21:32:24  [TRK] [AUC] 감시 대상 8건 · 사이트 15곳
2026-10-09 21:32:33  [TRK] [AUC] 아드벡 하우스 리저브: 매치 1건
2026-10-09 21:32:38  [TRK] [AUC] 메이커스마크 구병(1990s 레드탑): 매치 9건
2026-10-09 21:32:43  [TRK] [AUC] 메이커스마크 골드탑(50.5% 수출용 더스티): 매치 3건
2026-10-09 21:32:48  [TRK] [AUC] 메이커스마크 블랙탑(47.5% 수출용 더스티): 매치 3건
2026-10-09 21:32:52  [TRK] [AUC] Glen Moray 1962 27 Year Old Vintage 750ml (43°): 매치 3건
2026-10-09 21:32:56  [TRK] [AUC] Lagavulin 12yo Fireside Tales Special Release 2024 700ml 57.4%: 매치 3건
2026-10-09 21:33:00  [TRK] [AUC] Laphroaig 1991 23 Year Old 700ml (52.6°): 매치 5건
2026-10-09 21:33:03  [TRK] [AUC] Laphroaig 1991 DeDr Whiskyland Chapter 23 700ml (48.3°): 매치 2건
2026-10-09 21:33:03  [TRK] [AUC] 변화 없음 (매치 29건)
2026-10-09 22:02:09    [EVENT] 신규 0 · 재입고 0
2026-10-09 22:02:09  [OK] 폴링 완료 → 신규 0건, 세일 0건 | 수집 rudder 431, mukawa 24, deinwhisky 61, shinanoya 59, vitalaus 0, whiskybarrel 500, innout 500, topwhiskies 500, abbey 500, reallygood 500, htfw 0, whiskymaniac 24, nickolls 100, whiskysite 48, lmdw 60, wio 500, dailyshot_cvs 3336, lotteon 27
2026-10-09 22:02:11  [TRK] 추적 보틀 5개
2026-10-09 22:02:12  [TRK]   데일리샷 페이지에 데이터 없음(2032B): <!DOCTYPE html>
<html lang="en">
<head>
    <meta charset="utf-8">
    <meta name="viewport" content="width=device-width
2026-10-09 22:02:13  [TRK] 완료 — 알림 0건, 이력 2행
2026-10-09 22:02:13  [TRK] [AUC] 감시 대상 8건 · 사이트 15곳
2026-10-09 22:02:22  [TRK] [AUC] 아드벡 하우스 리저브: 매치 1건
2026-10-09 22:02:28  [TRK] [AUC] 메이커스마크 구병(1990s 레드탑): 매치 10건
2026-10-09 22:02:32  [TRK] [AUC] 메이커스마크 골드탑(50.5% 수출용 더스티): 매치 3건
2026-10-09 22:02:37  [TRK] [AUC] 메이커스마크 블랙탑(47.5% 수출용 더스티): 매치 3건
2026-10-09 22:02:41  [TRK] [AUC] Glen Moray 1962 27 Year Old Vintage 750ml (43°): 매치 3건
2026-10-09 22:02:45  [TRK] [AUC] Lagavulin 12yo Fireside Tales Special Release 2024 700ml 57.4%: 매치 2건
2026-10-09 22:02:49  [TRK] [AUC] Laphroaig 1991 23 Year Old 700ml (52.6°): 매치 5건
2026-10-09 22:02:52  [TRK] [AUC] Laphroaig 1991 DeDr Whiskyland Chapter 23 700ml (48.3°): 매치 2건
2026-10-09 22:02:52  [TRK] [AUC] 변화 없음 (매치 29건)
2026-10-09 22:13:40    [BASELINE] vitalaus 첫 수집 882개 — 기준선으로만 기록(알림 없음)
2026-10-09 22:13:40    [EVENT] 신규 0 · 재입고 0
2026-10-09 22:13:40  [OK] 폴링 완료 → 신규 0건, 세일 0건 | 수집 rudder 431, mukawa 24, deinwhisky 61, shinanoya 59, vitalaus 882, whiskybarrel 500, innout 500, topwhiskies 500, abbey 500, reallygood 500, htfw 0, whiskymaniac 24, nickolls 100, whiskysite 48, lmdw 60, wio 500, dailyshot_cvs 3336, lotteon 27
2026-10-09 22:13:42  [TRK] 추적 보틀 5개
2026-10-09 22:13:45  [TRK]   데일리샷 페이지에 데이터 없음(2032B): <!DOCTYPE html>
<html lang="en">
<head>
    <meta charset="utf-8">
    <meta name="viewport" content="width=device-width
2026-10-09 22:13:46  [TRK] 완료 — 알림 0건, 이력 2행
2026-10-09 22:13:46  [TRK] [AUC] 감시 대상 8건 · 사이트 15곳
2026-10-09 22:13:55  [TRK] [AUC] 아드벡 하우스 리저브: 매치 1건
2026-10-09 22:14:00  [TRK] [AUC] 메이커스마크 구병(1990s 레드탑): 매치 10건
2026-10-09 22:14:04  [TRK] [AUC] 메이커스마크 골드탑(50.5% 수출용 더스티): 매치 3건
2026-10-09 22:14:09  [TRK] [AUC] 메이커스마크 블랙탑(47.5% 수출용 더스티): 매치 3건
2026-10-09 22:14:13  [TRK] [AUC] Glen Moray 1962 27 Year Old Vintage 750ml (43°): 매치 3건
2026-10-09 22:14:17  [TRK] [AUC] Lagavulin 12yo Fireside Tales Special Release 2024 700ml 57.4%: 매치 3건
2026-10-09 22:14:21  [TRK] [AUC] Laphroaig 1991 23 Year Old 700ml (52.6°): 매치 5건
2026-10-09 22:14:24  [TRK] [AUC] Laphroaig 1991 DeDr Whiskyland Chapter 23 700ml (48.3°): 매치 2건
2026-10-09 22:14:24  [TRK] [AUC] 변화 없음 (매치 30건)
2026-10-09 22:32:15    [ERR] nickolls: JSON 아님: <html><head><link rel="icon" href="data:;"><meta http-equiv="refresh" content="0;/.well-known/sgcaptcha/?r=%2Fwp-json%2F
2026-10-09 22:32:15    [EVENT] 신규 0 · 재입고 0
2026-10-09 22:32:15  [OK] 폴링 완료 → 신규 0건, 세일 0건, 사이트 오류 1건 | 수집 rudder 431, mukawa 24, deinwhisky 61, shinanoya 59, vitalaus 882, whiskybarrel 500, innout 500, topwhiskies 500, abbey 500, reallygood 500, htfw 0, whiskymaniac 24, whiskysite 48, lmdw 60, wio 500, dailyshot_cvs 3336, lotteon 27
2026-10-09 22:32:16  [TRK] 추적 보틀 5개
2026-10-09 22:32:17  [TRK]   데일리샷 페이지에 데이터 없음(2032B): <!DOCTYPE html>
<html lang="en">
<head>
    <meta charset="utf-8">
    <meta name="viewport" content="width=device-width
2026-10-09 22:32:18  [TRK] 완료 — 알림 0건, 이력 2행
2026-10-09 22:32:19  [TRK] [AUC] 감시 대상 8건 · 사이트 15곳
2026-10-09 22:32:28  [TRK] [AUC] 아드벡 하우스 리저브: 매치 1건
2026-10-09 22:32:33  [TRK] [AUC] 메이커스마크 구병(1990s 레드탑): 매치 10건
2026-10-09 22:32:37  [TRK] [AUC] 메이커스마크 골드탑(50.5% 수출용 더스티): 매치 3건
2026-10-09 22:32:43  [TRK] [AUC] 메이커스마크 블랙탑(47.5% 수출용 더스티): 매치 3건
2026-10-09 22:32:55  [TRK] [AUC] Nickolls & Perks(영국) 검색 실패 'glen moray 1962': RuntimeError JSON 아님: <html><head><link rel="icon" href="data:;"><meta http-equiv="refresh" content="0;/.well-known/sgcaptcha/?r=%2Fwp-json%2F
2026-10-09 22:32:55  [TRK] [AUC] Glen Moray 1962 27 Year Old Vintage 750ml (43°): 매치 3건
2026-10-09 22:33:08  [TRK] [AUC] Nickolls & Perks(영국) 검색 실패 'lagavulin 12 2024': RuntimeError JSON 아님: <html><head><link rel="icon" href="data:;"><meta http-equiv="refresh" content="0;/.well-known/sgcaptcha/?r=%2Fwp-json%2F
2026-10-09 22:33:08  [TRK] [AUC] Lagavulin 12yo Fireside Tales Special Release 2024 700ml 57.4%: 매치 3건
2026-10-09 22:33:21  [TRK] [AUC] Nickolls & Perks(영국) 검색 실패 'laphroaig 1991': RuntimeError JSON 아님: <html><head><link rel="icon" href="data:;"><meta http-equiv="refresh" content="0;/.well-known/sgcaptcha/?r=%2Fwp-json%2F
2026-10-09 22:33:21  [TRK] [AUC] Laphroaig 1991 23 Year Old 700ml (52.6°): 매치 5건
2026-10-09 22:33:33  [TRK] [AUC] Nickolls & Perks(영국) 검색 실패 'laphroaig 1991 whiskyland': RuntimeError JSON 아님: <html><head><link rel="icon" href="data:;"><meta http-equiv="refresh" content="0;/.well-known/sgcaptcha/?r=%2Fwp-json%2F
2026-10-09 22:33:33  [TRK] [AUC] Laphroaig 1991 DeDr Whiskyland Chapter 23 700ml (48.3°): 매치 2건
2026-10-09 22:33:33  [TRK] [AUC] 변화 없음 (매치 30건)
2026-10-09 23:02:33    [EVENT] 신규 1 · 재입고 0
2026-10-09 23:02:33  [OK] 폴링 완료 → 신규 0건, 세일 0건 | 수집 rudder 431, mukawa 24, deinwhisky 61, shinanoya 59, vitalaus 882, whiskybarrel 500, innout 500, topwhiskies 500, abbey 500, reallygood 500, htfw 0, whiskymaniac 24, nickolls 100, whiskysite 48, lmdw 60, wio 500, dailyshot_cvs 3336, lotteon 27
2026-10-09 23:02:34    [ALERT] 즉시 알림(텔레그램) — 위스키 샵 알림 — ⭐0 · 🆕1 · 🔁0
2026-10-09 23:02:35  [TRK] 추적 보틀 5개
2026-10-09 23:02:37  [TRK]   데일리샷 페이지에 데이터 없음(2032B): <!DOCTYPE html>
<html lang="en">
<head>
    <meta charset="utf-8">
    <meta name="viewport" content="width=device-width
2026-10-09 23:02:38  [TRK] 완료 — 알림 0건, 이력 2행
2026-10-09 23:02:38  [TRK] [AUC] 감시 대상 8건 · 사이트 15곳
2026-10-09 23:02:50  [TRK] [AUC] 아드벡 하우스 리저브: 매치 1건
2026-10-09 23:02:56  [TRK] [AUC] 메이커스마크 구병(1990s 레드탑): 매치 10건
2026-10-09 23:03:01  [TRK] [AUC] 메이커스마크 골드탑(50.5% 수출용 더스티): 매치 3건
2026-10-09 23:03:07  [TRK] [AUC] 메이커스마크 블랙탑(47.5% 수출용 더스티): 매치 3건
2026-10-09 23:03:11  [TRK] [AUC] Glen Moray 1962 27 Year Old Vintage 750ml (43°): 매치 3건
2026-10-09 23:03:14  [TRK] [AUC] Lagavulin 12yo Fireside Tales Special Release 2024 700ml 57.4%: 매치 3건
2026-10-09 23:03:18  [TRK] [AUC] Laphroaig 1991 23 Year Old 700ml (52.6°): 매치 5건
2026-10-09 23:03:20  [TRK] [AUC] Laphroaig 1991 DeDr Whiskyland Chapter 23 700ml (48.3°): 매치 2건
2026-10-09 23:03:20  [TRK] [AUC] 변화 없음 (매치 30건)
2026-10-09 23:32:09    [EVENT] 신규 0 · 재입고 0
2026-10-09 23:32:10  [OK] 폴링 완료 → 신규 0건, 세일 0건 | 수집 rudder 431, mukawa 24, deinwhisky 61, shinanoya 59, vitalaus 882, whiskybarrel 500, innout 500, topwhiskies 500, abbey 500, reallygood 500, htfw 0, whiskymaniac 24, nickolls 100, whiskysite 48, lmdw 60, wio 500, dailyshot_cvs 3336, lotteon 27
2026-10-09 23:32:11  [TRK] 추적 보틀 5개
2026-10-09 23:32:12  [TRK]   데일리샷 페이지에 데이터 없음(2032B): <!DOCTYPE html>
<html lang="en">
<head>
    <meta charset="utf-8">
    <meta name="viewport" content="width=device-width
2026-10-09 23:32:12  [TRK] 완료 — 알림 0건, 이력 2행
2026-10-09 23:32:13  [TRK] [AUC] 감시 대상 8건 · 사이트 15곳
2026-10-09 23:32:22  [TRK] [AUC] 아드벡 하우스 리저브: 매치 1건
2026-10-09 23:32:27  [TRK] [AUC] 메이커스마크 구병(1990s 레드탑): 매치 10건
2026-10-09 23:32:32  [TRK] [AUC] 메이커스마크 골드탑(50.5% 수출용 더스티): 매치 3건
2026-10-09 23:32:36  [TRK] [AUC] 메이커스마크 블랙탑(47.5% 수출용 더스티): 매치 2건
2026-10-09 23:32:40  [TRK] [AUC] Glen Moray 1962 27 Year Old Vintage 750ml (43°): 매치 3건
2026-10-09 23:32:46  [TRK] [AUC] Lagavulin 12yo Fireside Tales Special Release 2024 700ml 57.4%: 매치 3건
2026-10-09 23:32:50  [TRK] [AUC] Laphroaig 1991 23 Year Old 700ml (52.6°): 매치 5건
2026-10-09 23:32:54  [TRK] [AUC] Laphroaig 1991 DeDr Whiskyland Chapter 23 700ml (48.3°): 매치 2건
2026-10-09 23:32:54  [TRK] [AUC] 변화 없음 (매치 29건)
2026-10-10 00:11:57    [EVENT] 신규 6 · 재입고 0
2026-10-10 00:11:57  [OK] 폴링 완료 → 신규 0건, 세일 0건 | 수집 rudder 431, mukawa 24, deinwhisky 61, shinanoya 59, vitalaus 882, whiskybarrel 500, innout 500, topwhiskies 500, abbey 500, reallygood 500, htfw 0, whiskymaniac 24, nickolls 100, whiskysite 48, lmdw 60, wio 500, dailyshot_cvs 3336, lotteon 27
2026-10-10 00:11:59    [ALERT] 즉시 알림(텔레그램) — 위스키 샵 알림 — ⭐0 · 🆕6 · 🔁0
2026-10-10 00:12:01  [TRK] 추적 보틀 5개
2026-10-10 00:12:02  [TRK]   데일리샷 페이지에 데이터 없음(2032B): <!DOCTYPE html>
<html lang="en">
<head>
    <meta charset="utf-8">
    <meta name="viewport" content="width=device-width
2026-10-10 00:12:02  [TRK] 완료 — 알림 0건, 이력 2행
2026-10-10 00:12:03  [TRK] [AUC] 감시 대상 8건 · 사이트 15곳
2026-10-10 00:12:06  [TRK] [AUC] 아드벡 하우스 리저브: 매치 1건
2026-10-10 00:12:11  [TRK] [AUC] 메이커스마크 구병(1990s 레드탑): 매치 10건
2026-10-10 00:12:16  [TRK] [AUC] 메이커스마크 골드탑(50.5% 수출용 더스티): 매치 3건
2026-10-10 00:12:21  [TRK] [AUC] 메이커스마크 블랙탑(47.5% 수출용 더스티): 매치 2건
2026-10-10 00:12:25  [TRK] [AUC] Glen Moray 1962 27 Year Old Vintage 750ml (43°): 매치 3건
2026-10-10 00:12:30  [TRK] [AUC] Lagavulin 12yo Fireside Tales Special Release 2024 700ml 57.4%: 매치 3건
2026-10-10 00:12:34  [TRK] [AUC] Laphroaig 1991 23 Year Old 700ml (52.6°): 매치 5건
2026-10-10 00:12:38  [TRK] [AUC] Laphroaig 1991 DeDr Whiskyland Chapter 23 700ml (48.3°): 매치 2건
2026-10-10 00:12:38  [TRK] [AUC] 변화 없음 (매치 29건)
2026-10-10 01:39:49  [TEST] 메일 스캔 성공 — 허용 발신자 30일 39통, 키워드 일치 0통
2026-10-10 01:40:11  [TEST] 테스트 메일 발송 시도
2026-10-10 01:51:03  [TEST] 메일 스캔 성공 — 허용 발신자 30일 39통, 즉시 4통 · 요약 3통
2026-10-10 02:08:55  [TEST] 메일 스캔 성공 — 허용 발신자 30일 41통, 즉시 5통 · 요약 3통
2026-10-10 02:11:36    [MAIL] 허용 발신자 8통 확인, 새 세일 메일 즉시 2통 · 요약 0통 (첫 실행 — 기준선만 기록)
2026-10-10 02:11:41    [ERR] htfw/p1: HTTP Error 429: Too Many Requests
2026-10-10 02:12:39    [EVENT] 신규 0 · 재입고 0
2026-10-10 02:12:39  [OK] 폴링 완료 → 신규 0건, 세일 2건 | 수집 rudder 431, mukawa 24, deinwhisky 61, shinanoya 59, vitalaus 882, whiskybarrel 500, innout 500, topwhiskies 500, abbey 500, reallygood 500, htfw 0, whiskymaniac 24, nickolls 100, whiskysite 48, lmdw 60, wio 500, dailyshot_cvs 3336, lotteon 27
2026-10-10 02:12:41    [ALERT] 즉시 알림(텔레그램) — 위스키 샵 알림 — ⭐0 · 🆕0 · 🔁0 · 💰2
2026-10-10 02:12:42  [TRK] 추적 보틀 5개
2026-10-10 02:12:44  [TRK]   데일리샷 페이지에 데이터 없음(2032B): <!DOCTYPE html>
<html lang="en">
<head>
    <meta charset="utf-8">
    <meta name="viewport" content="width=device-width
2026-10-10 02:12:45  [TRK] 완료 — 알림 0건, 이력 2행
2026-10-10 02:12:45  [TRK] [AUC] 감시 대상 8건 · 사이트 15곳
2026-10-10 02:12:55  [TRK] [AUC] 아드벡 하우스 리저브: 매치 1건
2026-10-10 02:13:00  [TRK] [AUC] 메이커스마크 구병(1990s 레드탑): 매치 10건
2026-10-10 02:13:06  [TRK] [AUC] 메이커스마크 골드탑(50.5% 수출용 더스티): 매치 3건
2026-10-10 02:13:11  [TRK] [AUC] 메이커스마크 블랙탑(47.5% 수출용 더스티): 매치 2건
2026-10-10 02:13:15  [TRK] [AUC] Glen Moray 1962 27 Year Old Vintage 750ml (43°): 매치 3건
2026-10-10 02:13:20  [TRK] [AUC] Lagavulin 12yo Fireside Tales Special Release 2024 700ml 57.4%: 매치 3건
2026-10-10 02:13:25  [TRK] [AUC] Laphroaig 1991 23 Year Old 700ml (52.6°): 매치 5건
2026-10-10 02:13:30  [TRK] [AUC] Laphroaig 1991 DeDr Whiskyland Chapter 23 700ml (48.3°): 매치 2건
2026-10-10 02:13:30  [TRK] [AUC] 변화 없음 (매치 29건)
2026-10-10 02:19:48    [EVENT] 신규 0 · 재입고 0
2026-10-10 02:19:48  [OK] 폴링 완료 → 신규 0건, 세일 0건 | 수집 rudder 431, mukawa 24, deinwhisky 61, shinanoya 59, vitalaus 882, whiskybarrel 500, innout 500, topwhiskies 500, abbey 500, reallygood 500, htfw 0, whiskymaniac 24, nickolls 100, whiskysite 48, lmdw 60, wio 500, dailyshot_cvs 3336, lotteon 27
2026-10-10 02:19:49  [TRK] 추적 보틀 5개
2026-10-10 02:19:50  [TRK]   데일리샷 페이지에 데이터 없음(2032B): <!DOCTYPE html>
<html lang="en">
<head>
    <meta charset="utf-8">
    <meta name="viewport" content="width=device-width
2026-10-10 02:19:51  [TRK] 완료 — 알림 0건, 이력 2행
2026-10-10 02:19:51  [TRK] [AUC] 감시 대상 8건 · 사이트 15곳
2026-10-10 02:19:59  [TRK] [AUC] 야후옥션 검색 실패 'ハウスリザーブ': HTTPError HTTP Error 500: Internal Server Error
2026-10-10 02:19:59  [TRK] [AUC] 야후옥션 검색 실패 'アードベック': HTTPError HTTP Error 500: Internal Server Error
2026-10-10 02:19:59  [TRK] [AUC] 야후옥션 검색 실패 'Ardbeg': HTTPError HTTP Error 500: Internal Server Error
2026-10-10 02:19:59  [TRK] [AUC] 야후옥션 검색 실패 'アードベッグ': HTTPError HTTP Error 500: Internal Server Error
2026-10-10 02:19:59  [TRK] [AUC] 아드벡 하우스 리저브: 매치 1건
2026-10-10 02:20:06  [TRK] [AUC] 야후옥션 검색 실패 'メーカーズマーク': HTTPError HTTP Error 500: Internal Server Error
2026-10-10 02:20:06  [TRK] [AUC] 야후옥션 검색 실패 'メーカーズ マーク': HTTPError HTTP Error 500: Internal Server Error
2026-10-10 02:20:06  [TRK] [AUC] 메이커스마크 구병(1990s 레드탑): 매치 0건
2026-10-10 02:20:13  [TRK] [AUC] 야후옥션 검색 실패 'メーカーズ マーク': HTTPError HTTP Error 500: Internal Server Error
2026-10-10 02:20:13  [TRK] [AUC] 야후옥션 검색 실패 'メーカーズマーク': HTTPError HTTP Error 500: Internal Server Error
2026-10-10 02:20:13  [TRK] [AUC] 메이커스마크 골드탑(50.5% 수출용 더스티): 매치 0건
2026-10-10 02:20:21  [TRK] [AUC] 야후옥션 검색 실패 'メーカーズ マーク': HTTPError HTTP Error 500: Internal Server Error
2026-10-10 02:20:21  [TRK] [AUC] 야후옥션 검색 실패 'メーカーズマーク': HTTPError HTTP Error 500: Internal Server Error
2026-10-10 02:20:21  [TRK] [AUC] 메이커스마크 블랙탑(47.5% 수출용 더스티): 매치 0건
2026-10-10 02:20:28  [TRK] [AUC] 야후옥션 검색 실패 'グレンマレイ 1962': HTTPError HTTP Error 500: Internal Server Error
2026-10-10 02:20:28  [TRK] [AUC] Glen Moray 1962 27 Year Old Vintage 750ml (43°): 매치 3건
2026-10-10 02:20:35  [TRK] [AUC] 야후옥션 검색 실패 'ラガヴーリン 12 2024': HTTPError HTTP Error 500: Internal Server Error
2026-10-10 02:20:35  [TRK] [AUC] Lagavulin 12yo Fireside Tales Special Release 2024 700ml 57.4%: 매치 2건
2026-10-10 02:20:43  [TRK] [AUC] 야후옥션 검색 실패 'ラフロイグ 1991': HTTPError HTTP Error 500: Internal Server Error
2026-10-10 02:20:43  [TRK] [AUC] Laphroaig 1991 23 Year Old 700ml (52.6°): 매치 5건
2026-10-10 02:20:50  [TRK] [AUC] 야후옥션 검색 실패 'ラフロイグ 1991 whiskyland': HTTPError HTTP Error 500: Internal Server Error
2026-10-10 02:20:50  [TRK] [AUC] Laphroaig 1991 DeDr Whiskyland Chapter 23 700ml (48.3°): 매치 2건
2026-10-10 02:20:50  [TRK] [AUC] 변화 없음 (매치 13건)
2026-10-10 02:28:18    [EVENT] 신규 0 · 재입고 0
2026-10-10 02:28:19  [OK] 폴링 완료 → 신규 0건, 세일 0건 | 수집 rudder 431, mukawa 24, deinwhisky 61, shinanoya 59, vitalaus 882, whiskybarrel 500, innout 500, topwhiskies 500, abbey 500, reallygood 500, whiskymaniac 24, nickolls 100, whiskysite 48, lmdw 60, wio 500, dailyshot_cvs 3336, lotteon 27
2026-10-10 02:28:20  [TRK] 추적 보틀 5개
2026-10-10 02:28:21  [TRK]   데일리샷 페이지에 데이터 없음(2032B): <!DOCTYPE html>
<html lang="en">
<head>
    <meta charset="utf-8">
    <meta name="viewport" content="width=device-width
2026-10-10 02:28:21  [TRK] 완료 — 알림 0건, 이력 2행
2026-10-10 02:28:21  [TRK] [AUC] 감시 대상 8건 · 사이트 15곳
2026-10-10 02:28:30  [TRK] [AUC] 아드벡 하우스 리저브: 매치 1건
2026-10-10 02:28:35  [TRK] [AUC] 메이커스마크 구병(1990s 레드탑): 매치 10건
2026-10-10 02:28:39  [TRK] [AUC] 메이커스마크 골드탑(50.5% 수출용 더스티): 매치 3건
2026-10-10 02:28:44  [TRK] [AUC] 메이커스마크 블랙탑(47.5% 수출용 더스티): 매치 2건
2026-10-10 02:28:47  [TRK] [AUC] Glen Moray 1962 27 Year Old Vintage 750ml (43°): 매치 3건
2026-10-10 02:28:51  [TRK] [AUC] Lagavulin 12yo Fireside Tales Special Release 2024 700ml 57.4%: 매치 3건
2026-10-10 02:28:55  [TRK] [AUC] Laphroaig 1991 23 Year Old 700ml (52.6°): 매치 5건
2026-10-10 02:28:58  [TRK] [AUC] Laphroaig 1991 DeDr Whiskyland Chapter 23 700ml (48.3°): 매치 2건
2026-10-10 02:28:58  [TRK] [AUC] 변화 없음 (매치 29건)
2026-10-10 03:29:27    [MAIL] 허용 발신자 9통 확인, 새 세일 메일 즉시 0통 · 요약 0통
2026-10-10 03:30:20    [EVENT] 신규 6 · 재입고 0
2026-10-10 03:30:21  [OK] 폴링 완료 → 신규 0건, 세일 0건 | 수집 rudder 431, mukawa 24, deinwhisky 61, shinanoya 59, vitalaus 882, whiskybarrel 500, innout 500, topwhiskies 500, abbey 500, reallygood 500, whiskymaniac 24, nickolls 100, whiskysite 48, lmdw 60, wio 500, dailyshot_cvs 3336, lotteon 29
2026-10-10 03:30:22    [ALERT] 즉시 알림(텔레그램) — 위스키 샵 알림 — ⭐0 · 🆕2 · 🔁0
2026-10-10 03:30:24  [TRK] 추적 보틀 5개
2026-10-10 03:30:25  [TRK]   데일리샷 페이지에 데이터 없음(2032B): <!DOCTYPE html>
<html lang="en">
<head>
    <meta charset="utf-8">
    <meta name="viewport" content="width=device-width
2026-10-10 03:30:25  [TRK] 완료 — 알림 0건, 이력 2행
2026-10-10 03:30:26  [TRK] [AUC] 감시 대상 8건 · 사이트 15곳
2026-10-10 03:30:35  [TRK] [AUC] 아드벡 하우스 리저브: 매치 1건
2026-10-10 03:30:39  [TRK] [AUC] 메이커스마크 구병(1990s 레드탑): 매치 10건
2026-10-10 03:30:45  [TRK] [AUC] 메이커스마크 골드탑(50.5% 수출용 더스티): 매치 3건
2026-10-10 03:30:51  [TRK] [AUC] 메이커스마크 블랙탑(47.5% 수출용 더스티): 매치 2건
2026-10-10 03:30:54  [TRK] [AUC] Glen Moray 1962 27 Year Old Vintage 750ml (43°): 매치 3건
2026-10-10 03:30:59  [TRK] [AUC] Lagavulin 12yo Fireside Tales Special Release 2024 700ml 57.4%: 매치 2건
2026-10-10 03:31:06  [TRK] [AUC] Laphroaig 1991 23 Year Old 700ml (52.6°): 매치 5건
2026-10-10 03:31:09  [TRK] [AUC] Laphroaig 1991 DeDr Whiskyland Chapter 23 700ml (48.3°): 매치 2건
2026-10-10 03:31:09  [TRK] [AUC] 변화 없음 (매치 28건)
2026-10-10 04:11:08    [MAIL] 허용 발신자 9통 확인, 새 세일 메일 즉시 0통 · 요약 0통
2026-10-10 04:12:03    [EVENT] 신규 0 · 재입고 0
2026-10-10 04:12:03  [OK] 폴링 완료 → 신규 0건, 세일 0건 | 수집 rudder 431, mukawa 24, deinwhisky 61, shinanoya 59, vitalaus 882, whiskybarrel 500, innout 500, topwhiskies 500, abbey 500, reallygood 500, whiskymaniac 24, nickolls 100, whiskysite 48, lmdw 60, wio 500, dailyshot_cvs 3336, lotteon 29
2026-10-10 04:12:04  [TRK] 추적 보틀 5개
2026-10-10 04:12:05  [TRK]   데일리샷 페이지에 데이터 없음(2032B): <!DOCTYPE html>
<html lang="en">
<head>
    <meta charset="utf-8">
    <meta name="viewport" content="width=device-width
2026-10-10 04:12:06  [TRK] 완료 — 알림 0건, 이력 2행
2026-10-10 04:12:06  [TRK] [AUC] 감시 대상 8건 · 사이트 15곳
2026-10-10 04:12:14  [TRK] [AUC] 아드벡 하우스 리저브: 매치 1건
2026-10-10 04:12:18  [TRK] [AUC] 메이커스마크 구병(1990s 레드탑): 매치 10건
2026-10-10 04:12:23  [TRK] [AUC] 메이커스마크 골드탑(50.5% 수출용 더스티): 매치 3건
2026-10-10 04:12:26  [TRK] [AUC] 메이커스마크 블랙탑(47.5% 수출용 더스티): 매치 1건
2026-10-10 04:12:32  [TRK] [AUC] Glen Moray 1962 27 Year Old Vintage 750ml (43°): 매치 3건
2026-10-10 04:12:36  [TRK] [AUC] Lagavulin 12yo Fireside Tales Special Release 2024 700ml 57.4%: 매치 3건
2026-10-10 04:12:40  [TRK] [AUC] Laphroaig 1991 23 Year Old 700ml (52.6°): 매치 5건
2026-10-10 04:12:43  [TRK] [AUC] Laphroaig 1991 DeDr Whiskyland Chapter 23 700ml (48.3°): 매치 2건
2026-10-10 04:12:43  [TRK] [AUC] 변화 없음 (매치 28건)
2026-10-10 06:11:00    [MAIL] 허용 발신자 9통 확인, 새 세일 메일 즉시 0통 · 요약 0통
2026-10-10 06:11:55    [EVENT] 신규 0 · 재입고 0
2026-10-10 06:11:55  [OK] 폴링 완료 → 신규 0건, 세일 0건 | 수집 rudder 431, mukawa 24, deinwhisky 61, shinanoya 59, vitalaus 882, whiskybarrel 500, innout 500, topwhiskies 500, abbey 500, reallygood 500, whiskymaniac 24, nickolls 100, whiskysite 48, lmdw 60, wio 500, dailyshot_cvs 3336, lotteon 29
2026-10-10 06:11:57  [TRK] 추적 보틀 5개
2026-10-10 06:11:58  [TRK]   데일리샷 페이지에 데이터 없음(2032B): <!DOCTYPE html>
<html lang="en">
<head>
    <meta charset="utf-8">
    <meta name="viewport" content="width=device-width
2026-10-10 06:11:59  [TRK] 완료 — 알림 0건, 이력 2행
2026-10-10 06:11:59  [TRK] [AUC] 감시 대상 8건 · 사이트 15곳
2026-10-10 06:12:09  [TRK] [AUC] 아드벡 하우스 리저브: 매치 1건
2026-10-10 06:12:14  [TRK] [AUC] 메이커스마크 구병(1990s 레드탑): 매치 10건
2026-10-10 06:12:19  [TRK] [AUC] 메이커스마크 골드탑(50.5% 수출용 더스티): 매치 3건
2026-10-10 06:12:24  [TRK] [AUC] 메이커스마크 블랙탑(47.5% 수출용 더스티): 매치 1건
2026-10-10 06:12:28  [TRK] [AUC] Glen Moray 1962 27 Year Old Vintage 750ml (43°): 매치 3건
2026-10-10 06:12:33  [TRK] [AUC] Lagavulin 12yo Fireside Tales Special Release 2024 700ml 57.4%: 매치 3건
2026-10-10 06:12:36  [TRK] [AUC] Laphroaig 1991 23 Year Old 700ml (52.6°): 매치 5건
2026-10-10 06:12:40  [TRK] [AUC] Laphroaig 1991 DeDr Whiskyland Chapter 23 700ml (48.3°): 매치 2건
2026-10-10 06:12:40  [TRK] [AUC] 변화 없음 (매치 28건)
2026-10-10 07:51:30    [MAIL] 허용 발신자 9통 확인, 새 세일 메일 즉시 0통 · 요약 0통
2026-10-10 07:52:40    [ERR] nickolls: JSON 아님: <html><head><link rel="icon" href="data:;"><meta http-equiv="refresh" content="0;/.well-known/sgcaptcha/?r=%2Fwp-json%2F
2026-10-10 07:52:40    [EVENT] 신규 0 · 재입고 0
2026-10-10 07:52:40  [OK] 폴링 완료 → 신규 0건, 세일 0건, 사이트 오류 1건 | 수집 rudder 431, mukawa 24, deinwhisky 61, shinanoya 59, vitalaus 882, whiskybarrel 500, innout 500, topwhiskies 500, abbey 500, reallygood 500, whiskymaniac 24, whiskysite 48, lmdw 60, wio 500, dailyshot_cvs 3336, lotteon 29
2026-10-10 07:52:44  [TRK] 추적 보틀 5개
2026-10-10 07:52:45  [TRK]   데일리샷 페이지에 데이터 없음(2032B): <!DOCTYPE html>
<html lang="en">
<head>
    <meta charset="utf-8">
    <meta name="viewport" content="width=device-width
2026-10-10 07:52:45  [TRK] 완료 — 알림 0건, 이력 2행
2026-10-10 07:52:46  [TRK] [AUC] 감시 대상 8건 · 사이트 15곳
2026-10-10 07:52:58  [TRK] [AUC] 아드벡 하우스 리저브: 매치 1건
2026-10-10 07:53:04  [TRK] [AUC] 메이커스마크 구병(1990s 레드탑): 매치 2건
2026-10-10 07:53:10  [TRK] [AUC] 메이커스마크 골드탑(50.5% 수출용 더스티): 매치 3건
2026-10-10 07:53:16  [TRK] [AUC] 메이커스마크 블랙탑(47.5% 수출용 더스티): 매치 2건
2026-10-10 07:53:28  [TRK] [AUC] Nickolls & Perks(영국) 검색 실패 'glen moray 1962': RuntimeError JSON 아님: <html><head><link rel="icon" href="data:;"><meta http-equiv="refresh" content="0;/.well-known/sgcaptcha/?r=%2Fwp-json%2F
2026-10-10 07:53:28  [TRK] [AUC] Glen Moray 1962 27 Year Old Vintage 750ml (43°): 매치 3건
2026-10-10 07:53:40  [TRK] [AUC] Nickolls & Perks(영국) 검색 실패 'lagavulin 12 2024': RuntimeError JSON 아님: <html><head><link rel="icon" href="data:;"><meta http-equiv="refresh" content="0;/.well-known/sgcaptcha/?r=%2Fwp-json%2F
2026-10-10 07:53:40  [TRK] [AUC] Lagavulin 12yo Fireside Tales Special Release 2024 700ml 57.4%: 매치 3건
2026-10-10 07:53:53  [TRK] [AUC] Nickolls & Perks(영국) 검색 실패 'laphroaig 1991': RuntimeError JSON 아님: <html><head><link rel="icon" href="data:;"><meta http-equiv="refresh" content="0;/.well-known/sgcaptcha/?r=%2Fwp-json%2F
2026-10-10 07:53:53  [TRK] [AUC] Laphroaig 1991 23 Year Old 700ml (52.6°): 매치 5건
2026-10-10 07:54:04  [TRK] [AUC] Nickolls & Perks(영국) 검색 실패 'laphroaig 1991 whiskyland': RuntimeError JSON 아님: <html><head><link rel="icon" href="data:;"><meta http-equiv="refresh" content="0;/.well-known/sgcaptcha/?r=%2Fwp-json%2F
2026-10-10 07:54:04  [TRK] [AUC] Laphroaig 1991 DeDr Whiskyland Chapter 23 700ml (48.3°): 매치 2건
2026-10-10 07:54:04  [TRK] [AUC] 변화 없음 (매치 21건)
2026-10-10 07:54:07  [TRK] [DIGEST] 샵 리포트 발송 — 신제품 21 · 재입고 1 · ⭐ 1 (위스키 외 4 제외)
2026-10-10 07:58:02    [EVENT] 신규 0 · 재입고 2 (정밀 스캔)
2026-10-10 07:58:02  [OK] 폴링 완료 → 신규 0건, 세일 0건 | 수집 rudder 431, mukawa 24, deinwhisky 61, shinanoya 59, vitalaus 882, whiskybarrel 8644, innout 1687, topwhiskies 1143, abbey 4879, reallygood 2794, whiskymaniac 24, nickolls 3792, whiskysite 48, lmdw 598, wio 2197, dailyshot_cvs 3336, lotteon 29
2026-10-10 07:58:03  [TRK] 추적 보틀 5개
2026-10-10 07:58:06  [TRK]   데일리샷 페이지에 데이터 없음(2032B): <!DOCTYPE html>
<html lang="en">
<head>
    <meta charset="utf-8">
    <meta name="viewport" content="width=device-width
2026-10-10 07:58:07  [TRK] 완료 — 알림 0건, 이력 2행
2026-10-10 07:58:07  [TRK] [AUC] 감시 대상 8건 · 사이트 15곳
2026-10-10 07:58:17  [TRK] [AUC] 아드벡 하우스 리저브: 매치 1건
2026-10-10 07:58:23  [TRK] [AUC] 메이커스마크 구병(1990s 레드탑): 매치 10건
2026-10-10 07:58:28  [TRK] [AUC] 메이커스마크 골드탑(50.5% 수출용 더스티): 매치 3건
2026-10-10 07:58:33  [TRK] [AUC] 메이커스마크 블랙탑(47.5% 수출용 더스티): 매치 2건
2026-10-10 07:58:38  [TRK] [AUC] Glen Moray 1962 27 Year Old Vintage 750ml (43°): 매치 3건
2026-10-10 07:58:42  [TRK] [AUC] Lagavulin 12yo Fireside Tales Special Release 2024 700ml 57.4%: 매치 3건
2026-10-10 07:58:46  [TRK] [AUC] Laphroaig 1991 23 Year Old 700ml (52.6°): 매치 5건
2026-10-10 07:58:52  [TRK] [AUC] Laphroaig 1991 DeDr Whiskyland Chapter 23 700ml (48.3°): 매치 2건
2026-10-10 07:58:52  [TRK] [AUC] 변화 없음 (매치 29건)
2026-10-10 08:02:13    [EVENT] 신규 0 · 재입고 1
2026-10-10 08:02:13  [OK] 폴링 완료 → 신규 0건, 세일 0건 | 수집 rudder 431, mukawa 24, deinwhisky 61, shinanoya 59, vitalaus 882, whiskybarrel 500, innout 500, topwhiskies 500, abbey 500, reallygood 500, whiskymaniac 24, nickolls 100, whiskysite 48, lmdw 60, wio 500, dailyshot_cvs 3336, lotteon 29
2026-10-10 08:02:15    [ALERT] 즉시 알림(텔레그램) — 위스키 샵 알림 — ⭐0 · 🆕0 · 🔁1
2026-10-10 08:02:16  [TRK] 추적 보틀 5개
2026-10-10 08:02:17  [TRK]   데일리샷 페이지에 데이터 없음(2032B): <!DOCTYPE html>
<html lang="en">
<head>
    <meta charset="utf-8">
    <meta name="viewport" content="width=device-width
2026-10-10 08:02:18  [TRK] 완료 — 알림 0건, 이력 2행
2026-10-10 08:02:19  [TRK] [AUC] 감시 대상 8건 · 사이트 15곳
2026-10-10 08:02:29  [TRK] [AUC] 아드벡 하우스 리저브: 매치 1건
2026-10-10 08:02:34  [TRK] [AUC] 메이커스마크 구병(1990s 레드탑): 매치 10건
2026-10-10 08:02:41  [TRK] [AUC] 메이커스마크 골드탑(50.5% 수출용 더스티): 매치 3건
2026-10-10 08:02:47  [TRK] [AUC] 메이커스마크 블랙탑(47.5% 수출용 더스티): 매치 2건
2026-10-10 08:02:51  [TRK] [AUC] Glen Moray 1962 27 Year Old Vintage 750ml (43°): 매치 3건
2026-10-10 08:02:54  [TRK] [AUC] Lagavulin 12yo Fireside Tales Special Release 2024 700ml 57.4%: 매치 3건
2026-10-10 08:02:58  [TRK] [AUC] Laphroaig 1991 23 Year Old 700ml (52.6°): 매치 5건
2026-10-10 08:03:01  [TRK] [AUC] Laphroaig 1991 DeDr Whiskyland Chapter 23 700ml (48.3°): 매치 2건
2026-10-10 08:03:01  [TRK] [AUC] 변화 없음 (매치 29건)
2026-10-10 08:31:04    [MAIL] 허용 발신자 9통 확인, 새 세일 메일 즉시 0통 · 요약 0통
2026-10-10 08:32:03    [EVENT] 신규 0 · 재입고 0
2026-10-10 08:32:04  [OK] 폴링 완료 → 신규 0건, 세일 0건 | 수집 rudder 431, mukawa 24, deinwhisky 61, shinanoya 59, vitalaus 882, whiskybarrel 500, innout 500, topwhiskies 500, abbey 500, reallygood 500, whiskymaniac 24, nickolls 100, whiskysite 48, lmdw 60, wio 500, dailyshot_cvs 3336, lotteon 29
2026-10-10 08:32:05  [TRK] 추적 보틀 5개
2026-10-10 08:32:06  [TRK]   데일리샷 페이지에 데이터 없음(2032B): <!DOCTYPE html>
<html lang="en">
<head>
    <meta charset="utf-8">
    <meta name="viewport" content="width=device-width
2026-10-10 08:32:06  [TRK] 완료 — 알림 0건, 이력 2행
2026-10-10 08:32:07  [TRK] [AUC] 감시 대상 8건 · 사이트 15곳
2026-10-10 08:32:16  [TRK] [AUC] 아드벡 하우스 리저브: 매치 1건
2026-10-10 08:32:21  [TRK] [AUC] 메이커스마크 구병(1990s 레드탑): 매치 10건
2026-10-10 08:32:26  [TRK] [AUC] 메이커스마크 골드탑(50.5% 수출용 더스티): 매치 3건
2026-10-10 08:32:31  [TRK] [AUC] 메이커스마크 블랙탑(47.5% 수출용 더스티): 매치 2건
2026-10-10 08:32:35  [TRK] [AUC] Glen Moray 1962 27 Year Old Vintage 750ml (43°): 매치 3건
2026-10-10 08:32:39  [TRK] [AUC] Lagavulin 12yo Fireside Tales Special Release 2024 700ml 57.4%: 매치 3건
2026-10-10 08:32:44  [TRK] [AUC] Laphroaig 1991 23 Year Old 700ml (52.6°): 매치 5건
2026-10-10 08:32:47  [TRK] [AUC] Laphroaig 1991 DeDr Whiskyland Chapter 23 700ml (48.3°): 매치 2건
2026-10-10 08:32:47  [TRK] [AUC] 변화 없음 (매치 29건)
2026-10-10 09:01:11    [MAIL] 허용 발신자 9통 확인, 새 세일 메일 즉시 0통 · 요약 0통
2026-10-10 09:02:15    [ERR] nickolls: JSON 아님: <html><head><link rel="icon" href="data:;"><meta http-equiv="refresh" content="0;/.well-known/sgcaptcha/?r=%2Fwp-json%2F
2026-10-10 09:02:15    [EVENT] 신규 0 · 재입고 0
2026-10-10 09:02:15  [OK] 폴링 완료 → 신규 0건, 세일 0건, 사이트 오류 1건 | 수집 rudder 431, mukawa 24, deinwhisky 61, shinanoya 59, vitalaus 882, whiskybarrel 500, innout 500, topwhiskies 500, abbey 500, reallygood 500, whiskymaniac 24, whiskysite 48, lmdw 60, wio 500, dailyshot_cvs 3336, lotteon 29
2026-10-10 09:02:16  [TRK] 추적 보틀 5개
2026-10-10 09:02:17  [TRK]   데일리샷 페이지에 데이터 없음(2032B): <!DOCTYPE html>
<html lang="en">
<head>
    <meta charset="utf-8">
    <meta name="viewport" content="width=device-width
2026-10-10 09:02:18  [TRK] 완료 — 알림 0건, 이력 2행
2026-10-10 09:02:19  [TRK] [AUC] 감시 대상 8건 · 사이트 15곳
2026-10-10 09:02:30  [TRK] [AUC] 아드벡 하우스 리저브: 매치 1건
2026-10-10 09:02:37  [TRK] [AUC] 메이커스마크 구병(1990s 레드탑): 매치 10건
2026-10-10 09:02:43  [TRK] [AUC] 메이커스마크 골드탑(50.5% 수출용 더스티): 매치 3건
2026-10-10 09:02:49  [TRK] [AUC] 메이커스마크 블랙탑(47.5% 수출용 더스티): 매치 2건
2026-10-10 09:03:02  [TRK] [AUC] Nickolls & Perks(영국) 검색 실패 'glen moray 1962': RuntimeError JSON 아님: <html><head><link rel="icon" href="data:;"><meta http-equiv="refresh" content="0;/.well-known/sgcaptcha/?r=%2Fwp-json%2F
2026-10-10 09:03:02  [TRK] [AUC] Glen Moray 1962 27 Year Old Vintage 750ml (43°): 매치 3건
2026-10-10 09:03:15  [TRK] [AUC] Nickolls & Perks(영국) 검색 실패 'lagavulin 12 2024': RuntimeError JSON 아님: <html><head><link rel="icon" href="data:;"><meta http-equiv="refresh" content="0;/.well-known/sgcaptcha/?r=%2Fwp-json%2F
2026-10-10 09:03:15  [TRK] [AUC] Lagavulin 12yo Fireside Tales Special Release 2024 700ml 57.4%: 매치 3건
2026-10-10 09:03:28  [TRK] [AUC] Nickolls & Perks(영국) 검색 실패 'laphroaig 1991': RuntimeError JSON 아님: <html><head><link rel="icon" href="data:;"><meta http-equiv="refresh" content="0;/.well-known/sgcaptcha/?r=%2Fwp-json%2F
2026-10-10 09:03:28  [TRK] [AUC] Laphroaig 1991 23 Year Old 700ml (52.6°): 매치 5건
2026-10-10 09:03:40  [TRK] [AUC] Nickolls & Perks(영국) 검색 실패 'laphroaig 1991 whiskyland': RuntimeError JSON 아님: <html><head><link rel="icon" href="data:;"><meta http-equiv="refresh" content="0;/.well-known/sgcaptcha/?r=%2Fwp-json%2F
2026-10-10 09:03:40  [TRK] [AUC] Laphroaig 1991 DeDr Whiskyland Chapter 23 700ml (48.3°): 매치 2건
2026-10-10 09:03:40  [TRK] [AUC] 변화 없음 (매치 29건)
2026-10-10 09:32:16    [ERR] nickolls: JSON 아님: <html><head><link rel="icon" href="data:;"><meta http-equiv="refresh" content="0;/.well-known/sgcaptcha/?r=%2Fwp-json%2F
2026-10-10 09:32:16    [EVENT] 신규 0 · 재입고 0
2026-10-10 09:32:16  [OK] 폴링 완료 → 신규 0건, 세일 0건, 사이트 오류 1건 | 수집 rudder 431, mukawa 24, deinwhisky 61, shinanoya 59, vitalaus 882, whiskybarrel 500, innout 500, topwhiskies 500, abbey 500, reallygood 500, whiskymaniac 24, whiskysite 48, lmdw 60, wio 500, dailyshot_cvs 3336, lotteon 29
2026-10-10 09:32:17  [TRK] 추적 보틀 5개
2026-10-10 09:32:18  [TRK]   데일리샷 페이지에 데이터 없음(2032B): <!DOCTYPE html>
<html lang="en">
<head>
    <meta charset="utf-8">
    <meta name="viewport" content="width=device-width
2026-10-10 09:32:20  [TRK] 완료 — 알림 0건, 이력 2행
2026-10-10 09:32:20  [TRK] [AUC] 감시 대상 8건 · 사이트 15곳
2026-10-10 09:32:32  [TRK] [AUC] 아드벡 하우스 리저브: 매치 1건
2026-10-10 09:32:38  [TRK] [AUC] 메이커스마크 구병(1990s 레드탑): 매치 10건
2026-10-10 09:32:44  [TRK] [AUC] 메이커스마크 골드탑(50.5% 수출용 더스티): 매치 3건
2026-10-10 09:32:50  [TRK] [AUC] 메이커스마크 블랙탑(47.5% 수출용 더스티): 매치 2건
2026-10-10 09:33:03  [TRK] [AUC] Nickolls & Perks(영국) 검색 실패 'glen moray 1962': RuntimeError JSON 아님: <html><head><link rel="icon" href="data:;"><meta http-equiv="refresh" content="0;/.well-known/sgcaptcha/?r=%2Fwp-json%2F
2026-10-10 09:33:03  [TRK] [AUC] Glen Moray 1962 27 Year Old Vintage 750ml (43°): 매치 3건
2026-10-10 09:33:15  [TRK] [AUC] Nickolls & Perks(영국) 검색 실패 'lagavulin 12 2024': RuntimeError JSON 아님: <html><head><link rel="icon" href="data:;"><meta http-equiv="refresh" content="0;/.well-known/sgcaptcha/?r=%2Fwp-json%2F
2026-10-10 09:33:15  [TRK] [AUC] Lagavulin 12yo Fireside Tales Special Release 2024 700ml 57.4%: 매치 3건
2026-10-10 09:33:28  [TRK] [AUC] Nickolls & Perks(영국) 검색 실패 'laphroaig 1991': RuntimeError JSON 아님: <html><head><link rel="icon" href="data:;"><meta http-equiv="refresh" content="0;/.well-known/sgcaptcha/?r=%2Fwp-json%2F
2026-10-10 09:33:28  [TRK] [AUC] Laphroaig 1991 23 Year Old 700ml (52.6°): 매치 5건
2026-10-10 09:33:39  [TRK] [AUC] Nickolls & Perks(영국) 검색 실패 'laphroaig 1991 whiskyland': RuntimeError JSON 아님: <html><head><link rel="icon" href="data:;"><meta http-equiv="refresh" content="0;/.well-known/sgcaptcha/?r=%2Fwp-json%2F
2026-10-10 09:33:39  [TRK] [AUC] Laphroaig 1991 DeDr Whiskyland Chapter 23 700ml (48.3°): 매치 2건
2026-10-10 09:33:39  [TRK] [AUC] 변화 없음 (매치 29건)
2026-10-10 10:01:08    [MAIL] 허용 발신자 9통 확인, 새 세일 메일 즉시 0통 · 요약 0통
2026-10-10 10:02:02    [EVENT] 신규 0 · 재입고 0
2026-10-10 10:02:02  [OK] 폴링 완료 → 신규 0건, 세일 0건 | 수집 rudder 431, mukawa 24, deinwhisky 61, shinanoya 59, vitalaus 882, whiskybarrel 500, innout 500, topwhiskies 500, abbey 500, reallygood 500, whiskymaniac 24, nickolls 100, whiskysite 48, lmdw 60, wio 500, dailyshot_cvs 3336, lotteon 29
2026-10-10 10:02:04  [TRK] 추적 보틀 5개
2026-10-10 10:02:05  [TRK]   데일리샷 페이지에 데이터 없음(2032B): <!DOCTYPE html>
<html lang="en">
<head>
    <meta charset="utf-8">
    <meta name="viewport" content="width=device-width
2026-10-10 10:02:05  [TRK] 완료 — 알림 0건, 이력 2행
2026-10-10 10:02:06  [TRK] [AUC] 감시 대상 8건 · 사이트 15곳
2026-10-10 10:02:15  [TRK] [AUC] 아드벡 하우스 리저브: 매치 1건
2026-10-10 10:02:19  [TRK] [AUC] 메이커스마크 구병(1990s 레드탑): 매치 10건
2026-10-10 10:02:24  [TRK] [AUC] 메이커스마크 골드탑(50.5% 수출용 더스티): 매치 3건
2026-10-10 10:02:29  [TRK] [AUC] 메이커스마크 블랙탑(47.5% 수출용 더스티): 매치 2건
2026-10-10 10:02:34  [TRK] [AUC] Glen Moray 1962 27 Year Old Vintage 750ml (43°): 매치 3건
2026-10-10 10:02:38  [TRK] [AUC] Lagavulin 12yo Fireside Tales Special Release 2024 700ml 57.4%: 매치 2건
2026-10-10 10:02:42  [TRK] [AUC] Laphroaig 1991 23 Year Old 700ml (52.6°): 매치 5건
2026-10-10 10:02:45  [TRK] [AUC] Laphroaig 1991 DeDr Whiskyland Chapter 23 700ml (48.3°): 매치 2건
2026-10-10 10:02:45  [TRK] [AUC] 변화 없음 (매치 28건)
2026-10-10 10:32:00    [EVENT] 신규 0 · 재입고 1
2026-10-10 10:32:00  [OK] 폴링 완료 → 신규 0건, 세일 0건 | 수집 rudder 431, mukawa 24, deinwhisky 61, shinanoya 59, vitalaus 882, whiskybarrel 500, innout 500, topwhiskies 500, abbey 500, reallygood 500, whiskymaniac 24, nickolls 100, whiskysite 48, lmdw 60, wio 500, dailyshot_cvs 3336, lotteon 29
2026-10-10 10:32:01    [ALERT] 즉시 알림(텔레그램) — 위스키 샵 알림 — ⭐0 · 🆕0 · 🔁1
2026-10-10 10:32:02  [TRK] 추적 보틀 5개
2026-10-10 10:32:03  [TRK]   데일리샷 페이지에 데이터 없음(2032B): <!DOCTYPE html>
<html lang="en">
<head>
    <meta charset="utf-8">
    <meta name="viewport" content="width=device-width
2026-10-10 10:32:04  [TRK] 완료 — 알림 0건, 이력 2행
2026-10-10 10:32:04  [TRK] [AUC] 감시 대상 8건 · 사이트 15곳
2026-10-10 10:32:14  [TRK] [AUC] 아드벡 하우스 리저브: 매치 1건
2026-10-10 10:32:20  [TRK] [AUC] 메이커스마크 구병(1990s 레드탑): 매치 10건
2026-10-10 10:32:25  [TRK] [AUC] 메이커스마크 골드탑(50.5% 수출용 더스티): 매치 3건
2026-10-10 10:32:30  [TRK] [AUC] 메이커스마크 블랙탑(47.5% 수출용 더스티): 매치 2건
2026-10-10 10:32:35  [TRK] [AUC] Glen Moray 1962 27 Year Old Vintage 750ml (43°): 매치 3건
2026-10-10 10:32:39  [TRK] [AUC] Lagavulin 12yo Fireside Tales Special Release 2024 700ml 57.4%: 매치 2건
2026-10-10 10:32:45  [TRK] [AUC] Laphroaig 1991 23 Year Old 700ml (52.6°): 매치 5건
2026-10-10 10:32:49  [TRK] [AUC] Laphroaig 1991 DeDr Whiskyland Chapter 23 700ml (48.3°): 매치 2건
2026-10-10 10:32:49  [TRK] [AUC] 변화 없음 (매치 28건)
2026-10-10 11:01:14    [MAIL] 허용 발신자 9통 확인, 새 세일 메일 즉시 0통 · 요약 0통
2026-10-10 11:02:14    [EVENT] 신규 0 · 재입고 0
2026-10-10 11:02:14  [OK] 폴링 완료 → 신규 0건, 세일 0건 | 수집 rudder 431, mukawa 24, deinwhisky 61, shinanoya 59, vitalaus 882, whiskybarrel 500, innout 500, topwhiskies 500, abbey 500, reallygood 500, whiskymaniac 24, nickolls 100, whiskysite 48, lmdw 60, wio 500, dailyshot_cvs 3336, lotteon 29
2026-10-10 11:02:15  [TRK] 추적 보틀 5개
2026-10-10 11:02:16  [TRK]   데일리샷 페이지에 데이터 없음(2032B): <!DOCTYPE html>
<html lang="en">
<head>
    <meta charset="utf-8">
    <meta name="viewport" content="width=device-width
2026-10-10 11:02:17  [TRK] 완료 — 알림 0건, 이력 2행
2026-10-10 11:02:17  [TRK] [AUC] 감시 대상 8건 · 사이트 15곳
2026-10-10 11:02:28  [TRK] [AUC] 아드벡 하우스 리저브: 매치 1건
2026-10-10 11:02:34  [TRK] [AUC] 메이커스마크 구병(1990s 레드탑): 매치 10건
2026-10-10 11:02:41  [TRK] [AUC] 메이커스마크 골드탑(50.5% 수출용 더스티): 매치 3건
2026-10-10 11:02:46  [TRK] [AUC] 메이커스마크 블랙탑(47.5% 수출용 더스티): 매치 2건
2026-10-10 11:02:51  [TRK] [AUC] Glen Moray 1962 27 Year Old Vintage 750ml (43°): 매치 3건
2026-10-10 11:02:55  [TRK] [AUC] Lagavulin 12yo Fireside Tales Special Release 2024 700ml 57.4%: 매치 3건
2026-10-10 11:02:59  [TRK] [AUC] Laphroaig 1991 23 Year Old 700ml (52.6°): 매치 5건
2026-10-10 11:03:03  [TRK] [AUC] Laphroaig 1991 DeDr Whiskyland Chapter 23 700ml (48.3°): 매치 2건
2026-10-10 11:03:03  [TRK] [AUC] 변화 없음 (매치 29건)
2026-10-10 11:32:02    [EVENT] 신규 0 · 재입고 0
2026-10-10 11:32:02  [OK] 폴링 완료 → 신규 0건, 세일 0건 | 수집 rudder 431, mukawa 24, deinwhisky 61, shinanoya 59, vitalaus 882, whiskybarrel 500, innout 500, topwhiskies 500, abbey 500, reallygood 500, whiskymaniac 24, nickolls 100, whiskysite 48, lmdw 60, wio 500, dailyshot_cvs 3336, lotteon 29
2026-10-10 11:32:03  [TRK] 추적 보틀 5개
2026-10-10 11:32:04  [TRK]   데일리샷 페이지에 데이터 없음(2032B): <!DOCTYPE html>
<html lang="en">
<head>
    <meta charset="utf-8">
    <meta name="viewport" content="width=device-width
2026-10-10 11:32:05  [TRK] 완료 — 알림 0건, 이력 2행
2026-10-10 11:32:05  [TRK] [AUC] 감시 대상 8건 · 사이트 15곳
2026-10-10 11:32:15  [TRK] [AUC] 아드벡 하우스 리저브: 매치 1건
2026-10-10 11:32:19  [TRK] [AUC] 메이커스마크 구병(1990s 레드탑): 매치 10건
2026-10-10 11:32:24  [TRK] [AUC] 메이커스마크 골드탑(50.5% 수출용 더스티): 매치 3건
2026-10-10 11:32:29  [TRK] [AUC] 메이커스마크 블랙탑(47.5% 수출용 더스티): 매치 2건
2026-10-10 11:32:36  [TRK] [AUC] Inn-Out(독일) 검색 실패 'glen moray 1962': HTTPError HTTP Error 503: Service Unavailable
2026-10-10 11:32:48  [TRK] [AUC] Glen Moray 1962 27 Year Old Vintage 750ml (43°): 매치 3건
2026-10-10 11:32:55  [TRK] [AUC] Inn-Out(독일) 검색 실패 'lagavulin 12 2024': HTTPError HTTP Error 503: Service Unavailable
2026-10-10 11:33:11  [TRK] [AUC] Lagavulin 12yo Fireside Tales Special Release 2024 700ml 57.4%: 매치 2건
2026-10-10 11:33:27  [TRK] [AUC] Laphroaig 1991 23 Year Old 700ml (52.6°): 매치 5건
2026-10-10 11:33:36  [TRK] [AUC] Laphroaig 1991 DeDr Whiskyland Chapter 23 700ml (48.3°): 매치 2건
2026-10-10 11:33:36  [TRK] [AUC] 변화 없음 (매치 28건)
2026-10-10 12:01:08    [MAIL] 허용 발신자 9통 확인, 새 세일 메일 즉시 0통 · 요약 0통
2026-10-10 12:02:04    [EVENT] 신규 0 · 재입고 0
2026-10-10 12:02:04  [OK] 폴링 완료 → 신규 0건, 세일 0건 | 수집 rudder 431, mukawa 24, deinwhisky 61, shinanoya 59, vitalaus 882, whiskybarrel 500, innout 500, topwhiskies 500, abbey 500, reallygood 500, whiskymaniac 24, nickolls 100, whiskysite 48, lmdw 60, wio 500, dailyshot_cvs 3336, lotteon 29
2026-10-10 12:02:05  [TRK] 추적 보틀 5개
2026-10-10 12:02:06  [TRK]   데일리샷 페이지에 데이터 없음(2032B): <!DOCTYPE html>
<html lang="en">
<head>
    <meta charset="utf-8">
    <meta name="viewport" content="width=device-width
2026-10-10 12:02:07  [TRK] 완료 — 알림 0건, 이력 2행
2026-10-10 12:02:07  [TRK] [AUC] 감시 대상 8건 · 사이트 15곳
2026-10-10 12:02:16  [TRK] [AUC] 아드벡 하우스 리저브: 매치 1건
2026-10-10 12:02:21  [TRK] [AUC] 메이커스마크 구병(1990s 레드탑): 매치 10건
2026-10-10 12:02:26  [TRK] [AUC] 메이커스마크 골드탑(50.5% 수출용 더스티): 매치 3건
2026-10-10 12:02:31  [TRK] [AUC] 메이커스마크 블랙탑(47.5% 수출용 더스티): 매치 1건
2026-10-10 12:02:36  [TRK] [AUC] Glen Moray 1962 27 Year Old Vintage 750ml (43°): 매치 3건
2026-10-10 12:02:40  [TRK] [AUC] Lagavulin 12yo Fireside Tales Special Release 2024 700ml 57.4%: 매치 3건
2026-10-10 12:02:44  [TRK] [AUC] Laphroaig 1991 23 Year Old 700ml (52.6°): 매치 5건
2026-10-10 12:02:50  [TRK] [AUC] Laphroaig 1991 DeDr Whiskyland Chapter 23 700ml (48.3°): 매치 2건
2026-10-10 12:02:50  [TRK] [AUC] 변화 없음 (매치 28건)
2026-10-10 12:31:17    [MAIL] 허용 발신자 9통 확인, 새 세일 메일 즉시 0통 · 요약 0통
2026-10-10 12:32:20    [EVENT] 신규 0 · 재입고 2
2026-10-10 12:32:20  [OK] 폴링 완료 → 신규 0건, 세일 0건 | 수집 rudder 431, mukawa 24, deinwhisky 61, shinanoya 59, vitalaus 882, whiskybarrel 500, innout 500, topwhiskies 500, abbey 500, reallygood 500, whiskymaniac 24, nickolls 100, whiskysite 48, lmdw 60, wio 500, dailyshot_cvs 3336, lotteon 29
2026-10-10 12:32:22    [ALERT] 즉시 알림(텔레그램) — 위스키 샵 알림 — ⭐0 · 🆕0 · 🔁2
2026-10-10 12:32:23  [TRK] 추적 보틀 5개
2026-10-10 12:32:25  [TRK]   데일리샷 페이지에 데이터 없음(2032B): <!DOCTYPE html>
<html lang="en">
<head>
    <meta charset="utf-8">
    <meta name="viewport" content="width=device-width
2026-10-10 12:32:26  [TRK] 완료 — 알림 0건, 이력 2행
2026-10-10 12:32:27  [TRK] [AUC] 감시 대상 8건 · 사이트 15곳
2026-10-10 12:32:38  [TRK] [AUC] 아드벡 하우스 리저브: 매치 1건
2026-10-10 12:32:45  [TRK] [AUC] 메이커스마크 구병(1990s 레드탑): 매치 10건
2026-10-10 12:32:52  [TRK] [AUC] 메이커스마크 골드탑(50.5% 수출용 더스티): 매치 3건
2026-10-10 12:32:58  [TRK] [AUC] 메이커스마크 블랙탑(47.5% 수출용 더스티): 매치 2건
2026-10-10 12:33:01  [TRK] [AUC] Glen Moray 1962 27 Year Old Vintage 750ml (43°): 매치 3건
2026-10-10 12:33:06  [TRK] [AUC] Lagavulin 12yo Fireside Tales Special Release 2024 700ml 57.4%: 매치 3건
2026-10-10 12:33:10  [TRK] [AUC] Laphroaig 1991 23 Year Old 700ml (52.6°): 매치 5건
2026-10-10 12:33:13  [TRK] [AUC] Laphroaig 1991 DeDr Whiskyland Chapter 23 700ml (48.3°): 매치 2건
2026-10-10 12:33:13  [TRK] [AUC] 변화 없음 (매치 29건)
2026-10-10 13:02:12    [ERR] nickolls: JSON 아님: <html><head><link rel="icon" href="data:;"><meta http-equiv="refresh" content="0;/.well-known/sgcaptcha/?r=%2Fwp-json%2F
2026-10-10 13:02:12    [EVENT] 신규 0 · 재입고 0
2026-10-10 13:02:12  [OK] 폴링 완료 → 신규 0건, 세일 0건, 사이트 오류 1건 | 수집 rudder 431, mukawa 24, deinwhisky 61, shinanoya 59, vitalaus 882, whiskybarrel 500, innout 500, topwhiskies 500, abbey 500, reallygood 500, whiskymaniac 24, whiskysite 48, lmdw 60, wio 500, dailyshot_cvs 3336, lotteon 29
2026-10-10 13:02:13  [TRK] 추적 보틀 5개
2026-10-10 13:02:14  [TRK]   데일리샷 페이지에 데이터 없음(2032B): <!DOCTYPE html>
<html lang="en">
<head>
    <meta charset="utf-8">
    <meta name="viewport" content="width=device-width
2026-10-10 13:02:15  [TRK] 완료 — 알림 0건, 이력 2행
2026-10-10 13:02:16  [TRK] [AUC] 감시 대상 8건 · 사이트 15곳
2026-10-10 13:02:27  [TRK] [AUC] 아드벡 하우스 리저브: 매치 1건
2026-10-10 13:02:33  [TRK] [AUC] 메이커스마크 구병(1990s 레드탑): 매치 10건
2026-10-10 13:02:40  [TRK] [AUC] 메이커스마크 골드탑(50.5% 수출용 더스티): 매치 3건
2026-10-10 13:02:46  [TRK] [AUC] 메이커스마크 블랙탑(47.5% 수출용 더스티): 매치 2건
2026-10-10 13:02:58  [TRK] [AUC] Nickolls & Perks(영국) 검색 실패 'glen moray 1962': RuntimeError JSON 아님: <html><head><link rel="icon" href="data:;"><meta http-equiv="refresh" content="0;/.well-known/sgcaptcha/?r=%2Fwp-json%2F
2026-10-10 13:02:58  [TRK] [AUC] Glen Moray 1962 27 Year Old Vintage 750ml (43°): 매치 3건
2026-10-10 13:03:10  [TRK] [AUC] Nickolls & Perks(영국) 검색 실패 'lagavulin 12 2024': RuntimeError JSON 아님: <html><head><link rel="icon" href="data:;"><meta http-equiv="refresh" content="0;/.well-known/sgcaptcha/?r=%2Fwp-json%2F
2026-10-10 13:03:10  [TRK] [AUC] Lagavulin 12yo Fireside Tales Special Release 2024 700ml 57.4%: 매치 3건
2026-10-10 13:03:23  [TRK] [AUC] Nickolls & Perks(영국) 검색 실패 'laphroaig 1991': RuntimeError JSON 아님: <html><head><link rel="icon" href="data:;"><meta http-equiv="refresh" content="0;/.well-known/sgcaptcha/?r=%2Fwp-json%2F
2026-10-10 13:03:23  [TRK] [AUC] Laphroaig 1991 23 Year Old 700ml (52.6°): 매치 5건
2026-10-10 13:03:34  [TRK] [AUC] Nickolls & Perks(영국) 검색 실패 'laphroaig 1991 whiskyland': RuntimeError JSON 아님: <html><head><link rel="icon" href="data:;"><meta http-equiv="refresh" content="0;/.well-known/sgcaptcha/?r=%2Fwp-json%2F
2026-10-10 13:03:34  [TRK] [AUC] Laphroaig 1991 DeDr Whiskyland Chapter 23 700ml (48.3°): 매치 2건
2026-10-10 13:03:34  [TRK] [AUC] 변화 없음 (매치 29건)
2026-10-10 13:31:05    [MAIL] 허용 발신자 9통 확인, 새 세일 메일 즉시 0통 · 요약 0통
2026-10-10 13:32:00    [EVENT] 신규 0 · 재입고 0
2026-10-10 13:32:00  [OK] 폴링 완료 → 신규 0건, 세일 0건 | 수집 rudder 431, mukawa 24, deinwhisky 61, shinanoya 59, vitalaus 882, whiskybarrel 500, innout 500, topwhiskies 500, abbey 500, reallygood 500, whiskymaniac 24, nickolls 100, whiskysite 48, lmdw 60, wio 500, dailyshot_cvs 3336, lotteon 29
2026-10-10 13:32:02  [TRK] 추적 보틀 5개
2026-10-10 13:32:03  [TRK]   데일리샷 페이지에 데이터 없음(2032B): <!DOCTYPE html>
<html lang="en">
<head>
    <meta charset="utf-8">
    <meta name="viewport" content="width=device-width
2026-10-10 13:32:03  [TRK] 완료 — 알림 0건, 이력 2행
2026-10-10 13:32:03  [TRK] [AUC] 감시 대상 8건 · 사이트 15곳
2026-10-10 13:32:13  [TRK] [AUC] 아드벡 하우스 리저브: 매치 1건
2026-10-10 13:32:17  [TRK] [AUC] 메이커스마크 구병(1990s 레드탑): 매치 10건
2026-10-10 13:32:22  [TRK] [AUC] 메이커스마크 골드탑(50.5% 수출용 더스티): 매치 3건
2026-10-10 13:32:27  [TRK] [AUC] 메이커스마크 블랙탑(47.5% 수출용 더스티): 매치 2건
2026-10-10 13:32:30  [TRK] [AUC] Glen Moray 1962 27 Year Old Vintage 750ml (43°): 매치 3건
2026-10-10 13:32:35  [TRK] [AUC] Lagavulin 12yo Fireside Tales Special Release 2024 700ml 57.4%: 매치 3건
2026-10-10 13:32:39  [TRK] [AUC] Laphroaig 1991 23 Year Old 700ml (52.6°): 매치 5건
2026-10-10 13:32:42  [TRK] [AUC] Laphroaig 1991 DeDr Whiskyland Chapter 23 700ml (48.3°): 매치 2건
2026-10-10 13:32:42  [TRK] [AUC] 변화 없음 (매치 29건)
2026-10-10 14:02:08    [EVENT] 신규 0 · 재입고 0
2026-10-10 14:02:08  [OK] 폴링 완료 → 신규 0건, 세일 0건 | 수집 rudder 431, mukawa 24, deinwhisky 61, shinanoya 59, vitalaus 882, whiskybarrel 500, innout 500, topwhiskies 500, abbey 500, reallygood 500, whiskymaniac 24, nickolls 100, whiskysite 48, lmdw 60, wio 500, dailyshot_cvs 3336, lotteon 29
2026-10-10 14:02:15  [TRK] 추적 보틀 5개
2026-10-10 14:02:16  [TRK]   데일리샷 페이지에 데이터 없음(2032B): <!DOCTYPE html>
<html lang="en">
<head>
    <meta charset="utf-8">
    <meta name="viewport" content="width=device-width
2026-10-10 14:02:17  [TRK] 완료 — 알림 0건, 이력 2행
2026-10-10 14:02:17  [TRK] [AUC] 감시 대상 8건 · 사이트 15곳
2026-10-10 14:02:29  [TRK] [AUC] 아드벡 하우스 리저브: 매치 1건
2026-10-10 14:02:35  [TRK] [AUC] 메이커스마크 구병(1990s 레드탑): 매치 10건
2026-10-10 14:02:41  [TRK] [AUC] 메이커스마크 골드탑(50.5% 수출용 더스티): 매치 3건
2026-10-10 14:02:48  [TRK] [AUC] 메이커스마크 블랙탑(47.5% 수출용 더스티): 매치 2건
2026-10-10 14:02:51  [TRK] [AUC] Glen Moray 1962 27 Year Old Vintage 750ml (43°): 매치 3건
2026-10-10 14:02:54  [TRK] [AUC] Lagavulin 12yo Fireside Tales Special Release 2024 700ml 57.4%: 매치 3건
2026-10-10 14:02:57  [TRK] [AUC] Laphroaig 1991 23 Year Old 700ml (52.6°): 매치 5건
2026-10-10 14:02:59  [TRK] [AUC] Laphroaig 1991 DeDr Whiskyland Chapter 23 700ml (48.3°): 매치 2건
2026-10-10 14:02:59  [TRK] [AUC] 변화 없음 (매치 29건)
2026-10-10 14:31:17    [MAIL] 허용 발신자 9통 확인, 새 세일 메일 즉시 0통 · 요약 0통
2026-10-10 14:32:27    [EVENT] 신규 4 · 재입고 0
2026-10-10 14:32:27  [OK] 폴링 완료 → 신규 0건, 세일 0건 | 수집 rudder 433, mukawa 24, deinwhisky 61, shinanoya 59, vitalaus 882, whiskybarrel 500, innout 500, topwhiskies 500, abbey 500, reallygood 500, whiskymaniac 24, nickolls 100, whiskysite 48, lmdw 60, wio 500, dailyshot_cvs 3336, lotteon 29
2026-10-10 14:32:29    [ALERT] 즉시 알림(텔레그램) — 위스키 샵 알림 — ⭐0 · 🆕1 · 🔁0
2026-10-10 14:32:30  [TRK] 추적 보틀 5개
2026-10-10 14:32:33  [TRK]   데일리샷 페이지에 데이터 없음(2032B): <!DOCTYPE html>
<html lang="en">
<head>
    <meta charset="utf-8">
    <meta name="viewport" content="width=device-width
2026-10-10 14:32:34  [TRK] 완료 — 알림 0건, 이력 2행
2026-10-10 14:32:35  [TRK] [AUC] 감시 대상 8건 · 사이트 15곳
2026-10-10 14:32:45  [TRK] [AUC] 아드벡 하우스 리저브: 매치 1건
2026-10-10 14:32:50  [TRK] [AUC] 메이커스마크 구병(1990s 레드탑): 매치 10건
2026-10-10 14:32:57  [TRK] [AUC] 메이커스마크 골드탑(50.5% 수출용 더스티): 매치 3건
2026-10-10 14:33:02  [TRK] [AUC] 메이커스마크 블랙탑(47.5% 수출용 더스티): 매치 2건
2026-10-10 14:33:07  [TRK] [AUC] Glen Moray 1962 27 Year Old Vintage 750ml (43°): 매치 3건
2026-10-10 14:33:12  [TRK] [AUC] Lagavulin 12yo Fireside Tales Special Release 2024 700ml 57.4%: 매치 3건
2026-10-10 14:33:17  [TRK] [AUC] Laphroaig 1991 23 Year Old 700ml (52.6°): 매치 5건
2026-10-10 14:33:19  [TRK] [AUC] Laphroaig 1991 DeDr Whiskyland Chapter 23 700ml (48.3°): 매치 2건
2026-10-10 14:33:19  [TRK] [AUC] 변화 없음 (매치 29건)
2026-10-10 15:02:16    [EVENT] 신규 3 · 재입고 0
2026-10-10 15:02:16  [OK] 폴링 완료 → 신규 1건, 세일 0건 | 수집 rudder 436, mukawa 24, deinwhisky 61, shinanoya 59, vitalaus 882, whiskybarrel 500, innout 500, topwhiskies 500, abbey 500, reallygood 500, whiskymaniac 24, nickolls 100, whiskysite 48, lmdw 60, wio 500, dailyshot_cvs 3336, lotteon 29
2026-10-10 15:02:17    [ALERT] 즉시 알림(텔레그램) — 위스키 샵 알림 — ⭐1 · 🆕2 · 🔁0
2026-10-10 15:02:19  [TRK] 추적 보틀 5개
2026-10-10 15:02:20  [TRK]   데일리샷 페이지에 데이터 없음(2032B): <!DOCTYPE html>
<html lang="en">
<head>
    <meta charset="utf-8">
    <meta name="viewport" content="width=device-width
2026-10-10 15:02:20  [TRK] 완료 — 알림 0건, 이력 2행
2026-10-10 15:02:21  [TRK] [AUC] 감시 대상 8건 · 사이트 15곳
2026-10-10 15:02:32  [TRK] [AUC] 아드벡 하우스 리저브: 매치 1건
2026-10-10 15:02:38  [TRK] [AUC] 메이커스마크 구병(1990s 레드탑): 매치 10건
2026-10-10 15:02:43  [TRK] [AUC] 메이커스마크 골드탑(50.5% 수출용 더스티): 매치 3건
2026-10-10 15:02:49  [TRK] [AUC] 메이커스마크 블랙탑(47.5% 수출용 더스티): 매치 2건
2026-10-10 15:02:52  [TRK] [AUC] Glen Moray 1962 27 Year Old Vintage 750ml (43°): 매치 3건
2026-10-10 15:02:56  [TRK] [AUC] Lagavulin 12yo Fireside Tales Special Release 2024 700ml 57.4%: 매치 3건
2026-10-10 15:03:00  [TRK] [AUC] Laphroaig 1991 23 Year Old 700ml (52.6°): 매치 5건
2026-10-10 15:03:03  [TRK] [AUC] Laphroaig 1991 DeDr Whiskyland Chapter 23 700ml (48.3°): 매치 2건
2026-10-10 15:03:03  [TRK] [AUC] 변화 없음 (매치 29건)
2026-10-10 15:20:14    [MAIL] 허용 발신자 9통 확인, 새 세일 메일 즉시 0통 · 요약 0통
2026-10-10 15:21:19    [EVENT] 신규 0 · 재입고 0
2026-10-10 15:21:19  [OK] 폴링 완료 → 신규 0건, 세일 0건 | 수집 rudder 436, mukawa 24, deinwhisky 61, shinanoya 59, vitalaus 882, whiskybarrel 500, innout 500, topwhiskies 500, abbey 500, reallygood 500, whiskymaniac 24, nickolls 100, whiskysite 48, lmdw 60, wio 500, dailyshot_cvs 3336, lotteon 29
2026-10-10 15:21:21  [TRK] 추적 보틀 5개
2026-10-10 15:21:22  [TRK]   데일리샷 페이지에 데이터 없음(2032B): <!DOCTYPE html>
<html lang="en">
<head>
    <meta charset="utf-8">
    <meta name="viewport" content="width=device-width
2026-10-10 15:21:23  [TRK] 완료 — 알림 0건, 이력 2행
2026-10-10 15:21:23  [TRK] [AUC] 감시 대상 8건 · 사이트 15곳
2026-10-10 15:21:35  [TRK] [AUC] 아드벡 하우스 리저브: 매치 1건
2026-10-10 15:21:42  [TRK] [AUC] 메이커스마크 구병(1990s 레드탑): 매치 10건
2026-10-10 15:21:48  [TRK] [AUC] 메이커스마크 골드탑(50.5% 수출용 더스티): 매치 3건
2026-10-10 15:21:54  [TRK] [AUC] 메이커스마크 블랙탑(47.5% 수출용 더스티): 매치 2건
2026-10-10 15:21:58  [TRK] [AUC] Glen Moray 1962 27 Year Old Vintage 750ml (43°): 매치 3건
2026-10-10 15:22:01  [TRK] [AUC] Lagavulin 12yo Fireside Tales Special Release 2024 700ml 57.4%: 매치 3건
2026-10-10 15:22:04  [TRK] [AUC] Laphroaig 1991 23 Year Old 700ml (52.6°): 매치 5건
2026-10-10 15:22:07  [TRK] [AUC] Laphroaig 1991 DeDr Whiskyland Chapter 23 700ml (48.3°): 매치 2건
2026-10-10 15:22:07  [TRK] [AUC] 변화 없음 (매치 29건)
2026-10-10 15:32:02    [EVENT] 신규 0 · 재입고 0
2026-10-10 15:32:02  [OK] 폴링 완료 → 신규 0건, 세일 0건 | 수집 rudder 436, mukawa 24, deinwhisky 61, shinanoya 59, vitalaus 882, whiskybarrel 500, innout 500, topwhiskies 500, abbey 500, reallygood 500, whiskymaniac 24, nickolls 100, whiskysite 48, lmdw 60, wio 500, dailyshot_cvs 3336, lotteon 29
2026-10-10 15:32:03  [TRK] 추적 보틀 5개
2026-10-10 15:32:04  [TRK]   데일리샷 페이지에 데이터 없음(2032B): <!DOCTYPE html>
<html lang="en">
<head>
    <meta charset="utf-8">
    <meta name="viewport" content="width=device-width
2026-10-10 15:32:05  [TRK] 완료 — 알림 0건, 이력 2행
2026-10-10 15:32:05  [TRK] [AUC] 감시 대상 8건 · 사이트 15곳
2026-10-10 15:32:15  [TRK] [AUC] 아드벡 하우스 리저브: 매치 1건
2026-10-10 15:32:21  [TRK] [AUC] 메이커스마크 구병(1990s 레드탑): 매치 10건
2026-10-10 15:32:27  [TRK] [AUC] 메이커스마크 골드탑(50.5% 수출용 더스티): 매치 3건
2026-10-10 15:32:33  [TRK] [AUC] 메이커스마크 블랙탑(47.5% 수출용 더스티): 매치 2건
2026-10-10 15:32:37  [TRK] [AUC] Glen Moray 1962 27 Year Old Vintage 750ml (43°): 매치 3건
2026-10-10 15:32:41  [TRK] [AUC] Lagavulin 12yo Fireside Tales Special Release 2024 700ml 57.4%: 매치 3건
2026-10-10 15:32:46  [TRK] [AUC] Laphroaig 1991 23 Year Old 700ml (52.6°): 매치 5건
2026-10-10 15:32:48  [TRK] [AUC] Laphroaig 1991 DeDr Whiskyland Chapter 23 700ml (48.3°): 매치 2건
2026-10-10 15:32:48  [TRK] [AUC] 변화 없음 (매치 29건)
2026-10-10 16:01:11    [MAIL] 허용 발신자 9통 확인, 새 세일 메일 즉시 0통 · 요약 0통
2026-10-10 16:02:18    [ERR] nickolls: JSON 아님: <html><head><link rel="icon" href="data:;"><meta http-equiv="refresh" content="0;/.well-known/sgcaptcha/?r=%2Fwp-json%2F
2026-10-10 16:02:18    [EVENT] 신규 0 · 재입고 0
2026-10-10 16:02:18  [OK] 폴링 완료 → 신규 0건, 세일 0건, 사이트 오류 1건 | 수집 rudder 436, mukawa 24, deinwhisky 61, shinanoya 59, vitalaus 882, whiskybarrel 500, innout 500, topwhiskies 500, abbey 500, reallygood 500, whiskymaniac 24, whiskysite 48, lmdw 60, wio 500, dailyshot_cvs 3336, lotteon 29
2026-10-10 16:02:19  [TRK] 추적 보틀 5개
2026-10-10 16:02:21  [TRK]   데일리샷 페이지에 데이터 없음(2032B): <!DOCTYPE html>
<html lang="en">
<head>
    <meta charset="utf-8">
    <meta name="viewport" content="width=device-width
2026-10-10 16:02:21  [TRK] 완료 — 알림 0건, 이력 2행
2026-10-10 16:02:22  [TRK] [AUC] 감시 대상 8건 · 사이트 15곳
2026-10-10 16:02:33  [TRK] [AUC] 아드벡 하우스 리저브: 매치 1건
2026-10-10 16:02:39  [TRK] [AUC] 메이커스마크 구병(1990s 레드탑): 매치 10건
2026-10-10 16:02:45  [TRK] [AUC] 메이커스마크 골드탑(50.5% 수출용 더스티): 매치 3건
2026-10-10 16:02:51  [TRK] [AUC] 메이커스마크 블랙탑(47.5% 수출용 더스티): 매치 1건
2026-10-10 16:03:03  [TRK] [AUC] Nickolls & Perks(영국) 검색 실패 'glen moray 1962': RuntimeError JSON 아님: <html><head><link rel="icon" href="data:;"><meta http-equiv="refresh" content="0;/.well-known/sgcaptcha/?r=%2Fwp-json%2F
2026-10-10 16:03:03  [TRK] [AUC] Glen Moray 1962 27 Year Old Vintage 750ml (43°): 매치 3건
2026-10-10 16:03:15  [TRK] [AUC] Nickolls & Perks(영국) 검색 실패 'lagavulin 12 2024': RuntimeError JSON 아님: <html><head><link rel="icon" href="data:;"><meta http-equiv="refresh" content="0;/.well-known/sgcaptcha/?r=%2Fwp-json%2F
2026-10-10 16:03:15  [TRK] [AUC] Lagavulin 12yo Fireside Tales Special Release 2024 700ml 57.4%: 매치 3건
2026-10-10 16:03:28  [TRK] [AUC] Nickolls & Perks(영국) 검색 실패 'laphroaig 1991': RuntimeError JSON 아님: <html><head><link rel="icon" href="data:;"><meta http-equiv="refresh" content="0;/.well-known/sgcaptcha/?r=%2Fwp-json%2F
2026-10-10 16:03:28  [TRK] [AUC] Laphroaig 1991 23 Year Old 700ml (52.6°): 매치 5건
2026-10-10 16:03:39  [TRK] [AUC] Nickolls & Perks(영국) 검색 실패 'laphroaig 1991 whiskyland': RuntimeError JSON 아님: <html><head><link rel="icon" href="data:;"><meta http-equiv="refresh" content="0;/.well-known/sgcaptcha/?r=%2Fwp-json%2F
2026-10-10 16:03:39  [TRK] [AUC] Laphroaig 1991 DeDr Whiskyland Chapter 23 700ml (48.3°): 매치 2건
2026-10-10 16:03:39  [TRK] [AUC] 변화 없음 (매치 28건)
2026-10-10 16:32:03    [ERR] nickolls: JSON 아님: <html><head><link rel="icon" href="data:;"><meta http-equiv="refresh" content="0;/.well-known/sgcaptcha/?r=%2Fwp-json%2F
2026-10-10 16:32:03    [EVENT] 신규 0 · 재입고 0
2026-10-10 16:32:04  [OK] 폴링 완료 → 신규 0건, 세일 0건, 사이트 오류 1건 | 수집 rudder 436, mukawa 24, deinwhisky 61, shinanoya 59, vitalaus 882, whiskybarrel 500, innout 500, topwhiskies 500, abbey 500, reallygood 500, whiskymaniac 24, whiskysite 48, lmdw 60, wio 500, dailyshot_cvs 3336, lotteon 29
2026-10-10 16:32:05  [TRK] 추적 보틀 5개
2026-10-10 16:32:06  [TRK]   데일리샷 페이지에 데이터 없음(2032B): <!DOCTYPE html>
<html lang="en">
<head>
    <meta charset="utf-8">
    <meta name="viewport" content="width=device-width
2026-10-10 16:32:07  [TRK] 완료 — 알림 0건, 이력 2행
2026-10-10 16:32:07  [TRK] [AUC] 감시 대상 8건 · 사이트 15곳
2026-10-10 16:32:19  [TRK] [AUC] 아드벡 하우스 리저브: 매치 1건
2026-10-10 16:32:26  [TRK] [AUC] 메이커스마크 구병(1990s 레드탑): 매치 10건
2026-10-10 16:32:32  [TRK] [AUC] 메이커스마크 골드탑(50.5% 수출용 더스티): 매치 3건
2026-10-10 16:32:39  [TRK] [AUC] 메이커스마크 블랙탑(47.5% 수출용 더스티): 매치 2건
2026-10-10 16:32:51  [TRK] [AUC] Nickolls & Perks(영국) 검색 실패 'glen moray 1962': RuntimeError JSON 아님: <html><head><link rel="icon" href="data:;"><meta http-equiv="refresh" content="0;/.well-known/sgcaptcha/?r=%2Fwp-json%2F
2026-10-10 16:32:51  [TRK] [AUC] Glen Moray 1962 27 Year Old Vintage 750ml (43°): 매치 3건
2026-10-10 16:33:03  [TRK] [AUC] Nickolls & Perks(영국) 검색 실패 'lagavulin 12 2024': RuntimeError JSON 아님: <html><head><link rel="icon" href="data:;"><meta http-equiv="refresh" content="0;/.well-known/sgcaptcha/?r=%2Fwp-json%2F
2026-10-10 16:33:03  [TRK] [AUC] Lagavulin 12yo Fireside Tales Special Release 2024 700ml 57.4%: 매치 2건
2026-10-10 16:33:16  [TRK] [AUC] Nickolls & Perks(영국) 검색 실패 'laphroaig 1991': RuntimeError JSON 아님: <html><head><link rel="icon" href="data:;"><meta http-equiv="refresh" content="0;/.well-known/sgcaptcha/?r=%2Fwp-json%2F
2026-10-10 16:33:16  [TRK] [AUC] Laphroaig 1991 23 Year Old 700ml (52.6°): 매치 5건
2026-10-10 16:33:27  [TRK] [AUC] Nickolls & Perks(영국) 검색 실패 'laphroaig 1991 whiskyland': RuntimeError JSON 아님: <html><head><link rel="icon" href="data:;"><meta http-equiv="refresh" content="0;/.well-known/sgcaptcha/?r=%2Fwp-json%2F
2026-10-10 16:33:27  [TRK] [AUC] Laphroaig 1991 DeDr Whiskyland Chapter 23 700ml (48.3°): 매치 2건
2026-10-10 16:33:27  [TRK] [AUC] 변화 없음 (매치 28건)
2026-10-10 16:41:03    [MAIL] 허용 발신자 9통 확인, 새 세일 메일 즉시 0통 · 요약 0통
2026-10-10 16:41:58    [ERR] nickolls: JSON 아님: <html><head><link rel="icon" href="data:;"><meta http-equiv="refresh" content="0;/.well-known/sgcaptcha/?r=%2Fwp-json%2F
2026-10-10 16:41:58    [EVENT] 신규 0 · 재입고 0
2026-10-10 16:41:59  [OK] 폴링 완료 → 신규 0건, 세일 1건, 사이트 오류 1건 | 수집 rudder 436, mukawa 24, deinwhisky 61, shinanoya 59, vitalaus 882, whiskybarrel 500, innout 500, topwhiskies 500, abbey 500, reallygood 500, whiskymaniac 24, whiskysite 48, lmdw 60, wio 500, dailyshot_cvs 3336, lotteon 29
2026-10-10 16:42:00    [ALERT] 즉시 알림(텔레그램) — 위스키 샵 알림 — ⭐0 · 🆕0 · 🔁0 · 💰1
2026-10-10 16:42:01  [TRK] 추적 보틀 5개
2026-10-10 16:42:02  [TRK]   데일리샷 페이지에 데이터 없음(2032B): <!DOCTYPE html>
<html lang="en">
<head>
    <meta charset="utf-8">
    <meta name="viewport" content="width=device-width
2026-10-10 16:42:03  [TRK] 완료 — 알림 0건, 이력 2행
2026-10-10 16:42:03  [TRK] [AUC] 감시 대상 8건 · 사이트 15곳
2026-10-10 16:42:12  [TRK] [AUC] 아드벡 하우스 리저브: 매치 1건
2026-10-10 16:42:17  [TRK] [AUC] 메이커스마크 구병(1990s 레드탑): 매치 10건
2026-10-10 16:42:22  [TRK] [AUC] 메이커스마크 골드탑(50.5% 수출용 더스티): 매치 3건
2026-10-10 16:42:27  [TRK] [AUC] 메이커스마크 블랙탑(47.5% 수출용 더스티): 매치 2건
2026-10-10 16:42:40  [TRK] [AUC] Nickolls & Perks(영국) 검색 실패 'glen moray 1962': RuntimeError JSON 아님: <html><head><link rel="icon" href="data:;"><meta http-equiv="refresh" content="0;/.well-known/sgcaptcha/?r=%2Fwp-json%2F
2026-10-10 16:42:40  [TRK] [AUC] Glen Moray 1962 27 Year Old Vintage 750ml (43°): 매치 3건
2026-10-10 16:42:53  [TRK] [AUC] Nickolls & Perks(영국) 검색 실패 'lagavulin 12 2024': RuntimeError JSON 아님: <html><head><link rel="icon" href="data:;"><meta http-equiv="refresh" content="0;/.well-known/sgcaptcha/?r=%2Fwp-json%2F
2026-10-10 16:42:53  [TRK] [AUC] Lagavulin 12yo Fireside Tales Special Release 2024 700ml 57.4%: 매치 3건
2026-10-10 16:43:06  [TRK] [AUC] Nickolls & Perks(영국) 검색 실패 'laphroaig 1991': RuntimeError JSON 아님: <html><head><link rel="icon" href="data:;"><meta http-equiv="refresh" content="0;/.well-known/sgcaptcha/?r=%2Fwp-json%2F
2026-10-10 16:43:06  [TRK] [AUC] Laphroaig 1991 23 Year Old 700ml (52.6°): 매치 5건
2026-10-10 16:43:18  [TRK] [AUC] Nickolls & Perks(영국) 검색 실패 'laphroaig 1991 whiskyland': RuntimeError JSON 아님: <html><head><link rel="icon" href="data:;"><meta http-equiv="refresh" content="0;/.well-known/sgcaptcha/?r=%2Fwp-json%2F
2026-10-10 16:43:18  [TRK] [AUC] Laphroaig 1991 DeDr Whiskyland Chapter 23 700ml (48.3°): 매치 2건
2026-10-10 16:43:18  [TRK] [AUC] 변화 없음 (매치 29건)
2026-10-10 16:51:53    [ERR] nickolls: JSON 아님: <html><head><link rel="icon" href="data:;"><meta http-equiv="refresh" content="0;/.well-known/sgcaptcha/?r=%2Fwp-json%2F
2026-10-10 16:51:53    [EVENT] 신규 0 · 재입고 0
2026-10-10 16:51:53  [OK] 폴링 완료 → 신규 0건, 세일 0건, 사이트 오류 1건 | 수집 rudder 436, mukawa 24, deinwhisky 61, shinanoya 59, vitalaus 882, whiskybarrel 500, innout 500, topwhiskies 500, abbey 500, reallygood 500, whiskymaniac 24, whiskysite 48, lmdw 60, wio 500, dailyshot_cvs 3336, lotteon 29
2026-10-10 16:51:54  [TRK] 추적 보틀 5개
2026-10-10 16:51:55  [TRK]   데일리샷 페이지에 데이터 없음(2032B): <!DOCTYPE html>
<html lang="en">
<head>
    <meta charset="utf-8">
    <meta name="viewport" content="width=device-width
2026-10-10 16:51:56  [TRK] 완료 — 알림 0건, 이력 2행
2026-10-10 16:51:57  [TRK] [AUC] 감시 대상 8건 · 사이트 15곳
2026-10-10 16:52:06  [TRK] [AUC] 아드벡 하우스 리저브: 매치 1건
2026-10-10 16:52:12  [TRK] [AUC] 메이커스마크 구병(1990s 레드탑): 매치 10건
2026-10-10 16:52:17  [TRK] [AUC] 메이커스마크 골드탑(50.5% 수출용 더스티): 매치 3건
2026-10-10 16:52:23  [TRK] [AUC] 메이커스마크 블랙탑(47.5% 수출용 더스티): 매치 2건
2026-10-10 16:52:36  [TRK] [AUC] Nickolls & Perks(영국) 검색 실패 'glen moray 1962': RuntimeError JSON 아님: <html><head><link rel="icon" href="data:;"><meta http-equiv="refresh" content="0;/.well-known/sgcaptcha/?r=%2Fwp-json%2F
2026-10-10 16:52:36  [TRK] [AUC] Glen Moray 1962 27 Year Old Vintage 750ml (43°): 매치 3건
2026-10-10 16:52:49  [TRK] [AUC] Nickolls & Perks(영국) 검색 실패 'lagavulin 12 2024': RuntimeError JSON 아님: <html><head><link rel="icon" href="data:;"><meta http-equiv="refresh" content="0;/.well-known/sgcaptcha/?r=%2Fwp-json%2F
2026-10-10 16:52:49  [TRK] [AUC] Lagavulin 12yo Fireside Tales Special Release 2024 700ml 57.4%: 매치 3건
2026-10-10 16:53:03  [TRK] [AUC] Nickolls & Perks(영국) 검색 실패 'laphroaig 1991': RuntimeError JSON 아님: <html><head><link rel="icon" href="data:;"><meta http-equiv="refresh" content="0;/.well-known/sgcaptcha/?r=%2Fwp-json%2F
2026-10-10 16:53:03  [TRK] [AUC] Laphroaig 1991 23 Year Old 700ml (52.6°): 매치 5건
2026-10-10 16:53:14  [TRK] [AUC] Nickolls & Perks(영국) 검색 실패 'laphroaig 1991 whiskyland': RuntimeError JSON 아님: <html><head><link rel="icon" href="data:;"><meta http-equiv="refresh" content="0;/.well-known/sgcaptcha/?r=%2Fwp-json%2F
2026-10-10 16:53:14  [TRK] [AUC] Laphroaig 1991 DeDr Whiskyland Chapter 23 700ml (48.3°): 매치 2건
2026-10-10 16:53:14  [TRK] [AUC] 변화 없음 (매치 29건)
2026-10-10 17:02:03    [EVENT] 신규 1 · 재입고 0
2026-10-10 17:02:03  [OK] 폴링 완료 → 신규 0건, 세일 0건 | 수집 rudder 436, mukawa 24, deinwhisky 61, shinanoya 59, vitalaus 882, whiskybarrel 500, innout 500, topwhiskies 500, abbey 500, reallygood 500, whiskymaniac 24, nickolls 100, whiskysite 48, lmdw 60, wio 500, dailyshot_cvs 3336, lotteon 29
2026-10-10 17:02:05    [ALERT] 즉시 알림(텔레그램) — 위스키 샵 알림 — ⭐0 · 🆕1 · 🔁0
2026-10-10 17:02:06  [TRK] 추적 보틀 5개
2026-10-10 17:02:07  [TRK]   데일리샷 페이지에 데이터 없음(2032B): <!DOCTYPE html>
<html lang="en">
<head>
    <meta charset="utf-8">
    <meta name="viewport" content="width=device-width
2026-10-10 17:02:07  [TRK] 완료 — 알림 0건, 이력 2행
2026-10-10 17:02:08  [TRK] [AUC] 감시 대상 8건 · 사이트 15곳
2026-10-10 17:02:16  [TRK] [AUC] 아드벡 하우스 리저브: 매치 1건
2026-10-10 17:02:21  [TRK] [AUC] 메이커스마크 구병(1990s 레드탑): 매치 10건
2026-10-10 17:02:25  [TRK] [AUC] 메이커스마크 골드탑(50.5% 수출용 더스티): 매치 3건
2026-10-10 17:02:30  [TRK] [AUC] 메이커스마크 블랙탑(47.5% 수출용 더스티): 매치 2건
2026-10-10 17:02:34  [TRK] [AUC] Glen Moray 1962 27 Year Old Vintage 750ml (43°): 매치 3건
2026-10-10 17:02:38  [TRK] [AUC] Lagavulin 12yo Fireside Tales Special Release 2024 700ml 57.4%: 매치 3건
2026-10-10 17:02:41  [TRK] [AUC] Laphroaig 1991 23 Year Old 700ml (52.6°): 매치 5건
2026-10-10 17:02:45  [TRK] [AUC] Laphroaig 1991 DeDr Whiskyland Chapter 23 700ml (48.3°): 매치 2건
2026-10-10 17:02:45  [TRK] [AUC] 변화 없음 (매치 29건)
2026-10-10 17:11:11    [MAIL] 허용 발신자 9통 확인, 새 세일 메일 즉시 0통 · 요약 0통
2026-10-10 17:12:14    [EVENT] 신규 0 · 재입고 0
2026-10-10 17:12:14  [OK] 폴링 완료 → 신규 0건, 세일 0건 | 수집 rudder 436, mukawa 24, deinwhisky 61, shinanoya 59, vitalaus 882, whiskybarrel 500, innout 500, topwhiskies 500, abbey 500, reallygood 500, whiskymaniac 24, nickolls 100, whiskysite 48, lmdw 60, wio 500, dailyshot_cvs 3336, lotteon 29
2026-10-10 17:12:15  [TRK] 추적 보틀 5개
2026-10-10 17:12:16  [TRK]   데일리샷 페이지에 데이터 없음(2032B): <!DOCTYPE html>
<html lang="en">
<head>
    <meta charset="utf-8">
    <meta name="viewport" content="width=device-width
2026-10-10 17:12:17  [TRK] 완료 — 알림 0건, 이력 2행
2026-10-10 17:12:17  [TRK] [AUC] 감시 대상 8건 · 사이트 15곳
2026-10-10 17:12:27  [TRK] [AUC] 아드벡 하우스 리저브: 매치 1건
2026-10-10 17:12:32  [TRK] [AUC] 메이커스마크 구병(1990s 레드탑): 매치 10건
2026-10-10 17:12:37  [TRK] [AUC] 메이커스마크 골드탑(50.5% 수출용 더스티): 매치 3건
2026-10-10 17:12:42  [TRK] [AUC] 메이커스마크 블랙탑(47.5% 수출용 더스티): 매치 2건
2026-10-10 17:12:46  [TRK] [AUC] Glen Moray 1962 27 Year Old Vintage 750ml (43°): 매치 3건
2026-10-10 17:12:50  [TRK] [AUC] Lagavulin 12yo Fireside Tales Special Release 2024 700ml 57.4%: 매치 3건
2026-10-10 17:12:54  [TRK] [AUC] Laphroaig 1991 23 Year Old 700ml (52.6°): 매치 5건
2026-10-10 17:12:57  [TRK] [AUC] Laphroaig 1991 DeDr Whiskyland Chapter 23 700ml (48.3°): 매치 2건
2026-10-10 17:12:57  [TRK] [AUC] 변화 없음 (매치 29건)
2026-10-10 17:22:02    [EVENT] 신규 0 · 재입고 0
2026-10-10 17:22:02  [OK] 폴링 완료 → 신규 0건, 세일 0건 | 수집 rudder 436, mukawa 24, deinwhisky 61, shinanoya 59, vitalaus 882, whiskybarrel 500, innout 500, topwhiskies 500, abbey 500, reallygood 500, whiskymaniac 24, nickolls 100, whiskysite 48, lmdw 60, wio 500, dailyshot_cvs 3336, lotteon 29
2026-10-10 17:22:03  [TRK] 추적 보틀 5개
2026-10-10 17:22:04  [TRK]   데일리샷 페이지에 데이터 없음(2032B): <!DOCTYPE html>
<html lang="en">
<head>
    <meta charset="utf-8">
    <meta name="viewport" content="width=device-width
2026-10-10 17:22:05  [TRK] 완료 — 알림 0건, 이력 2행
2026-10-10 17:22:05  [TRK] [AUC] 감시 대상 8건 · 사이트 15곳
2026-10-10 17:22:14  [TRK] [AUC] 아드벡 하우스 리저브: 매치 1건
2026-10-10 17:22:19  [TRK] [AUC] 메이커스마크 구병(1990s 레드탑): 매치 10건
2026-10-10 17:22:25  [TRK] [AUC] 메이커스마크 골드탑(50.5% 수출용 더스티): 매치 3건
2026-10-10 17:22:29  [TRK] [AUC] 메이커스마크 블랙탑(47.5% 수출용 더스티): 매치 2건
2026-10-10 17:22:35  [TRK] [AUC] Glen Moray 1962 27 Year Old Vintage 750ml (43°): 매치 3건
2026-10-10 17:22:39  [TRK] [AUC] Lagavulin 12yo Fireside Tales Special Release 2024 700ml 57.4%: 매치 2건
2026-10-10 17:22:43  [TRK] [AUC] Laphroaig 1991 23 Year Old 700ml (52.6°): 매치 5건
2026-10-10 17:22:46  [TRK] [AUC] Laphroaig 1991 DeDr Whiskyland Chapter 23 700ml (48.3°): 매치 2건
2026-10-10 17:22:46  [TRK] [AUC] 변화 없음 (매치 28건)
2026-10-10 17:32:13    [EVENT] 신규 0 · 재입고 0
2026-10-10 17:32:13  [OK] 폴링 완료 → 신규 0건, 세일 0건 | 수집 rudder 436, mukawa 24, deinwhisky 61, shinanoya 59, vitalaus 882, whiskybarrel 500, innout 500, topwhiskies 500, abbey 500, reallygood 500, whiskymaniac 24, nickolls 100, whiskysite 48, lmdw 60, wio 500, dailyshot_cvs 3336, lotteon 29
2026-10-10 17:32:14  [TRK] 추적 보틀 5개
2026-10-10 17:32:15  [TRK]   데일리샷 페이지에 데이터 없음(2032B): <!DOCTYPE html>
<html lang="en">
<head>
    <meta charset="utf-8">
    <meta name="viewport" content="width=device-width
2026-10-10 17:32:16  [TRK] 완료 — 알림 0건, 이력 2행
2026-10-10 17:32:17  [TRK] [AUC] 감시 대상 8건 · 사이트 15곳
2026-10-10 17:32:26  [TRK] [AUC] 야후옥션 검색 실패 'アードベッグ': HTTPError HTTP Error 500: Internal Server Error
2026-10-10 17:32:26  [TRK] [AUC] 야후옥션 검색 실패 'Ardbeg': HTTPError HTTP Error 500: Internal Server Error
2026-10-10 17:32:26  [TRK] [AUC] 야후옥션 검색 실패 'アードベック': HTTPError HTTP Error 500: Internal Server Error
2026-10-10 17:32:26  [TRK] [AUC] 야후옥션 검색 실패 'ハウスリザーブ': HTTPError HTTP Error 500: Internal Server Error
2026-10-10 17:32:26  [TRK] [AUC] 아드벡 하우스 리저브: 매치 1건
2026-10-10 17:32:34  [TRK] [AUC] 야후옥션 검색 실패 'メーカーズ マーク': HTTPError HTTP Error 500: Internal Server Error
2026-10-10 17:32:34  [TRK] [AUC] 야후옥션 검색 실패 'メーカーズマーク': HTTPError HTTP Error 500: Internal Server Error
2026-10-10 17:32:34  [TRK] [AUC] 메이커스마크 구병(1990s 레드탑): 매치 0건
2026-10-10 17:32:42  [TRK] [AUC] 야후옥션 검색 실패 'メーカーズ マーク': HTTPError HTTP Error 500: Internal Server Error
2026-10-10 17:32:42  [TRK] [AUC] 야후옥션 검색 실패 'メーカーズマーク': HTTPError HTTP Error 500: Internal Server Error
2026-10-10 17:32:42  [TRK] [AUC] 메이커스마크 골드탑(50.5% 수출용 더스티): 매치 0건
2026-10-10 17:32:50  [TRK] [AUC] 야후옥션 검색 실패 'メーカーズ マーク': HTTPError HTTP Error 500: Internal Server Error
2026-10-10 17:32:50  [TRK] [AUC] 야후옥션 검색 실패 'メーカーズマーク': HTTPError HTTP Error 500: Internal Server Error
2026-10-10 17:32:50  [TRK] [AUC] 메이커스마크 블랙탑(47.5% 수출용 더스티): 매치 0건
2026-10-10 17:32:58  [TRK] [AUC] 야후옥션 검색 실패 'グレンマレイ 1962': HTTPError HTTP Error 500: Internal Server Error
2026-10-10 17:32:58  [TRK] [AUC] Glen Moray 1962 27 Year Old Vintage 750ml (43°): 매치 3건
2026-10-10 17:33:06  [TRK] [AUC] 야후옥션 검색 실패 'ラガヴーリン 12 2024': HTTPError HTTP Error 500: Internal Server Error
2026-10-10 17:33:06  [TRK] [AUC] Lagavulin 12yo Fireside Tales Special Release 2024 700ml 57.4%: 매치 2건
2026-10-10 17:33:14  [TRK] [AUC] 야후옥션 검색 실패 'ラフロイグ 1991': HTTPError HTTP Error 500: Internal Server Error
2026-10-10 17:33:14  [TRK] [AUC] Laphroaig 1991 23 Year Old 700ml (52.6°): 매치 5건
2026-10-10 17:33:22  [TRK] [AUC] 야후옥션 검색 실패 'ラフロイグ 1991 whiskyland': HTTPError HTTP Error 500: Internal Server Error
2026-10-10 17:33:22  [TRK] [AUC] Laphroaig 1991 DeDr Whiskyland Chapter 23 700ml (48.3°): 매치 2건
2026-10-10 17:33:22  [TRK] [AUC] 변화 없음 (매치 13건)
2026-10-10 17:41:59    [EVENT] 신규 0 · 재입고 1
2026-10-10 17:42:00  [OK] 폴링 완료 → 신규 0건, 세일 0건 | 수집 rudder 436, mukawa 24, deinwhisky 61, shinanoya 59, vitalaus 882, whiskybarrel 500, innout 500, topwhiskies 500, abbey 500, reallygood 500, whiskymaniac 24, nickolls 100, whiskysite 48, lmdw 60, wio 500, dailyshot_cvs 3336, lotteon 29
2026-10-10 17:42:01    [ALERT] 즉시 알림(텔레그램) — 위스키 샵 알림 — ⭐0 · 🆕0 · 🔁1
2026-10-10 17:42:02  [TRK] 추적 보틀 5개
2026-10-10 17:42:03  [TRK]   데일리샷 페이지에 데이터 없음(2032B): <!DOCTYPE html>
<html lang="en">
<head>
    <meta charset="utf-8">
    <meta name="viewport" content="width=device-width
2026-10-10 17:42:04  [TRK] 완료 — 알림 0건, 이력 2행
2026-10-10 17:42:04  [TRK] [AUC] 감시 대상 8건 · 사이트 15곳
2026-10-10 17:42:13  [TRK] [AUC] 아드벡 하우스 리저브: 매치 1건
2026-10-10 17:42:18  [TRK] [AUC] 메이커스마크 구병(1990s 레드탑): 매치 10건
2026-10-10 17:42:24  [TRK] [AUC] 메이커스마크 골드탑(50.5% 수출용 더스티): 매치 3건
2026-10-10 17:42:29  [TRK] [AUC] 메이커스마크 블랙탑(47.5% 수출용 더스티): 매치 2건
2026-10-10 17:42:33  [TRK] [AUC] Glen Moray 1962 27 Year Old Vintage 750ml (43°): 매치 3건
2026-10-10 17:42:36  [TRK] [AUC] Lagavulin 12yo Fireside Tales Special Release 2024 700ml 57.4%: 매치 3건
2026-10-10 17:42:40  [TRK] [AUC] Laphroaig 1991 23 Year Old 700ml (52.6°): 매치 5건
2026-10-10 17:42:43  [TRK] [AUC] Laphroaig 1991 DeDr Whiskyland Chapter 23 700ml (48.3°): 매치 2건
2026-10-10 17:42:43  [TRK] [AUC] 변화 없음 (매치 29건)
2026-10-10 17:51:11    [MAIL] 허용 발신자 9통 확인, 새 세일 메일 즉시 0통 · 요약 0통
2026-10-10 17:52:10    [ERR] nickolls: JSON 아님: <html><head><link rel="icon" href="data:;"><meta http-equiv="refresh" content="0;/.well-known/sgcaptcha/?r=%2Fwp-json%2F
2026-10-10 17:52:10    [EVENT] 신규 0 · 재입고 0
2026-10-10 17:52:10  [OK] 폴링 완료 → 신규 0건, 세일 0건, 사이트 오류 1건 | 수집 rudder 436, mukawa 24, deinwhisky 61, shinanoya 59, vitalaus 882, whiskybarrel 500, innout 500, topwhiskies 500, abbey 500, reallygood 500, whiskymaniac 24, whiskysite 48, lmdw 60, wio 500, dailyshot_cvs 3336, lotteon 29
2026-10-10 17:52:11  [TRK] 추적 보틀 5개
2026-10-10 17:52:13  [TRK]   데일리샷 페이지에 데이터 없음(2032B): <!DOCTYPE html>
<html lang="en">
<head>
    <meta charset="utf-8">
    <meta name="viewport" content="width=device-width
2026-10-10 17:52:13  [TRK] 완료 — 알림 0건, 이력 2행
2026-10-10 17:52:14  [TRK] [AUC] 감시 대상 8건 · 사이트 15곳
2026-10-10 17:52:21  [TRK] [AUC] 야후옥션 검색 실패 'ハウスリザーブ': HTTPError HTTP Error 500: Internal Server Error
2026-10-10 17:52:22  [TRK] [AUC] 야후옥션 검색 실패 'Ardbeg': HTTPError HTTP Error 500: Internal Server Error
2026-10-10 17:52:22  [TRK] [AUC] 야후옥션 검색 실패 'アードベッグ': HTTPError HTTP Error 500: Internal Server Error
2026-10-10 17:52:22  [TRK] [AUC] 야후옥션 검색 실패 'アードベック': HTTPError HTTP Error 500: Internal Server Error
2026-10-10 17:52:22  [TRK] [AUC] 아드벡 하우스 리저브: 매치 1건
2026-10-10 17:52:29  [TRK] [AUC] 야후옥션 검색 실패 'メーカーズ マーク': HTTPError HTTP Error 500: Internal Server Error
2026-10-10 17:52:29  [TRK] [AUC] 야후옥션 검색 실패 'メーカーズマーク': HTTPError HTTP Error 500: Internal Server Error
2026-10-10 17:52:29  [TRK] [AUC] 메이커스마크 구병(1990s 레드탑): 매치 0건
2026-10-10 17:52:37  [TRK] [AUC] 야후옥션 검색 실패 'メーカーズマーク': HTTPError HTTP Error 500: Internal Server Error
2026-10-10 17:52:37  [TRK] [AUC] 야후옥션 검색 실패 'メーカーズ マーク': HTTPError HTTP Error 500: Internal Server Error
2026-10-10 17:52:37  [TRK] [AUC] 메이커스마크 골드탑(50.5% 수출용 더스티): 매치 0건
2026-10-10 17:52:44  [TRK] [AUC] 야후옥션 검색 실패 'メーカーズマーク': HTTPError HTTP Error 500: Internal Server Error
2026-10-10 17:52:44  [TRK] [AUC] 야후옥션 검색 실패 'メーカーズ マーク': HTTPError HTTP Error 500: Internal Server Error
2026-10-10 17:52:44  [TRK] [AUC] 메이커스마크 블랙탑(47.5% 수출용 더스티): 매치 0건
2026-10-10 17:52:51  [TRK] [AUC] 야후옥션 검색 실패 'グレンマレイ 1962': HTTPError HTTP Error 500: Internal Server Error
2026-10-10 17:52:57  [TRK] [AUC] Nickolls & Perks(영국) 검색 실패 'glen moray 1962': RuntimeError JSON 아님: <html><head><link rel="icon" href="data:;"><meta http-equiv="refresh" content="0;/.well-known/sgcaptcha/?r=%2Fwp-json%2F
2026-10-10 17:52:57  [TRK] [AUC] Glen Moray 1962 27 Year Old Vintage 750ml (43°): 매치 3건
2026-10-10 17:53:04  [TRK] [AUC] 야후옥션 검색 실패 'ラガヴーリン 12 2024': HTTPError HTTP Error 500: Internal Server Error
2026-10-10 17:53:11  [TRK] [AUC] Nickolls & Perks(영국) 검색 실패 'lagavulin 12 2024': RuntimeError JSON 아님: <html><head><link rel="icon" href="data:;"><meta http-equiv="refresh" content="0;/.well-known/sgcaptcha/?r=%2Fwp-json%2F
2026-10-10 17:53:11  [TRK] [AUC] Lagavulin 12yo Fireside Tales Special Release 2024 700ml 57.4%: 매치 2건
2026-10-10 17:53:18  [TRK] [AUC] 야후옥션 검색 실패 'ラフロイグ 1991': HTTPError HTTP Error 500: Internal Server Error
2026-10-10 17:53:24  [TRK] [AUC] Nickolls & Perks(영국) 검색 실패 'laphroaig 1991': RuntimeError JSON 아님: <html><head><link rel="icon" href="data:;"><meta http-equiv="refresh" content="0;/.well-known/sgcaptcha/?r=%2Fwp-json%2F
2026-10-10 17:53:24  [TRK] [AUC] Laphroaig 1991 23 Year Old 700ml (52.6°): 매치 5건
2026-10-10 17:53:31  [TRK] [AUC] 야후옥션 검색 실패 'ラフロイグ 1991 whiskyland': HTTPError HTTP Error 500: Internal Server Error
2026-10-10 17:53:36  [TRK] [AUC] Nickolls & Perks(영국) 검색 실패 'laphroaig 1991 whiskyland': RuntimeError JSON 아님: <html><head><link rel="icon" href="data:;"><meta http-equiv="refresh" content="0;/.well-known/sgcaptcha/?r=%2Fwp-json%2F
2026-10-10 17:53:36  [TRK] [AUC] Laphroaig 1991 DeDr Whiskyland Chapter 23 700ml (48.3°): 매치 2건
2026-10-10 17:53:36  [TRK] [AUC] 변화 없음 (매치 13건)
2026-10-10 18:02:07    [ERR] nickolls: JSON 아님: <html><head><link rel="icon" href="data:;"><meta http-equiv="refresh" content="0;/.well-known/sgcaptcha/?r=%2Fwp-json%2F
2026-10-10 18:02:07    [EVENT] 신규 0 · 재입고 0
2026-10-10 18:02:07  [OK] 폴링 완료 → 신규 0건, 세일 0건, 사이트 오류 1건 | 수집 rudder 436, mukawa 24, deinwhisky 61, shinanoya 59, vitalaus 882, whiskybarrel 500, innout 500, topwhiskies 500, abbey 500, reallygood 500, whiskymaniac 24, whiskysite 48, lmdw 60, wio 500, dailyshot_cvs 3336, lotteon 29
2026-10-10 18:02:08  [TRK] 추적 보틀 5개
2026-10-10 18:02:09  [TRK]   데일리샷 페이지에 데이터 없음(2032B): <!DOCTYPE html>
<html lang="en">
<head>
    <meta charset="utf-8">
    <meta name="viewport" content="width=device-width
2026-10-10 18:02:09  [TRK] 완료 — 알림 0건, 이력 2행
2026-10-10 18:02:10  [TRK] [AUC] 감시 대상 8건 · 사이트 15곳
2026-10-10 18:02:19  [TRK] [AUC] 아드벡 하우스 리저브: 매치 1건
2026-10-10 18:02:24  [TRK] [AUC] 메이커스마크 구병(1990s 레드탑): 매치 10건
2026-10-10 18:02:29  [TRK] [AUC] 메이커스마크 골드탑(50.5% 수출용 더스티): 매치 3건
2026-10-10 18:02:33  [TRK] [AUC] 메이커스마크 블랙탑(47.5% 수출용 더스티): 매치 2건
2026-10-10 18:02:46  [TRK] [AUC] Nickolls & Perks(영국) 검색 실패 'glen moray 1962': RuntimeError JSON 아님: <html><head><link rel="icon" href="data:;"><meta http-equiv="refresh" content="0;/.well-known/sgcaptcha/?r=%2Fwp-json%2F
2026-10-10 18:02:46  [TRK] [AUC] Glen Moray 1962 27 Year Old Vintage 750ml (43°): 매치 3건
2026-10-10 18:02:59  [TRK] [AUC] Nickolls & Perks(영국) 검색 실패 'lagavulin 12 2024': RuntimeError JSON 아님: <html><head><link rel="icon" href="data:;"><meta http-equiv="refresh" content="0;/.well-known/sgcaptcha/?r=%2Fwp-json%2F
2026-10-10 18:02:59  [TRK] [AUC] Lagavulin 12yo Fireside Tales Special Release 2024 700ml 57.4%: 매치 3건
2026-10-10 18:03:11  [TRK] [AUC] Nickolls & Perks(영국) 검색 실패 'laphroaig 1991': RuntimeError JSON 아님: <html><head><link rel="icon" href="data:;"><meta http-equiv="refresh" content="0;/.well-known/sgcaptcha/?r=%2Fwp-json%2F
2026-10-10 18:03:11  [TRK] [AUC] Laphroaig 1991 23 Year Old 700ml (52.6°): 매치 5건
2026-10-10 18:03:23  [TRK] [AUC] Nickolls & Perks(영국) 검색 실패 'laphroaig 1991 whiskyland': RuntimeError JSON 아님: <html><head><link rel="icon" href="data:;"><meta http-equiv="refresh" content="0;/.well-known/sgcaptcha/?r=%2Fwp-json%2F
2026-10-10 18:03:23  [TRK] [AUC] Laphroaig 1991 DeDr Whiskyland Chapter 23 700ml (48.3°): 매치 2건
2026-10-10 18:03:23  [TRK] [AUC] 변화 없음 (매치 29건)
2026-10-10 18:12:05    [ERR] nickolls: JSON 아님: <html><head><link rel="icon" href="data:;"><meta http-equiv="refresh" content="0;/.well-known/sgcaptcha/?r=%2Fwp-json%2F
2026-10-10 18:12:05    [EVENT] 신규 0 · 재입고 0
2026-10-10 18:12:05  [OK] 폴링 완료 → 신규 0건, 세일 0건, 사이트 오류 1건 | 수집 rudder 436, mukawa 24, deinwhisky 61, shinanoya 59, vitalaus 882, whiskybarrel 500, innout 500, topwhiskies 500, abbey 500, reallygood 500, whiskymaniac 24, whiskysite 48, lmdw 60, wio 500, dailyshot_cvs 3336, lotteon 29
2026-10-10 18:12:06  [TRK] 추적 보틀 5개
2026-10-10 18:12:07  [TRK]   데일리샷 페이지에 데이터 없음(2032B): <!DOCTYPE html>
<html lang="en">
<head>
    <meta charset="utf-8">
    <meta name="viewport" content="width=device-width
2026-10-10 18:12:09  [TRK] 완료 — 알림 0건, 이력 2행
2026-10-10 18:12:09  [TRK] [AUC] 감시 대상 8건 · 사이트 15곳
2026-10-10 18:12:20  [TRK] [AUC] 아드벡 하우스 리저브: 매치 1건
2026-10-10 18:12:27  [TRK] [AUC] 메이커스마크 구병(1990s 레드탑): 매치 10건
2026-10-10 18:12:32  [TRK] [AUC] 메이커스마크 골드탑(50.5% 수출용 더스티): 매치 3건
2026-10-10 18:12:38  [TRK] [AUC] 메이커스마크 블랙탑(47.5% 수출용 더스티): 매치 2건
2026-10-10 18:12:50  [TRK] [AUC] Nickolls & Perks(영국) 검색 실패 'glen moray 1962': RuntimeError JSON 아님: <html><head><link rel="icon" href="data:;"><meta http-equiv="refresh" content="0;/.well-known/sgcaptcha/?r=%2Fwp-json%2F
2026-10-10 18:12:50  [TRK] [AUC] Glen Moray 1962 27 Year Old Vintage 750ml (43°): 매치 3건
2026-10-10 18:13:02  [TRK] [AUC] Nickolls & Perks(영국) 검색 실패 'lagavulin 12 2024': RuntimeError JSON 아님: <html><head><link rel="icon" href="data:;"><meta http-equiv="refresh" content="0;/.well-known/sgcaptcha/?r=%2Fwp-json%2F
2026-10-10 18:13:02  [TRK] [AUC] Lagavulin 12yo Fireside Tales Special Release 2024 700ml 57.4%: 매치 3건
2026-10-10 18:13:15  [TRK] [AUC] Nickolls & Perks(영국) 검색 실패 'laphroaig 1991': RuntimeError JSON 아님: <html><head><link rel="icon" href="data:;"><meta http-equiv="refresh" content="0;/.well-known/sgcaptcha/?r=%2Fwp-json%2F
2026-10-10 18:13:15  [TRK] [AUC] Laphroaig 1991 23 Year Old 700ml (52.6°): 매치 5건
2026-10-10 18:13:26  [TRK] [AUC] Nickolls & Perks(영국) 검색 실패 'laphroaig 1991 whiskyland': RuntimeError JSON 아님: <html><head><link rel="icon" href="data:;"><meta http-equiv="refresh" content="0;/.well-known/sgcaptcha/?r=%2Fwp-json%2F
2026-10-10 18:13:26  [TRK] [AUC] Laphroaig 1991 DeDr Whiskyland Chapter 23 700ml (48.3°): 매치 2건
2026-10-10 18:13:26  [TRK] [AUC] 변화 없음 (매치 29건)
2026-10-10 18:21:52    [ERR] nickolls: JSON 아님: <html><head><link rel="icon" href="data:;"><meta http-equiv="refresh" content="0;/.well-known/sgcaptcha/?r=%2Fwp-json%2F
2026-10-10 18:21:52    [EVENT] 신규 0 · 재입고 0
2026-10-10 18:21:53  [OK] 폴링 완료 → 신규 0건, 세일 0건, 사이트 오류 1건 | 수집 rudder 436, mukawa 24, deinwhisky 61, shinanoya 59, vitalaus 882, whiskybarrel 500, innout 500, topwhiskies 500, abbey 500, reallygood 500, whiskymaniac 24, whiskysite 48, lmdw 60, wio 500, dailyshot_cvs 3336, lotteon 29
2026-10-10 18:21:54  [TRK] 추적 보틀 5개
2026-10-10 18:21:54  [TRK]   데일리샷 페이지에 데이터 없음(2032B): <!DOCTYPE html>
<html lang="en">
<head>
    <meta charset="utf-8">
    <meta name="viewport" content="width=device-width
2026-10-10 18:21:55  [TRK] 완료 — 알림 0건, 이력 2행
2026-10-10 18:21:55  [TRK] [AUC] 감시 대상 8건 · 사이트 15곳
2026-10-10 18:22:04  [TRK] [AUC] 아드벡 하우스 리저브: 매치 1건
2026-10-10 18:22:09  [TRK] [AUC] 메이커스마크 구병(1990s 레드탑): 매치 10건
2026-10-10 18:22:14  [TRK] [AUC] 메이커스마크 골드탑(50.5% 수출용 더스티): 매치 3건
2026-10-10 18:22:19  [TRK] [AUC] 메이커스마크 블랙탑(47.5% 수출용 더스티): 매치 2건
2026-10-10 18:22:31  [TRK] [AUC] Nickolls & Perks(영국) 검색 실패 'glen moray 1962': RuntimeError JSON 아님: <html><head><link rel="icon" href="data:;"><meta http-equiv="refresh" content="0;/.well-known/sgcaptcha/?r=%2Fwp-json%2F
2026-10-10 18:22:31  [TRK] [AUC] Glen Moray 1962 27 Year Old Vintage 750ml (43°): 매치 3건
2026-10-10 18:22:45  [TRK] [AUC] Nickolls & Perks(영국) 검색 실패 'lagavulin 12 2024': RuntimeError JSON 아님: <html><head><link rel="icon" href="data:;"><meta http-equiv="refresh" content="0;/.well-known/sgcaptcha/?r=%2Fwp-json%2F
2026-10-10 18:22:45  [TRK] [AUC] Lagavulin 12yo Fireside Tales Special Release 2024 700ml 57.4%: 매치 3건
2026-10-10 18:22:57  [TRK] [AUC] Nickolls & Perks(영국) 검색 실패 'laphroaig 1991': RuntimeError JSON 아님: <html><head><link rel="icon" href="data:;"><meta http-equiv="refresh" content="0;/.well-known/sgcaptcha/?r=%2Fwp-json%2F
2026-10-10 18:22:57  [TRK] [AUC] Laphroaig 1991 23 Year Old 700ml (52.6°): 매치 5건
2026-10-10 18:23:09  [TRK] [AUC] Nickolls & Perks(영국) 검색 실패 'laphroaig 1991 whiskyland': RuntimeError JSON 아님: <html><head><link rel="icon" href="data:;"><meta http-equiv="refresh" content="0;/.well-known/sgcaptcha/?r=%2Fwp-json%2F
2026-10-10 18:23:09  [TRK] [AUC] Laphroaig 1991 DeDr Whiskyland Chapter 23 700ml (48.3°): 매치 2건
2026-10-10 18:23:09  [TRK] [AUC] 변화 없음 (매치 29건)
2026-10-10 18:31:07    [MAIL] 허용 발신자 9통 확인, 새 세일 메일 즉시 0통 · 요약 0통
2026-10-10 18:32:07    [EVENT] 신규 0 · 재입고 0
2026-10-10 18:32:07  [OK] 폴링 완료 → 신규 0건, 세일 0건 | 수집 rudder 436, mukawa 24, deinwhisky 61, shinanoya 59, vitalaus 882, whiskybarrel 500, innout 500, topwhiskies 500, abbey 500, reallygood 500, whiskymaniac 24, nickolls 100, whiskysite 48, lmdw 60, wio 500, dailyshot_cvs 3336, lotteon 29
2026-10-10 18:32:08  [TRK] 추적 보틀 5개
2026-10-10 18:32:09  [TRK]   데일리샷 페이지에 데이터 없음(2032B): <!DOCTYPE html>
<html lang="en">
<head>
    <meta charset="utf-8">
    <meta name="viewport" content="width=device-width
2026-10-10 18:32:10  [TRK] 완료 — 알림 0건, 이력 2행
2026-10-10 18:32:10  [TRK] [AUC] 감시 대상 8건 · 사이트 15곳
2026-10-10 18:32:18  [TRK] [AUC] 야후옥션 검색 실패 'アードベッグ': HTTPError HTTP Error 500: Internal Server Error
2026-10-10 18:32:18  [TRK] [AUC] 야후옥션 검색 실패 'Ardbeg': HTTPError HTTP Error 500: Internal Server Error
2026-10-10 18:32:18  [TRK] [AUC] 야후옥션 검색 실패 'アードベック': HTTPError HTTP Error 500: Internal Server Error
2026-10-10 18:32:18  [TRK] [AUC] 야후옥션 검색 실패 'ハウスリザーブ': HTTPError HTTP Error 500: Internal Server Error
2026-10-10 18:32:18  [TRK] [AUC] 아드벡 하우스 리저브: 매치 1건
2026-10-10 18:32:26  [TRK] [AUC] 야후옥션 검색 실패 'メーカーズマーク': HTTPError HTTP Error 500: Internal Server Error
2026-10-10 18:32:26  [TRK] [AUC] 야후옥션 검색 실패 'メーカーズ マーク': HTTPError HTTP Error 500: Internal Server Error
2026-10-10 18:32:26  [TRK] [AUC] 메이커스마크 구병(1990s 레드탑): 매치 0건
2026-10-10 18:32:34  [TRK] [AUC] 야후옥션 검색 실패 'メーカーズ マーク': HTTPError HTTP Error 500: Internal Server Error
2026-10-10 18:32:34  [TRK] [AUC] 야후옥션 검색 실패 'メーカーズマーク': HTTPError HTTP Error 500: Internal Server Error
2026-10-10 18:32:34  [TRK] [AUC] 메이커스마크 골드탑(50.5% 수출용 더스티): 매치 0건
2026-10-10 18:32:42  [TRK] [AUC] 야후옥션 검색 실패 'メーカーズ マーク': HTTPError HTTP Error 500: Internal Server Error
2026-10-10 18:32:42  [TRK] [AUC] 야후옥션 검색 실패 'メーカーズマーク': HTTPError HTTP Error 500: Internal Server Error
2026-10-10 18:32:42  [TRK] [AUC] 메이커스마크 블랙탑(47.5% 수출용 더스티): 매치 0건
2026-10-10 18:32:49  [TRK] [AUC] 야후옥션 검색 실패 'グレンマレイ 1962': HTTPError HTTP Error 500: Internal Server Error
2026-10-10 18:32:49  [TRK] [AUC] Glen Moray 1962 27 Year Old Vintage 750ml (43°): 매치 3건
2026-10-10 18:32:57  [TRK] [AUC] 야후옥션 검색 실패 'ラガヴーリン 12 2024': HTTPError HTTP Error 500: Internal Server Error
2026-10-10 18:32:57  [TRK] [AUC] Lagavulin 12yo Fireside Tales Special Release 2024 700ml 57.4%: 매치 2건
2026-10-10 18:33:05  [TRK] [AUC] 야후옥션 검색 실패 'ラフロイグ 1991': HTTPError HTTP Error 500: Internal Server Error
2026-10-10 18:33:05  [TRK] [AUC] Laphroaig 1991 23 Year Old 700ml (52.6°): 매치 5건
2026-10-10 18:33:13  [TRK] [AUC] 야후옥션 검색 실패 'ラフロイグ 1991 whiskyland': HTTPError HTTP Error 500: Internal Server Error
2026-10-10 18:33:13  [TRK] [AUC] Laphroaig 1991 DeDr Whiskyland Chapter 23 700ml (48.3°): 매치 2건
2026-10-10 18:33:13  [TRK] [AUC] 변화 없음 (매치 13건)
2026-10-10 18:58:01    [EVENT] 신규 0 · 재입고 0 (정밀 스캔)
2026-10-10 18:58:01  [OK] 폴링 완료 → 신규 0건, 세일 0건 | 수집 rudder 436, mukawa 24, deinwhisky 61, shinanoya 59, vitalaus 882, whiskybarrel 8644, innout 1687, topwhiskies 1143, abbey 4879, reallygood 2794, whiskymaniac 24, nickolls 3719, whiskysite 48, lmdw 598, wio 2197, dailyshot_cvs 3336, lotteon 29
2026-10-10 18:58:02  [TRK] 추적 보틀 5개
2026-10-10 18:58:06  [TRK]   데일리샷 페이지에 데이터 없음(2032B): <!DOCTYPE html>
<html lang="en">
<head>
    <meta charset="utf-8">
    <meta name="viewport" content="width=device-width
2026-10-10 18:58:07  [TRK] 완료 — 알림 0건, 이력 2행
2026-10-10 18:58:08  [TRK] [AUC] 감시 대상 8건 · 사이트 15곳
2026-10-10 18:58:15  [TRK] [AUC] SWA(영국옥션) 검색 실패 'ardbeg house reserve': URLError <urlopen error [SSL: CERTIFICATE_VERIFY_FAILED] certificate verify failed: certificate has expired (_ssl.c:1010)>
2026-10-10 18:58:18  [TRK] [AUC] 아드벡 하우스 리저브: 매치 1건
2026-10-10 18:58:24  [TRK] [AUC] 메이커스마크 구병(1990s 레드탑): 매치 10건
2026-10-10 18:58:30  [TRK] [AUC] 메이커스마크 골드탑(50.5% 수출용 더스티): 매치 3건
2026-10-10 18:58:36  [TRK] [AUC] 메이커스마크 블랙탑(47.5% 수출용 더스티): 매치 1건
2026-10-10 18:58:44  [TRK] [AUC] SWA(영국옥션) 검색 실패 'glen moray 1962': URLError <urlopen error [SSL: CERTIFICATE_VERIFY_FAILED] certificate verify failed: certificate has expired (_ssl.c:1010)>
2026-10-10 18:58:44  [TRK] [AUC] Glen Moray 1962 27 Year Old Vintage 750ml (43°): 매치 3건
2026-10-10 18:58:56  [TRK] [AUC] SWA(영국옥션) 검색 실패 'lagavulin 12 2024': URLError <urlopen error [SSL: CERTIFICATE_VERIFY_FAILED] certificate verify failed: certificate has expired (_ssl.c:1010)>
2026-10-10 18:58:56  [TRK] [AUC] Lagavulin 12yo Fireside Tales Special Release 2024 700ml 57.4%: 매치 3건
2026-10-10 18:59:11  [TRK] [AUC] SWA(영국옥션) 검색 실패 'laphroaig 1991': URLError <urlopen error [SSL: CERTIFICATE_VERIFY_FAILED] certificate verify failed: certificate has expired (_ssl.c:1010)>
2026-10-10 18:59:11  [TRK] [AUC] Laphroaig 1991 23 Year Old 700ml (52.6°): 매치 5건
2026-10-10 18:59:23  [TRK] [AUC] SWA(영국옥션) 검색 실패 'laphroaig 1991 whiskyland': URLError <urlopen error [SSL: CERTIFICATE_VERIFY_FAILED] certificate verify failed: certificate has expired (_ssl.c:1010)>
2026-10-10 18:59:23  [TRK] [AUC] Laphroaig 1991 DeDr Whiskyland Chapter 23 700ml (48.3°): 매치 2건
2026-10-10 18:59:23  [TRK] [AUC] 변화 없음 (매치 28건)
2026-10-10 18:59:27  [TRK] [DIGEST] 샵 리포트 발송 — 신제품 5 · 재입고 7 · ⭐ 6 (위스키 외 3 제외)
2026-10-10 19:01:31    [MAIL] 허용 발신자 9통 확인, 새 세일 메일 즉시 0통 · 요약 0통
2026-10-10 19:02:30    [EVENT] 신규 0 · 재입고 0
2026-10-10 19:02:30  [OK] 폴링 완료 → 신규 0건, 세일 0건 | 수집 rudder 436, mukawa 24, deinwhisky 61, shinanoya 59, vitalaus 882, whiskybarrel 500, innout 500, topwhiskies 500, abbey 500, reallygood 500, whiskymaniac 24, nickolls 100, whiskysite 48, lmdw 60, wio 500, dailyshot_cvs 3336, lotteon 29
2026-10-10 19:02:32  [TRK] 추적 보틀 5개
2026-10-10 19:02:33  [TRK]   데일리샷 페이지에 데이터 없음(2032B): <!DOCTYPE html>
<html lang="en">
<head>
    <meta charset="utf-8">
    <meta name="viewport" content="width=device-width
2026-10-10 19:02:34  [TRK] 완료 — 알림 0건, 이력 2행
2026-10-10 19:02:34  [TRK] [AUC] 감시 대상 8건 · 사이트 15곳
2026-10-10 19:02:49  [TRK] [AUC] SWA(영국옥션) 검색 실패 'ardbeg house reserve': URLError <urlopen error [SSL: CERTIFICATE_VERIFY_FAILED] certificate verify failed: certificate has expired (_ssl.c:1010)>
2026-10-10 19:02:49  [TRK] [AUC] 아드벡 하우스 리저브: 매치 1건
2026-10-10 19:02:54  [TRK] [AUC] 메이커스마크 구병(1990s 레드탑): 매치 10건
2026-10-10 19:02:59  [TRK] [AUC] 메이커스마크 골드탑(50.5% 수출용 더스티): 매치 3건
2026-10-10 19:03:03  [TRK] [AUC] 메이커스마크 블랙탑(47.5% 수출용 더스티): 매치 2건
2026-10-10 19:03:09  [TRK] [AUC] Glen Moray 1962 27 Year Old Vintage 750ml (43°): 매치 3건
2026-10-10 19:03:32  [TRK] [AUC] SWA(영국옥션) 검색 실패 'lagavulin 12 2024': URLError <urlopen error [SSL: CERTIFICATE_VERIFY_FAILED] certificate verify failed: certificate has expired (_ssl.c:1010)>
2026-10-10 19:03:32  [TRK] [AUC] Lagavulin 12yo Fireside Tales Special Release 2024 700ml 57.4%: 매치 2건
2026-10-10 19:03:47  [TRK] [AUC] SWA(영국옥션) 검색 실패 'laphroaig 1991': URLError <urlopen error [SSL: CERTIFICATE_VERIFY_FAILED] certificate verify failed: certificate has expired (_ssl.c:1010)>
2026-10-10 19:03:47  [TRK] [AUC] Laphroaig 1991 23 Year Old 700ml (52.6°): 매치 5건
2026-10-10 19:04:00  [TRK] [AUC] SWA(영국옥션) 검색 실패 'laphroaig 1991 whiskyland': URLError <urlopen error [SSL: CERTIFICATE_VERIFY_FAILED] certificate verify failed: certificate has expired (_ssl.c:1010)>
2026-10-10 19:04:00  [TRK] [AUC] Laphroaig 1991 DeDr Whiskyland Chapter 23 700ml (48.3°): 매치 2건
2026-10-10 19:04:00  [TRK] [AUC] 변화 없음 (매치 28건)
2026-10-10 19:32:00    [EVENT] 신규 0 · 재입고 0
2026-10-10 19:32:00  [OK] 폴링 완료 → 신규 0건, 세일 0건 | 수집 rudder 436, mukawa 24, deinwhisky 61, shinanoya 59, vitalaus 882, whiskybarrel 500, innout 500, topwhiskies 500, abbey 500, reallygood 500, whiskymaniac 24, nickolls 100, whiskysite 48, lmdw 60, wio 500, dailyshot_cvs 3336, lotteon 29
2026-10-10 19:32:01  [TRK] 추적 보틀 5개
2026-10-10 19:32:02  [TRK]   데일리샷 페이지에 데이터 없음(2032B): <!DOCTYPE html>
<html lang="en">
<head>
    <meta charset="utf-8">
    <meta name="viewport" content="width=device-width
2026-10-10 19:32:03  [TRK] 완료 — 알림 0건, 이력 2행
2026-10-10 19:32:03  [TRK] [AUC] 감시 대상 8건 · 사이트 15곳
2026-10-10 19:32:16  [TRK] [AUC] 아드벡 하우스 리저브: 매치 1건
2026-10-10 19:32:21  [TRK] [AUC] 메이커스마크 구병(1990s 레드탑): 매치 10건
2026-10-10 19:32:26  [TRK] [AUC] 메이커스마크 골드탑(50.5% 수출용 더스티): 매치 3건
2026-10-10 19:32:31  [TRK] [AUC] 메이커스마크 블랙탑(47.5% 수출용 더스티): 매치 2건
2026-10-10 19:32:38  [TRK] [AUC] SWA(영국옥션) 검색 실패 'glen moray 1962': URLError <urlopen error [SSL: CERTIFICATE_VERIFY_FAILED] certificate verify failed: certificate has expired (_ssl.c:1010)>
2026-10-10 19:32:38  [TRK] [AUC] Glen Moray 1962 27 Year Old Vintage 750ml (43°): 매치 3건
2026-10-10 19:32:45  [TRK] [AUC] SWA(영국옥션) 검색 실패 'lagavulin 12 2024': URLError <urlopen error [SSL: CERTIFICATE_VERIFY_FAILED] certificate verify failed: certificate has expired (_ssl.c:1010)>
2026-10-10 19:32:45  [TRK] [AUC] Lagavulin 12yo Fireside Tales Special Release 2024 700ml 57.4%: 매치 3건
2026-10-10 19:32:56  [TRK] [AUC] SWA(영국옥션) 검색 실패 'laphroaig 1991': URLError <urlopen error [SSL: CERTIFICATE_VERIFY_FAILED] certificate verify failed: certificate has expired (_ssl.c:1010)>
2026-10-10 19:32:56  [TRK] [AUC] Laphroaig 1991 23 Year Old 700ml (52.6°): 매치 5건
2026-10-10 19:33:03  [TRK] [AUC] SWA(영국옥션) 검색 실패 'laphroaig 1991 whiskyland': URLError <urlopen error [SSL: CERTIFICATE_VERIFY_FAILED] certificate verify failed: certificate has expired (_ssl.c:1010)>
2026-10-10 19:33:03  [TRK] [AUC] Laphroaig 1991 DeDr Whiskyland Chapter 23 700ml (48.3°): 매치 2건
2026-10-10 19:33:03  [TRK] [AUC] 변화 없음 (매치 29건)
2026-10-10 20:01:29    [MAIL] 허용 발신자 9통 확인, 새 세일 메일 즉시 0통 · 요약 0통
2026-10-10 20:02:34    [ERR] nickolls: JSON 아님: <html><head><link rel="icon" href="data:;"><meta http-equiv="refresh" content="0;/.well-known/sgcaptcha/?r=%2Fwp-json%2F
2026-10-10 20:02:35    [EVENT] 신규 0 · 재입고 0
2026-10-10 20:02:35  [OK] 폴링 완료 → 신규 0건, 세일 0건, 사이트 오류 1건 | 수집 rudder 436, mukawa 24, deinwhisky 61, shinanoya 59, vitalaus 882, whiskybarrel 500, innout 500, topwhiskies 500, abbey 500, reallygood 500, whiskymaniac 24, whiskysite 48, lmdw 60, wio 500, dailyshot_cvs 3336, lotteon 29
2026-10-10 20:02:36  [TRK] 추적 보틀 5개
2026-10-10 20:02:37  [TRK]   데일리샷 페이지에 데이터 없음(2032B): <!DOCTYPE html>
<html lang="en">
<head>
    <meta charset="utf-8">
    <meta name="viewport" content="width=device-width
2026-10-10 20:02:38  [TRK] 완료 — 알림 0건, 이력 2행
2026-10-10 20:02:38  [TRK] [AUC] 감시 대상 8건 · 사이트 15곳
2026-10-10 20:02:53  [TRK] [AUC] SWA(영국옥션) 검색 실패 'ardbeg house reserve': URLError <urlopen error [SSL: CERTIFICATE_VERIFY_FAILED] certificate verify failed: certificate has expired (_ssl.c:1010)>
2026-10-10 20:02:53  [TRK] [AUC] 아드벡 하우스 리저브: 매치 1건
2026-10-10 20:02:55  [TRK] [AUC] 메이커스마크 구병(1990s 레드탑): 매치 0건
2026-10-10 20:03:01  [TRK] [AUC] 메이커스마크 골드탑(50.5% 수출용 더스티): 매치 3건
2026-10-10 20:03:08  [TRK] [AUC] 메이커스마크 블랙탑(47.5% 수출용 더스티): 매치 2건
2026-10-10 20:03:16  [TRK] [AUC] SWA(영국옥션) 검색 실패 'glen moray 1962': URLError <urlopen error [SSL: CERTIFICATE_VERIFY_FAILED] certificate verify failed: certificate has expired (_ssl.c:1010)>
2026-10-10 20:03:20  [TRK] [AUC] Nickolls & Perks(영국) 검색 실패 'glen moray 1962': RuntimeError JSON 아님: <html><head><link rel="icon" href="data:;"><meta http-equiv="refresh" content="0;/.well-known/sgcaptcha/?r=%2Fwp-json%2F
2026-10-10 20:03:20  [TRK] [AUC] Glen Moray 1962 27 Year Old Vintage 750ml (43°): 매치 3건
2026-10-10 20:03:30  [TRK] [AUC] SWA(영국옥션) 검색 실패 'lagavulin 12 2024': URLError <urlopen error [SSL: CERTIFICATE_VERIFY_FAILED] certificate verify failed: certificate has expired (_ssl.c:1010)>
2026-10-10 20:03:32  [TRK] [AUC] Nickolls & Perks(영국) 검색 실패 'lagavulin 12 2024': RuntimeError JSON 아님: <html><head><link rel="icon" href="data:;"><meta http-equiv="refresh" content="0;/.well-known/sgcaptcha/?r=%2Fwp-json%2F
2026-10-10 20:03:32  [TRK] [AUC] Lagavulin 12yo Fireside Tales Special Release 2024 700ml 57.4%: 매치 3건
2026-10-10 20:03:44  [TRK] [AUC] Nickolls & Perks(영국) 검색 실패 'laphroaig 1991': RuntimeError JSON 아님: <html><head><link rel="icon" href="data:;"><meta http-equiv="refresh" content="0;/.well-known/sgcaptcha/?r=%2Fwp-json%2F
2026-10-10 20:03:44  [TRK] [AUC] Laphroaig 1991 23 Year Old 700ml (52.6°): 매치 5건
2026-10-10 20:03:55  [TRK] [AUC] SWA(영국옥션) 검색 실패 'laphroaig 1991 whiskyland': URLError <urlopen error [SSL: CERTIFICATE_VERIFY_FAILED] certificate verify failed: certificate has expired (_ssl.c:1010)>
2026-10-10 20:03:56  [TRK] [AUC] Nickolls & Perks(영국) 검색 실패 'laphroaig 1991 whiskyland': RuntimeError JSON 아님: <html><head><link rel="icon" href="data:;"><meta http-equiv="refresh" content="0;/.well-known/sgcaptcha/?r=%2Fwp-json%2F
2026-10-10 20:03:56  [TRK] [AUC] Laphroaig 1991 DeDr Whiskyland Chapter 23 700ml (48.3°): 매치 2건
2026-10-10 20:03:56  [TRK] [AUC] 변화 없음 (매치 19건)
2026-10-10 20:32:00    [ERR] nickolls: JSON 아님: <html><head><link rel="icon" href="data:;"><meta http-equiv="refresh" content="0;/.well-known/sgcaptcha/?r=%2Fwp-json%2F
2026-10-10 20:32:00    [EVENT] 신규 0 · 재입고 0
2026-10-10 20:32:01  [OK] 폴링 완료 → 신규 0건, 세일 0건, 사이트 오류 1건 | 수집 rudder 436, mukawa 24, deinwhisky 61, shinanoya 59, vitalaus 882, whiskybarrel 500, innout 500, topwhiskies 500, abbey 500, reallygood 500, whiskymaniac 24, whiskysite 48, lmdw 60, wio 500, dailyshot_cvs 3336, lotteon 29
2026-10-10 20:32:02  [TRK] 추적 보틀 5개
2026-10-10 20:32:03  [TRK]   데일리샷 페이지에 데이터 없음(2032B): <!DOCTYPE html>
<html lang="en">
<head>
    <meta charset="utf-8">
    <meta name="viewport" content="width=device-width
2026-10-10 20:32:03  [TRK] 완료 — 알림 0건, 이력 2행
2026-10-10 20:32:04  [TRK] [AUC] 감시 대상 8건 · 사이트 15곳
2026-10-10 20:32:11  [TRK] [AUC] SWA(영국옥션) 검색 실패 'ardbeg house reserve': URLError <urlopen error [SSL: CERTIFICATE_VERIFY_FAILED] certificate verify failed: certificate has expired (_ssl.c:1010)>
2026-10-10 20:32:13  [TRK] [AUC] 아드벡 하우스 리저브: 매치 1건
2026-10-10 20:32:17  [TRK] [AUC] 메이커스마크 구병(1990s 레드탑): 매치 10건
2026-10-10 20:32:21  [TRK] [AUC] 메이커스마크 골드탑(50.5% 수출용 더스티): 매치 3건
2026-10-10 20:32:26  [TRK] [AUC] 메이커스마크 블랙탑(47.5% 수출용 더스티): 매치 2건
2026-10-10 20:32:35  [TRK] [AUC] SWA(영국옥션) 검색 실패 'glen moray 1962': URLError <urlopen error [SSL: CERTIFICATE_VERIFY_FAILED] certificate verify failed: certificate has expired (_ssl.c:1010)>
2026-10-10 20:32:39  [TRK] [AUC] Nickolls & Perks(영국) 검색 실패 'glen moray 1962': RuntimeError JSON 아님: <html><head><link rel="icon" href="data:;"><meta http-equiv="refresh" content="0;/.well-known/sgcaptcha/?r=%2Fwp-json%2F
2026-10-10 20:32:39  [TRK] [AUC] Glen Moray 1962 27 Year Old Vintage 750ml (43°): 매치 3건
2026-10-10 20:32:49  [TRK] [AUC] SWA(영국옥션) 검색 실패 'lagavulin 12 2024': URLError <urlopen error [SSL: CERTIFICATE_VERIFY_FAILED] certificate verify failed: certificate has expired (_ssl.c:1010)>
2026-10-10 20:32:52  [TRK] [AUC] Nickolls & Perks(영국) 검색 실패 'lagavulin 12 2024': RuntimeError JSON 아님: <html><head><link rel="icon" href="data:;"><meta http-equiv="refresh" content="0;/.well-known/sgcaptcha/?r=%2Fwp-json%2F
2026-10-10 20:32:52  [TRK] [AUC] Lagavulin 12yo Fireside Tales Special Release 2024 700ml 57.4%: 매치 2건
2026-10-10 20:33:05  [TRK] [AUC] Nickolls & Perks(영국) 검색 실패 'laphroaig 1991': RuntimeError JSON 아님: <html><head><link rel="icon" href="data:;"><meta http-equiv="refresh" content="0;/.well-known/sgcaptcha/?r=%2Fwp-json%2F
2026-10-10 20:33:06  [TRK] [AUC] SWA(영국옥션) 검색 실패 'laphroaig 1991': URLError <urlopen error [SSL: CERTIFICATE_VERIFY_FAILED] certificate verify failed: certificate has expired (_ssl.c:1010)>
2026-10-10 20:33:06  [TRK] [AUC] Laphroaig 1991 23 Year Old 700ml (52.6°): 매치 5건
2026-10-10 20:33:14  [TRK] [AUC] SWA(영국옥션) 검색 실패 'laphroaig 1991 whiskyland': URLError <urlopen error [SSL: CERTIFICATE_VERIFY_FAILED] certificate verify failed: certificate has expired (_ssl.c:1010)>
2026-10-10 20:33:18  [TRK] [AUC] Nickolls & Perks(영국) 검색 실패 'laphroaig 1991 whiskyland': RuntimeError JSON 아님: <html><head><link rel="icon" href="data:;"><meta http-equiv="refresh" content="0;/.well-known/sgcaptcha/?r=%2Fwp-json%2F
2026-10-10 20:33:18  [TRK] [AUC] Laphroaig 1991 DeDr Whiskyland Chapter 23 700ml (48.3°): 매치 2건
2026-10-10 20:33:18  [TRK] [AUC] 변화 없음 (매치 28건)
2026-10-10 21:01:06    [MAIL] 허용 발신자 10통 확인, 새 세일 메일 즉시 0통 · 요약 0통
2026-10-10 21:02:11    [EVENT] 신규 0 · 재입고 0
2026-10-10 21:02:11  [OK] 폴링 완료 → 신규 0건, 세일 0건 | 수집 rudder 436, mukawa 24, deinwhisky 61, shinanoya 59, vitalaus 882, whiskybarrel 500, innout 500, topwhiskies 500, abbey 500, reallygood 500, whiskymaniac 24, nickolls 100, whiskysite 48, lmdw 60, wio 500, dailyshot_cvs 3336, lotteon 29
2026-10-10 21:02:12  [TRK] 추적 보틀 5개
2026-10-10 21:02:13  [TRK]   데일리샷 페이지에 데이터 없음(2032B): <!DOCTYPE html>
<html lang="en">
<head>
    <meta charset="utf-8">
    <meta name="viewport" content="width=device-width
2026-10-10 21:02:13  [TRK] 완료 — 알림 0건, 이력 2행
2026-10-10 21:02:14  [TRK] [AUC] 감시 대상 8건 · 사이트 15곳
2026-10-10 21:02:27  [TRK] [AUC] 아드벡 하우스 리저브: 매치 1건
2026-10-10 21:02:32  [TRK] [AUC] 메이커스마크 구병(1990s 레드탑): 매치 10건
2026-10-10 21:02:38  [TRK] [AUC] 메이커스마크 골드탑(50.5% 수출용 더스티): 매치 3건
2026-10-10 21:02:43  [TRK] [AUC] 메이커스마크 블랙탑(47.5% 수출용 더스티): 매치 2건
2026-10-10 21:02:53  [TRK] [AUC] SWA(영국옥션) 검색 실패 'glen moray 1962': URLError <urlopen error [SSL: CERTIFICATE_VERIFY_FAILED] certificate verify failed: certificate has expired (_ssl.c:1010)>
2026-10-10 21:02:53  [TRK] [AUC] Glen Moray 1962 27 Year Old Vintage 750ml (43°): 매치 3건
2026-10-10 21:03:04  [TRK] [AUC] SWA(영국옥션) 검색 실패 'lagavulin 12 2024': URLError <urlopen error [SSL: CERTIFICATE_VERIFY_FAILED] certificate verify failed: certificate has expired (_ssl.c:1010)>
2026-10-10 21:03:04  [TRK] [AUC] Lagavulin 12yo Fireside Tales Special Release 2024 700ml 57.4%: 매치 3건
2026-10-10 21:03:19  [TRK] [AUC] SWA(영국옥션) 검색 실패 'laphroaig 1991': URLError <urlopen error [SSL: CERTIFICATE_VERIFY_FAILED] certificate verify failed: certificate has expired (_ssl.c:1010)>
2026-10-10 21:03:19  [TRK] [AUC] Laphroaig 1991 23 Year Old 700ml (52.6°): 매치 5건
2026-10-10 21:03:34  [TRK] [AUC] Laphroaig 1991 DeDr Whiskyland Chapter 23 700ml (48.3°): 매치 2건
2026-10-10 21:03:34  [TRK] [AUC] 변화 없음 (매치 29건)
2026-10-10 21:31:19    [MAIL] 허용 발신자 10통 확인, 새 세일 메일 즉시 0통 · 요약 0통
2026-10-10 21:32:13    [ERR] nickolls: JSON 아님: <html><head><link rel="icon" href="data:;"><meta http-equiv="refresh" content="0;/.well-known/sgcaptcha/?r=%2Fwp-json%2F
2026-10-10 21:32:14    [EVENT] 신규 0 · 재입고 0
2026-10-10 21:32:14  [OK] 폴링 완료 → 신규 0건, 세일 0건, 사이트 오류 1건 | 수집 rudder 436, mukawa 24, deinwhisky 61, shinanoya 59, vitalaus 882, whiskybarrel 500, innout 500, topwhiskies 500, abbey 500, reallygood 500, whiskymaniac 24, whiskysite 48, lmdw 60, wio 500, dailyshot_cvs 3336, lotteon 29
2026-10-10 21:32:15  [TRK] 추적 보틀 5개
2026-10-10 21:32:16  [TRK]   데일리샷 페이지에 데이터 없음(2032B): <!DOCTYPE html>
<html lang="en">
<head>
    <meta charset="utf-8">
    <meta name="viewport" content="width=device-width
2026-10-10 21:32:16  [TRK] 완료 — 알림 0건, 이력 2행
2026-10-10 21:32:17  [TRK] [AUC] 감시 대상 8건 · 사이트 15곳
2026-10-10 21:32:26  [TRK] [AUC] 아드벡 하우스 리저브: 매치 1건
2026-10-10 21:32:31  [TRK] [AUC] 메이커스마크 구병(1990s 레드탑): 매치 10건
2026-10-10 21:32:37  [TRK] [AUC] 메이커스마크 골드탑(50.5% 수출용 더스티): 매치 3건
2026-10-10 21:32:42  [TRK] [AUC] 메이커스마크 블랙탑(47.5% 수출용 더스티): 매치 2건
2026-10-10 21:32:54  [TRK] [AUC] Nickolls & Perks(영국) 검색 실패 'glen moray 1962': RuntimeError JSON 아님: <html><head><link rel="icon" href="data:;"><meta http-equiv="refresh" content="0;/.well-known/sgcaptcha/?r=%2Fwp-json%2F
2026-10-10 21:32:54  [TRK] [AUC] Glen Moray 1962 27 Year Old Vintage 750ml (43°): 매치 3건
2026-10-10 21:33:07  [TRK] [AUC] Nickolls & Perks(영국) 검색 실패 'lagavulin 12 2024': RuntimeError JSON 아님: <html><head><link rel="icon" href="data:;"><meta http-equiv="refresh" content="0;/.well-known/sgcaptcha/?r=%2Fwp-json%2F
2026-10-10 21:33:07  [TRK] [AUC] Lagavulin 12yo Fireside Tales Special Release 2024 700ml 57.4%: 매치 3건
2026-10-10 21:33:20  [TRK] [AUC] Nickolls & Perks(영국) 검색 실패 'laphroaig 1991': RuntimeError JSON 아님: <html><head><link rel="icon" href="data:;"><meta http-equiv="refresh" content="0;/.well-known/sgcaptcha/?r=%2Fwp-json%2F
2026-10-10 21:33:20  [TRK] [AUC] Laphroaig 1991 23 Year Old 700ml (52.6°): 매치 5건
2026-10-10 21:33:32  [TRK] [AUC] Nickolls & Perks(영국) 검색 실패 'laphroaig 1991 whiskyland': RuntimeError JSON 아님: <html><head><link rel="icon" href="data:;"><meta http-equiv="refresh" content="0;/.well-known/sgcaptcha/?r=%2Fwp-json%2F
2026-10-10 21:33:32  [TRK] [AUC] Laphroaig 1991 DeDr Whiskyland Chapter 23 700ml (48.3°): 매치 2건
2026-10-10 21:33:32  [TRK] [AUC] 변화 없음 (매치 29건)
2026-10-10 22:00:36    [EVENT] 신규 0 · 재입고 0
2026-10-10 22:00:36  [OK] 폴링 완료 → 신규 0건, 세일 0건 | 수집 rudder 436, mukawa 24, deinwhisky 61, shinanoya 59, vitalaus 882, whiskybarrel 500, innout 500, topwhiskies 500, abbey 500, reallygood 500, whiskymaniac 24, nickolls 100, whiskysite 48, lmdw 60, wio 500, dailyshot_cvs 3336, lotteon 29
2026-10-10 22:00:39  [TRK] 추적 보틀 5개
2026-10-10 22:00:40  [TRK]   데일리샷 페이지에 데이터 없음(2032B): <!DOCTYPE html>
<html lang="en">
<head>
    <meta charset="utf-8">
    <meta name="viewport" content="width=device-width
2026-10-10 22:00:41  [TRK] 완료 — 알림 0건, 이력 2행
2026-10-10 22:00:41  [TRK] [AUC] 감시 대상 8건 · 사이트 15곳
2026-10-10 22:00:50  [TRK] [AUC] 아드벡 하우스 리저브: 매치 1건
2026-10-10 22:00:54  [TRK] [AUC] 메이커스마크 구병(1990s 레드탑): 매치 10건
2026-10-10 22:00:59  [TRK] [AUC] 메이커스마크 골드탑(50.5% 수출용 더스티): 매치 3건
2026-10-10 22:01:03  [TRK] [AUC] 메이커스마크 블랙탑(47.5% 수출용 더스티): 매치 2건
2026-10-10 22:01:08  [TRK] [AUC] Glen Moray 1962 27 Year Old Vintage 750ml (43°): 매치 3건
2026-10-10 22:01:14  [TRK] [AUC] Lagavulin 12yo Fireside Tales Special Release 2024 700ml 57.4%: 매치 3건
2026-10-10 22:01:17  [TRK] [AUC] Laphroaig 1991 23 Year Old 700ml (52.6°): 매치 5건
2026-10-10 22:01:21  [TRK] [AUC] Laphroaig 1991 DeDr Whiskyland Chapter 23 700ml (48.3°): 매치 2건
2026-10-10 22:01:21  [TRK] [AUC] 변화 없음 (매치 29건)
2026-10-10 22:01:37    [MAIL] 허용 발신자 10통 확인, 새 세일 메일 즉시 0통 · 요약 0통
2026-10-10 22:02:42    [ERR] nickolls: JSON 아님: <html><head><link rel="icon" href="data:;"><meta http-equiv="refresh" content="0;/.well-known/sgcaptcha/?r=%2Fwp-json%2F
2026-10-10 22:02:42    [EVENT] 신규 0 · 재입고 0
2026-10-10 22:02:43  [OK] 폴링 완료 → 신규 0건, 세일 0건, 사이트 오류 1건 | 수집 rudder 436, mukawa 24, deinwhisky 61, shinanoya 59, vitalaus 882, whiskybarrel 500, innout 500, topwhiskies 500, abbey 500, reallygood 500, whiskymaniac 24, whiskysite 48, lmdw 60, wio 500, dailyshot_cvs 3336, lotteon 29
2026-10-10 22:02:44  [TRK] 추적 보틀 5개
2026-10-10 22:02:45  [TRK]   데일리샷 페이지에 데이터 없음(2032B): <!DOCTYPE html>
<html lang="en">
<head>
    <meta charset="utf-8">
    <meta name="viewport" content="width=device-width
2026-10-10 22:02:46  [TRK] 완료 — 알림 0건, 이력 2행
2026-10-10 22:02:46  [TRK] [AUC] 감시 대상 8건 · 사이트 15곳
2026-10-10 22:02:58  [TRK] [AUC] 아드벡 하우스 리저브: 매치 1건
2026-10-10 22:03:05  [TRK] [AUC] 메이커스마크 구병(1990s 레드탑): 매치 10건
2026-10-10 22:03:11  [TRK] [AUC] 메이커스마크 골드탑(50.5% 수출용 더스티): 매치 3건
2026-10-10 22:03:17  [TRK] [AUC] 메이커스마크 블랙탑(47.5% 수출용 더스티): 매치 2건
2026-10-10 22:03:29  [TRK] [AUC] Nickolls & Perks(영국) 검색 실패 'glen moray 1962': RuntimeError JSON 아님: <html><head><link rel="icon" href="data:;"><meta http-equiv="refresh" content="0;/.well-known/sgcaptcha/?r=%2Fwp-json%2F
2026-10-10 22:03:29  [TRK] [AUC] Glen Moray 1962 27 Year Old Vintage 750ml (43°): 매치 3건
2026-10-10 22:03:42  [TRK] [AUC] Nickolls & Perks(영국) 검색 실패 'lagavulin 12 2024': RuntimeError JSON 아님: <html><head><link rel="icon" href="data:;"><meta http-equiv="refresh" content="0;/.well-known/sgcaptcha/?r=%2Fwp-json%2F
2026-10-10 22:03:42  [TRK] [AUC] Lagavulin 12yo Fireside Tales Special Release 2024 700ml 57.4%: 매치 3건
2026-10-10 22:03:54  [TRK] [AUC] Nickolls & Perks(영국) 검색 실패 'laphroaig 1991': RuntimeError JSON 아님: <html><head><link rel="icon" href="data:;"><meta http-equiv="refresh" content="0;/.well-known/sgcaptcha/?r=%2Fwp-json%2F
2026-10-10 22:03:54  [TRK] [AUC] Laphroaig 1991 23 Year Old 700ml (52.6°): 매치 5건
2026-10-10 22:03:58  [TRK] [AUC] HTFW(영국) 검색 실패 'laphroaig 1991 whiskyland': HTTPError HTTP Error 429: Too Many Requests
2026-10-10 22:04:05  [TRK] [AUC] Nickolls & Perks(영국) 검색 실패 'laphroaig 1991 whiskyland': RuntimeError JSON 아님: <html><head><link rel="icon" href="data:;"><meta http-equiv="refresh" content="0;/.well-known/sgcaptcha/?r=%2Fwp-json%2F
2026-10-10 22:04:05  [TRK] [AUC] Laphroaig 1991 DeDr Whiskyland Chapter 23 700ml (48.3°): 매치 2건
2026-10-10 22:04:05  [TRK] [AUC] 변화 없음 (매치 29건)
2026-10-10 22:32:15    [EVENT] 신규 0 · 재입고 0
2026-10-10 22:32:15  [OK] 폴링 완료 → 신규 0건, 세일 0건 | 수집 rudder 436, mukawa 24, deinwhisky 61, shinanoya 59, vitalaus 882, whiskybarrel 500, innout 500, topwhiskies 500, abbey 500, reallygood 500, whiskymaniac 24, nickolls 100, whiskysite 48, lmdw 60, wio 500, dailyshot_cvs 3336, lotteon 29
2026-10-10 22:32:16  [TRK] 추적 보틀 5개
2026-10-10 22:32:17  [TRK]   데일리샷 페이지에 데이터 없음(2032B): <!DOCTYPE html>
<html lang="en">
<head>
    <meta charset="utf-8">
    <meta name="viewport" content="width=device-width
2026-10-10 22:32:18  [TRK] 완료 — 알림 0건, 이력 2행
2026-10-10 22:32:23  [TRK] [AUC] 감시 대상 8건 · 사이트 15곳
2026-10-10 22:32:30  [TRK] [AUC] 야후옥션 검색 실패 'Ardbeg': HTTPError HTTP Error 500: Internal Server Error
2026-10-10 22:32:30  [TRK] [AUC] 야후옥션 검색 실패 'ハウスリザーブ': HTTPError HTTP Error 500: Internal Server Error
2026-10-10 22:32:30  [TRK] [AUC] 야후옥션 검색 실패 'アードベッグ': HTTPError HTTP Error 500: Internal Server Error
2026-10-10 22:32:30  [TRK] [AUC] 야후옥션 검색 실패 'アードベック': HTTPError HTTP Error 500: Internal Server Error
2026-10-10 22:32:30  [TRK] [AUC] 아드벡 하우스 리저브: 매치 1건
2026-10-10 22:32:37  [TRK] [AUC] 야후옥션 검색 실패 'メーカーズ マーク': HTTPError HTTP Error 500: Internal Server Error
2026-10-10 22:32:37  [TRK] [AUC] 야후옥션 검색 실패 'メーカーズマーク': HTTPError HTTP Error 500: Internal Server Error
2026-10-10 22:32:37  [TRK] [AUC] 메이커스마크 구병(1990s 레드탑): 매치 0건
2026-10-10 22:32:45  [TRK] [AUC] 야후옥션 검색 실패 'メーカーズマーク': HTTPError HTTP Error 500: Internal Server Error
2026-10-10 22:32:45  [TRK] [AUC] 야후옥션 검색 실패 'メーカーズ マーク': HTTPError HTTP Error 500: Internal Server Error
2026-10-10 22:32:45  [TRK] [AUC] 메이커스마크 골드탑(50.5% 수출용 더스티): 매치 0건
2026-10-10 22:32:52  [TRK] [AUC] 야후옥션 검색 실패 'メーカーズ マーク': HTTPError HTTP Error 500: Internal Server Error
2026-10-10 22:32:52  [TRK] [AUC] 야후옥션 검색 실패 'メーカーズマーク': HTTPError HTTP Error 500: Internal Server Error
2026-10-10 22:32:52  [TRK] [AUC] 메이커스마크 블랙탑(47.5% 수출용 더스티): 매치 0건
2026-10-10 22:32:59  [TRK] [AUC] 야후옥션 검색 실패 'グレンマレイ 1962': HTTPError HTTP Error 500: Internal Server Error
2026-10-10 22:32:59  [TRK] [AUC] Glen Moray 1962 27 Year Old Vintage 750ml (43°): 매치 3건
2026-10-10 22:33:06  [TRK] [AUC] 야후옥션 검색 실패 'ラガヴーリン 12 2024': HTTPError HTTP Error 500: Internal Server Error
2026-10-10 22:33:06  [TRK] [AUC] Lagavulin 12yo Fireside Tales Special Release 2024 700ml 57.4%: 매치 2건
2026-10-10 22:33:13  [TRK] [AUC] 야후옥션 검색 실패 'ラフロイグ 1991': HTTPError HTTP Error 500: Internal Server Error
2026-10-10 22:33:13  [TRK] [AUC] Laphroaig 1991 23 Year Old 700ml (52.6°): 매치 5건
2026-10-10 22:33:21  [TRK] [AUC] 야후옥션 검색 실패 'ラフロイグ 1991 whiskyland': HTTPError HTTP Error 500: Internal Server Error
2026-10-10 22:33:21  [TRK] [AUC] Laphroaig 1991 DeDr Whiskyland Chapter 23 700ml (48.3°): 매치 2건
2026-10-10 22:33:21  [TRK] [AUC] 변화 없음 (매치 13건)
2026-10-10 23:01:28    [MAIL] 허용 발신자 10통 확인, 새 세일 메일 즉시 0통 · 요약 0통
2026-10-10 23:02:36    [ERR] nickolls: JSON 아님: <html><head><link rel="icon" href="data:;"><meta http-equiv="refresh" content="0;/.well-known/sgcaptcha/?r=%2Fwp-json%2F
2026-10-10 23:02:36    [EVENT] 신규 0 · 재입고 0
2026-10-10 23:02:36  [OK] 폴링 완료 → 신규 0건, 세일 0건, 사이트 오류 1건 | 수집 rudder 436, mukawa 24, deinwhisky 61, shinanoya 59, vitalaus 882, whiskybarrel 500, innout 500, topwhiskies 500, abbey 500, reallygood 500, whiskymaniac 24, whiskysite 48, lmdw 60, wio 500, dailyshot_cvs 3336, lotteon 29
2026-10-10 23:02:37  [TRK] 추적 보틀 5개
2026-10-10 23:02:38  [TRK]   데일리샷 페이지에 데이터 없음(2032B): <!DOCTYPE html>
<html lang="en">
<head>
    <meta charset="utf-8">
    <meta name="viewport" content="width=device-width
2026-10-10 23:02:39  [TRK] 완료 — 알림 0건, 이력 2행
2026-10-10 23:02:39  [TRK] [AUC] 감시 대상 8건 · 사이트 15곳
2026-10-10 23:02:51  [TRK] [AUC] 아드벡 하우스 리저브: 매치 1건
2026-10-10 23:02:57  [TRK] [AUC] 메이커스마크 구병(1990s 레드탑): 매치 10건
2026-10-10 23:03:03  [TRK] [AUC] 메이커스마크 골드탑(50.5% 수출용 더스티): 매치 2건
2026-10-10 23:03:10  [TRK] [AUC] 메이커스마크 블랙탑(47.5% 수출용 더스티): 매치 2건
2026-10-10 23:03:23  [TRK] [AUC] Nickolls & Perks(영국) 검색 실패 'glen moray 1962': RuntimeError JSON 아님: <html><head><link rel="icon" href="data:;"><meta http-equiv="refresh" content="0;/.well-known/sgcaptcha/?r=%2Fwp-json%2F
2026-10-10 23:03:23  [TRK] [AUC] Glen Moray 1962 27 Year Old Vintage 750ml (43°): 매치 3건
2026-10-10 23:03:35  [TRK] [AUC] Nickolls & Perks(영국) 검색 실패 'lagavulin 12 2024': RuntimeError JSON 아님: <html><head><link rel="icon" href="data:;"><meta http-equiv="refresh" content="0;/.well-known/sgcaptcha/?r=%2Fwp-json%2F
2026-10-10 23:03:35  [TRK] [AUC] Lagavulin 12yo Fireside Tales Special Release 2024 700ml 57.4%: 매치 3건
2026-10-10 23:03:48  [TRK] [AUC] Nickolls & Perks(영국) 검색 실패 'laphroaig 1991': RuntimeError JSON 아님: <html><head><link rel="icon" href="data:;"><meta http-equiv="refresh" content="0;/.well-known/sgcaptcha/?r=%2Fwp-json%2F
2026-10-10 23:03:48  [TRK] [AUC] Laphroaig 1991 23 Year Old 700ml (52.6°): 매치 5건
2026-10-10 23:03:59  [TRK] [AUC] Nickolls & Perks(영국) 검색 실패 'laphroaig 1991 whiskyland': RuntimeError JSON 아님: <html><head><link rel="icon" href="data:;"><meta http-equiv="refresh" content="0;/.well-known/sgcaptcha/?r=%2Fwp-json%2F
2026-10-10 23:03:59  [TRK] [AUC] Laphroaig 1991 DeDr Whiskyland Chapter 23 700ml (48.3°): 매치 2건
2026-10-10 23:03:59  [TRK] [AUC] 변화 없음 (매치 28건)
2026-10-10 23:32:18    [EVENT] 신규 0 · 재입고 0
2026-10-10 23:32:18  [OK] 폴링 완료 → 신규 0건, 세일 0건 | 수집 rudder 436, mukawa 24, deinwhisky 61, shinanoya 59, vitalaus 882, whiskybarrel 500, innout 500, topwhiskies 500, abbey 500, reallygood 500, whiskymaniac 24, nickolls 100, whiskysite 48, lmdw 60, wio 500, dailyshot_cvs 3336, lotteon 29
2026-10-10 23:32:23  [TRK] 추적 보틀 5개
2026-10-10 23:32:24  [TRK]   데일리샷 페이지에 데이터 없음(2032B): <!DOCTYPE html>
<html lang="en">
<head>
    <meta charset="utf-8">
    <meta name="viewport" content="width=device-width
2026-10-10 23:32:25  [TRK] 완료 — 알림 0건, 이력 2행
2026-10-10 23:32:25  [TRK] [AUC] 감시 대상 8건 · 사이트 15곳
2026-10-10 23:32:33  [TRK] [AUC] 야후옥션 검색 실패 'アードベッグ': HTTPError HTTP Error 500: Internal Server Error
2026-10-10 23:32:33  [TRK] [AUC] 야후옥션 검색 실패 'アードベック': HTTPError HTTP Error 500: Internal Server Error
2026-10-10 23:32:33  [TRK] [AUC] 야후옥션 검색 실패 'ハウスリザーブ': HTTPError HTTP Error 500: Internal Server Error
2026-10-10 23:32:33  [TRK] [AUC] 야후옥션 검색 실패 'Ardbeg': HTTPError HTTP Error 500: Internal Server Error
2026-10-10 23:32:33  [TRK] [AUC] 아드벡 하우스 리저브: 매치 1건
2026-10-10 23:32:41  [TRK] [AUC] 야후옥션 검색 실패 'メーカーズ マーク': HTTPError HTTP Error 500: Internal Server Error
2026-10-10 23:32:41  [TRK] [AUC] 야후옥션 검색 실패 'メーカーズマーク': HTTPError HTTP Error 500: Internal Server Error
2026-10-10 23:32:41  [TRK] [AUC] 메이커스마크 구병(1990s 레드탑): 매치 0건
2026-10-10 23:32:49  [TRK] [AUC] 야후옥션 검색 실패 'メーカーズ マーク': HTTPError HTTP Error 500: Internal Server Error
2026-10-10 23:32:49  [TRK] [AUC] 야후옥션 검색 실패 'メーカーズマーク': HTTPError HTTP Error 500: Internal Server Error
2026-10-10 23:32:49  [TRK] [AUC] 메이커스마크 골드탑(50.5% 수출용 더스티): 매치 0건
2026-10-10 23:32:56  [TRK] [AUC] 야후옥션 검색 실패 'メーカーズ マーク': HTTPError HTTP Error 500: Internal Server Error
2026-10-10 23:32:56  [TRK] [AUC] 야후옥션 검색 실패 'メーカーズマーク': HTTPError HTTP Error 500: Internal Server Error
2026-10-10 23:32:56  [TRK] [AUC] 메이커스마크 블랙탑(47.5% 수출용 더스티): 매치 0건
2026-10-10 23:33:03  [TRK] [AUC] 야후옥션 검색 실패 'グレンマレイ 1962': HTTPError HTTP Error 500: Internal Server Error
2026-10-10 23:33:03  [TRK] [AUC] Glen Moray 1962 27 Year Old Vintage 750ml (43°): 매치 3건
2026-10-10 23:33:11  [TRK] [AUC] 야후옥션 검색 실패 'ラガヴーリン 12 2024': HTTPError HTTP Error 500: Internal Server Error
2026-10-10 23:33:11  [TRK] [AUC] Lagavulin 12yo Fireside Tales Special Release 2024 700ml 57.4%: 매치 2건
2026-10-10 23:33:18  [TRK] [AUC] 야후옥션 검색 실패 'ラフロイグ 1991': HTTPError HTTP Error 500: Internal Server Error
2026-10-10 23:33:18  [TRK] [AUC] Laphroaig 1991 23 Year Old 700ml (52.6°): 매치 5건
2026-10-10 23:33:25  [TRK] [AUC] 야후옥션 검색 실패 'ラフロイグ 1991 whiskyland': HTTPError HTTP Error 500: Internal Server Error
2026-10-10 23:33:25  [TRK] [AUC] Laphroaig 1991 DeDr Whiskyland Chapter 23 700ml (48.3°): 매치 2건
2026-10-10 23:33:25  [TRK] [AUC] 변화 없음 (매치 13건)
2026-10-11 00:11:07    [MAIL] 허용 발신자 11통 확인, 새 세일 메일 즉시 0통 · 요약 0통
2026-10-11 00:12:15    [EVENT] 신규 0 · 재입고 0
2026-10-11 00:12:15  [OK] 폴링 완료 → 신규 0건, 세일 0건 | 수집 rudder 436, mukawa 24, deinwhisky 61, shinanoya 59, vitalaus 882, whiskybarrel 500, innout 500, topwhiskies 500, abbey 500, reallygood 500, whiskymaniac 24, nickolls 100, whiskysite 48, lmdw 60, wio 500, dailyshot_cvs 3336, lotteon 29
2026-10-11 00:12:16  [TRK] 추적 보틀 5개
2026-10-11 00:12:17  [TRK]   데일리샷 페이지에 데이터 없음(2032B): <!DOCTYPE html>
<html lang="en">
<head>
    <meta charset="utf-8">
    <meta name="viewport" content="width=device-width
2026-10-11 00:12:18  [TRK] 완료 — 알림 0건, 이력 2행
2026-10-11 00:12:19  [TRK] [AUC] 감시 대상 8건 · 사이트 15곳
2026-10-11 00:12:31  [TRK] [AUC] 아드벡 하우스 리저브: 매치 1건
2026-10-11 00:12:37  [TRK] [AUC] 메이커스마크 구병(1990s 레드탑): 매치 10건
2026-10-11 00:12:46  [TRK] [AUC] 메이커스마크 골드탑(50.5% 수출용 더스티): 매치 2건
2026-10-11 00:12:52  [TRK] [AUC] 메이커스마크 블랙탑(47.5% 수출용 더스티): 매치 2건
2026-10-11 00:12:57  [TRK] [AUC] Glen Moray 1962 27 Year Old Vintage 750ml (43°): 매치 3건
2026-10-11 00:13:00  [TRK] [AUC] Lagavulin 12yo Fireside Tales Special Release 2024 700ml 57.4%: 매치 3건
2026-10-11 00:13:04  [TRK] [AUC] Laphroaig 1991 23 Year Old 700ml (52.6°): 매치 5건
2026-10-11 00:13:06  [TRK] [AUC] Laphroaig 1991 DeDr Whiskyland Chapter 23 700ml (48.3°): 매치 2건
2026-10-11 00:13:06  [TRK] [AUC] 변화 없음 (매치 28건)
2026-10-11 02:11:11    [MAIL] 허용 발신자 11통 확인, 새 세일 메일 즉시 0통 · 요약 0통
2026-10-11 02:12:15    [EVENT] 신규 0 · 재입고 1
2026-10-11 02:12:15  [OK] 폴링 완료 → 신규 0건, 세일 0건 | 수집 rudder 436, mukawa 24, deinwhisky 61, shinanoya 59, vitalaus 882, whiskybarrel 500, innout 500, topwhiskies 500, abbey 500, reallygood 500, whiskymaniac 24, nickolls 100, whiskysite 48, lmdw 60, wio 500, dailyshot_cvs 3336, lotteon 29
2026-10-11 02:12:16  [TRK] 추적 보틀 5개
2026-10-11 02:12:18  [TRK]   데일리샷 페이지에 데이터 없음(2032B): <!DOCTYPE html>
<html lang="en">
<head>
    <meta charset="utf-8">
    <meta name="viewport" content="width=device-width
2026-10-11 02:12:19  [TRK] 완료 — 알림 0건, 이력 2행
2026-10-11 02:12:19  [TRK] [AUC] 감시 대상 8건 · 사이트 15곳
2026-10-11 02:12:29  [TRK] [AUC] 아드벡 하우스 리저브: 매치 1건
2026-10-11 02:12:35  [TRK] [AUC] 메이커스마크 구병(1990s 레드탑): 매치 10건
2026-10-11 02:12:40  [TRK] [AUC] 메이커스마크 골드탑(50.5% 수출용 더스티): 매치 2건
2026-10-11 02:12:46  [TRK] [AUC] 메이커스마크 블랙탑(47.5% 수출용 더스티): 매치 2건
2026-10-11 02:12:50  [TRK] [AUC] Glen Moray 1962 27 Year Old Vintage 750ml (43°): 매치 3건
2026-10-11 02:12:54  [TRK] [AUC] Lagavulin 12yo Fireside Tales Special Release 2024 700ml 57.4%: 매치 3건
2026-10-11 02:12:58  [TRK] [AUC] Laphroaig 1991 23 Year Old 700ml (52.6°): 매치 5건
2026-10-11 02:13:03  [TRK] [AUC] Laphroaig 1991 DeDr Whiskyland Chapter 23 700ml (48.3°): 매치 2건
2026-10-11 02:13:03  [TRK] [AUC] 변화 없음 (매치 28건)
2026-10-11 04:11:17    [MAIL] 허용 발신자 11통 확인, 새 세일 메일 즉시 0통 · 요약 0통
2026-10-11 04:12:15    [ERR] nickolls: JSON 아님: <html><head><link rel="icon" href="data:;"><meta http-equiv="refresh" content="0;/.well-known/sgcaptcha/?r=%2Fwp-json%2F
2026-10-11 04:12:15    [EVENT] 신규 22 · 재입고 9
2026-10-11 04:12:15  [OK] 폴링 완료 → 신규 2건, 세일 0건, 사이트 오류 1건 | 수집 rudder 436, mukawa 24, deinwhisky 61, shinanoya 59, vitalaus 882, whiskybarrel 500, innout 500, topwhiskies 500, abbey 500, reallygood 500, whiskymaniac 24, whiskysite 48, lmdw 60, wio 500, dailyshot_cvs 3336, lotteon 29
2026-10-11 04:12:17    [ALERT] 즉시 알림(텔레그램) — 위스키 샵 알림 — ⭐2 · 🆕19 · 🔁9
2026-10-11 04:12:18  [TRK] 추적 보틀 5개
2026-10-11 04:12:19  [TRK]   데일리샷 페이지에 데이터 없음(2032B): <!DOCTYPE html>
<html lang="en">
<head>
    <meta charset="utf-8">
    <meta name="viewport" content="width=device-width
2026-10-11 04:12:20  [TRK] 완료 — 알림 0건, 이력 2행
2026-10-11 04:12:20  [TRK] [AUC] 감시 대상 8건 · 사이트 15곳
2026-10-11 04:12:29  [TRK] [AUC] 아드벡 하우스 리저브: 매치 1건
2026-10-11 04:12:34  [TRK] [AUC] 메이커스마크 구병(1990s 레드탑): 매치 10건
2026-10-11 04:12:39  [TRK] [AUC] 메이커스마크 골드탑(50.5% 수출용 더스티): 매치 2건
2026-10-11 04:12:44  [TRK] [AUC] 메이커스마크 블랙탑(47.5% 수출용 더스티): 매치 2건
2026-10-11 04:12:57  [TRK] [AUC] Nickolls & Perks(영국) 검색 실패 'glen moray 1962': RuntimeError JSON 아님: <html><head><link rel="icon" href="data:;"><meta http-equiv="refresh" content="0;/.well-known/sgcaptcha/?r=%2Fwp-json%2F
2026-10-11 04:12:57  [TRK] [AUC] Glen Moray 1962 27 Year Old Vintage 750ml (43°): 매치 3건
2026-10-11 04:13:09  [TRK] [AUC] Nickolls & Perks(영국) 검색 실패 'lagavulin 12 2024': RuntimeError JSON 아님: <html><head><link rel="icon" href="data:;"><meta http-equiv="refresh" content="0;/.well-known/sgcaptcha/?r=%2Fwp-json%2F
2026-10-11 04:13:09  [TRK] [AUC] Lagavulin 12yo Fireside Tales Special Release 2024 700ml 57.4%: 매치 2건
2026-10-11 04:13:23  [TRK] [AUC] Nickolls & Perks(영국) 검색 실패 'laphroaig 1991': RuntimeError JSON 아님: <html><head><link rel="icon" href="data:;"><meta http-equiv="refresh" content="0;/.well-known/sgcaptcha/?r=%2Fwp-json%2F
2026-10-11 04:13:23  [TRK] [AUC] Laphroaig 1991 23 Year Old 700ml (52.6°): 매치 5건
2026-10-11 04:13:35  [TRK] [AUC] Nickolls & Perks(영국) 검색 실패 'laphroaig 1991 whiskyland': RuntimeError JSON 아님: <html><head><link rel="icon" href="data:;"><meta http-equiv="refresh" content="0;/.well-known/sgcaptcha/?r=%2Fwp-json%2F
2026-10-11 04:13:35  [TRK] [AUC] Laphroaig 1991 DeDr Whiskyland Chapter 23 700ml (48.3°): 매치 2건
2026-10-11 04:13:35  [TRK] [AUC] 변화 없음 (매치 27건)
2026-10-11 06:11:07    [MAIL] 허용 발신자 11통 확인, 새 세일 메일 즉시 0통 · 요약 0통
2026-10-11 06:12:10    [EVENT] 신규 0 · 재입고 0
2026-10-11 06:12:10  [OK] 폴링 완료 → 신규 0건, 세일 0건 | 수집 rudder 436, mukawa 24, deinwhisky 61, shinanoya 59, vitalaus 882, whiskybarrel 500, innout 500, topwhiskies 500, abbey 500, reallygood 500, whiskymaniac 24, nickolls 100, whiskysite 48, lmdw 60, wio 500, dailyshot_cvs 3336, lotteon 29
2026-10-11 06:12:11  [TRK] 추적 보틀 5개
2026-10-11 06:12:12  [TRK]   데일리샷 페이지에 데이터 없음(2032B): <!DOCTYPE html>
<html lang="en">
<head>
    <meta charset="utf-8">
    <meta name="viewport" content="width=device-width
2026-10-11 06:12:13  [TRK] 완료 — 알림 0건, 이력 2행
2026-10-11 06:12:13  [TRK] [AUC] 감시 대상 8건 · 사이트 15곳
2026-10-11 06:12:25  [TRK] [AUC] 아드벡 하우스 리저브: 매치 1건
2026-10-11 06:12:31  [TRK] [AUC] 메이커스마크 구병(1990s 레드탑): 매치 10건
2026-10-11 06:12:38  [TRK] [AUC] 메이커스마크 골드탑(50.5% 수출용 더스티): 매치 2건
2026-10-11 06:12:44  [TRK] [AUC] 메이커스마크 블랙탑(47.5% 수출용 더스티): 매치 2건
2026-10-11 06:12:57  [TRK] [AUC] Nickolls & Perks(영국) 검색 실패 'glen moray 1962': RuntimeError JSON 아님: <html><head><link rel="icon" href="data:;"><meta http-equiv="refresh" content="0;/.well-known/sgcaptcha/?r=%2Fwp-json%2F
2026-10-11 06:12:57  [TRK] [AUC] Glen Moray 1962 27 Year Old Vintage 750ml (43°): 매치 3건
2026-10-11 06:13:09  [TRK] [AUC] Nickolls & Perks(영국) 검색 실패 'lagavulin 12 2024': RuntimeError JSON 아님: <html><head><link rel="icon" href="data:;"><meta http-equiv="refresh" content="0;/.well-known/sgcaptcha/?r=%2Fwp-json%2F
2026-10-11 06:13:09  [TRK] [AUC] Lagavulin 12yo Fireside Tales Special Release 2024 700ml 57.4%: 매치 2건
2026-10-11 06:13:21  [TRK] [AUC] Nickolls & Perks(영국) 검색 실패 'laphroaig 1991': RuntimeError JSON 아님: <html><head><link rel="icon" href="data:;"><meta http-equiv="refresh" content="0;/.well-known/sgcaptcha/?r=%2Fwp-json%2F
2026-10-11 06:13:21  [TRK] [AUC] Laphroaig 1991 23 Year Old 700ml (52.6°): 매치 5건
2026-10-11 06:13:33  [TRK] [AUC] Nickolls & Perks(영국) 검색 실패 'laphroaig 1991 whiskyland': RuntimeError JSON 아님: <html><head><link rel="icon" href="data:;"><meta http-equiv="refresh" content="0;/.well-known/sgcaptcha/?r=%2Fwp-json%2F
2026-10-11 06:13:33  [TRK] [AUC] Laphroaig 1991 DeDr Whiskyland Chapter 23 700ml (48.3°): 매치 2건
2026-10-11 06:13:33  [TRK] [AUC] 변화 없음 (매치 27건)
2026-10-11 06:57:44    [MAIL] 허용 발신자 11통 확인, 새 세일 메일 즉시 0통 · 요약 0통
2026-10-11 06:58:50    [EVENT] 신규 0 · 재입고 0
2026-10-11 06:58:50  [OK] 폴링 완료 → 신규 0건, 세일 0건 | 수집 rudder 436, mukawa 24, deinwhisky 61, shinanoya 59, vitalaus 882, whiskybarrel 500, innout 500, topwhiskies 500, abbey 500, reallygood 500, whiskymaniac 24, nickolls 100, whiskysite 48, lmdw 60, wio 500, dailyshot_cvs 3336, lotteon 29
2026-10-11 06:58:51  [TRK] 추적 보틀 5개
2026-10-11 06:58:52  [TRK]   데일리샷 페이지에 데이터 없음(2032B): <!DOCTYPE html>
<html lang="en">
<head>
    <meta charset="utf-8">
    <meta name="viewport" content="width=device-width
2026-10-11 06:58:53  [TRK] 완료 — 알림 0건, 이력 2행
2026-10-11 06:58:53  [TRK] [AUC] 감시 대상 8건 · 사이트 15곳
2026-10-11 06:59:04  [TRK] [AUC] 아드벡 하우스 리저브: 매치 1건
2026-10-11 06:59:11  [TRK] [AUC] 메이커스마크 구병(1990s 레드탑): 매치 10건
2026-10-11 06:59:16  [TRK] [AUC] 메이커스마크 골드탑(50.5% 수출용 더스티): 매치 2건
2026-10-11 06:59:22  [TRK] [AUC] 메이커스마크 블랙탑(47.5% 수출용 더스티): 매치 2건
2026-10-11 06:59:26  [TRK] [AUC] Glen Moray 1962 27 Year Old Vintage 750ml (43°): 매치 3건
2026-10-11 06:59:30  [TRK] [AUC] Lagavulin 12yo Fireside Tales Special Release 2024 700ml 57.4%: 매치 3건
2026-10-11 06:59:33  [TRK] [AUC] Laphroaig 1991 23 Year Old 700ml (52.6°): 매치 5건
2026-10-11 06:59:36  [TRK] [AUC] Laphroaig 1991 DeDr Whiskyland Chapter 23 700ml (48.3°): 매치 2건
2026-10-11 06:59:36  [TRK] [AUC] 변화 없음 (매치 28건)
2026-10-11 07:56:01    [MAIL] 허용 발신자 11통 확인, 새 세일 메일 즉시 0통 · 요약 0통
2026-10-11 07:58:31    [EVENT] 신규 0 · 재입고 1 (정밀 스캔)
2026-10-11 07:58:31  [OK] 폴링 완료 → 신규 0건, 세일 0건 | 수집 rudder 436, mukawa 24, deinwhisky 61, shinanoya 59, vitalaus 882, whiskybarrel 8644, innout 1687, topwhiskies 1143, abbey 4879, reallygood 2795, whiskymaniac 24, nickolls 3792, whiskysite 48, lmdw 598, wio 2197, dailyshot_cvs 3336, lotteon 29
2026-10-11 07:58:32  [TRK] 추적 보틀 5개
2026-10-11 07:58:35  [TRK]   데일리샷 페이지에 데이터 없음(2032B): <!DOCTYPE html>
<html lang="en">
<head>
    <meta charset="utf-8">
    <meta name="viewport" content="width=device-width
2026-10-11 07:58:36  [TRK] 완료 — 알림 0건, 이력 2행
2026-10-11 07:58:36  [TRK] [AUC] 감시 대상 8건 · 사이트 15곳
2026-10-11 07:58:45  [TRK] [AUC] 아드벡 하우스 리저브: 매치 1건
2026-10-11 07:58:50  [TRK] [AUC] 메이커스마크 구병(1990s 레드탑): 매치 10건
2026-10-11 07:58:55  [TRK] [AUC] 메이커스마크 골드탑(50.5% 수출용 더스티): 매치 2건
2026-10-11 07:59:00  [TRK] [AUC] 메이커스마크 블랙탑(47.5% 수출용 더스티): 매치 2건
2026-10-11 07:59:03  [TRK] [AUC] Glen Moray 1962 27 Year Old Vintage 750ml (43°): 매치 3건
2026-10-11 07:59:07  [TRK] [AUC] Lagavulin 12yo Fireside Tales Special Release 2024 700ml 57.4%: 매치 3건
2026-10-11 07:59:11  [TRK] [AUC] Laphroaig 1991 23 Year Old 700ml (52.6°): 매치 5건
2026-10-11 07:59:11  [TRK] [AUC] Top Whiskies(영국) 검색 실패 'laphroaig 1991 whiskyland': HTTPError HTTP Error 429: Too Many Requests
2026-10-11 07:59:11  [TRK] [AUC] The Whisky Barrel(영국) 검색 실패 'laphroaig 1991 whiskyland': HTTPError HTTP Error 429: Too Many Requests
2026-10-11 07:59:11  [TRK] [AUC] WIO(영국리테일) 검색 실패 'laphroaig 1991 whiskyland': HTTPError HTTP Error 429: Too Many Requests
2026-10-11 07:59:12  [TRK] [AUC] Inn-Out(독일) 검색 실패 'laphroaig 1991 whiskyland': HTTPError HTTP Error 429: Too Many Requests
2026-10-11 07:59:12  [TRK] [AUC] Abbey Whisky(영국) 검색 실패 'laphroaig 1991 whiskyland': HTTPError HTTP Error 429: Too Many Requests
2026-10-11 07:59:12  [TRK] [AUC] Really Good Whisky(영국) 검색 실패 'laphroaig 1991 whiskyland': HTTPError HTTP Error 429: Too Many Requests
2026-10-11 07:59:15  [TRK] [AUC] Laphroaig 1991 DeDr Whiskyland Chapter 23 700ml (48.3°): 매치 1건
2026-10-11 07:59:15  [TRK] [AUC] 변화 없음 (매치 27건)
2026-10-11 07:59:18  [TRK] [DIGEST] 샵 리포트 발송 — 신제품 21 · 재입고 10 · ⭐ 4 (위스키 외 2 제외)
2026-10-11 08:02:03    [EVENT] 신규 0 · 재입고 0
2026-10-11 08:02:03  [OK] 폴링 완료 → 신규 0건, 세일 0건 | 수집 rudder 436, mukawa 24, deinwhisky 61, shinanoya 59, vitalaus 882, whiskybarrel 500, innout 500, topwhiskies 500, abbey 500, reallygood 500, whiskymaniac 24, nickolls 100, whiskysite 48, lmdw 60, wio 500, dailyshot_cvs 3336, lotteon 29
2026-10-11 08:02:04  [TRK] 추적 보틀 5개
2026-10-11 08:02:06  [TRK]   데일리샷 페이지에 데이터 없음(2032B): <!DOCTYPE html>
<html lang="en">
<head>
    <meta charset="utf-8">
    <meta name="viewport" content="width=device-width
2026-10-11 08:02:06  [TRK] 완료 — 알림 0건, 이력 2행
2026-10-11 08:02:07  [TRK] [AUC] 감시 대상 8건 · 사이트 15곳
2026-10-11 08:02:19  [TRK] [AUC] 아드벡 하우스 리저브: 매치 1건
2026-10-11 08:02:24  [TRK] [AUC] 메이커스마크 구병(1990s 레드탑): 매치 10건
2026-10-11 08:02:30  [TRK] [AUC] 메이커스마크 골드탑(50.5% 수출용 더스티): 매치 2건
2026-10-11 08:02:35  [TRK] [AUC] 메이커스마크 블랙탑(47.5% 수출용 더스티): 매치 2건
2026-10-11 08:02:39  [TRK] [AUC] Glen Moray 1962 27 Year Old Vintage 750ml (43°): 매치 3건
2026-10-11 08:02:44  [TRK] [AUC] Lagavulin 12yo Fireside Tales Special Release 2024 700ml 57.4%: 매치 2건
2026-10-11 08:02:49  [TRK] [AUC] Laphroaig 1991 23 Year Old 700ml (52.6°): 매치 5건
2026-10-11 08:02:52  [TRK] [AUC] Laphroaig 1991 DeDr Whiskyland Chapter 23 700ml (48.3°): 매치 2건
2026-10-11 08:02:52  [TRK] [AUC] 변화 없음 (매치 27건)
2026-10-11 08:31:10    [MAIL] 허용 발신자 11통 확인, 새 세일 메일 즉시 0통 · 요약 0통
2026-10-11 08:32:16    [EVENT] 신규 0 · 재입고 0
2026-10-11 08:32:16  [OK] 폴링 완료 → 신규 0건, 세일 0건 | 수집 rudder 436, mukawa 24, deinwhisky 61, shinanoya 59, vitalaus 882, whiskybarrel 500, innout 500, topwhiskies 500, abbey 500, reallygood 500, whiskymaniac 24, nickolls 100, whiskysite 48, lmdw 60, wio 500, dailyshot_cvs 3336, lotteon 29
2026-10-11 08:32:18  [TRK] 추적 보틀 5개
2026-10-11 08:32:19  [TRK]   데일리샷 페이지에 데이터 없음(2032B): <!DOCTYPE html>
<html lang="en">
<head>
    <meta charset="utf-8">
    <meta name="viewport" content="width=device-width
2026-10-11 08:32:19  [TRK] 완료 — 알림 0건, 이력 2행
2026-10-11 08:32:20  [TRK] [AUC] 감시 대상 8건 · 사이트 15곳
2026-10-11 08:32:29  [TRK] [AUC] 아드벡 하우스 리저브: 매치 1건
2026-10-11 08:32:35  [TRK] [AUC] 메이커스마크 구병(1990s 레드탑): 매치 10건
2026-10-11 08:32:39  [TRK] [AUC] 메이커스마크 골드탑(50.5% 수출용 더스티): 매치 2건
2026-10-11 08:32:44  [TRK] [AUC] 메이커스마크 블랙탑(47.5% 수출용 더스티): 매치 2건
2026-10-11 08:32:48  [TRK] [AUC] Glen Moray 1962 27 Year Old Vintage 750ml (43°): 매치 3건
2026-10-11 08:32:52  [TRK] [AUC] Lagavulin 12yo Fireside Tales Special Release 2024 700ml 57.4%: 매치 3건
2026-10-11 08:32:57  [TRK] [AUC] Laphroaig 1991 23 Year Old 700ml (52.6°): 매치 5건
2026-10-11 08:33:00  [TRK] [AUC] Laphroaig 1991 DeDr Whiskyland Chapter 23 700ml (48.3°): 매치 2건
2026-10-11 08:33:00  [TRK] [AUC] 변화 없음 (매치 28건)
